sourceTaxonPathIds,sourceTaxonPathNames,sourceTaxonPathRankNames,sourceTaxonPhylumId,sourceTaxonPhylumName,sourceTaxonRank,sourceTaxonSpeciesId,sourceTaxonSpeciesName,resolvedBeeNames,notes
NA,Animalia | Arthropoda | Insecta | Hymenoptera | Apoidea | Megachilidae | Afranthidium | Afranthidium braunsi,kingdom | phylum | class | order | superfamily | family | genus | species,NA,Arthropoda,species,NA,Afranthidium braunsi,Pseudoanthidium braunsi,
NA,Animalia | Arthropoda | Insecta | Hymenoptera | Apoidea | Megachilidae | Afranthidium | Afranthidium junodi,kingdom | phylum | class | order | superfamily | family | genus | species,NA,Arthropoda,species,NA,Afranthidium junodi,Pseudoanthidium junodi,
NA,Animalia | Arthropoda | Insecta | Hymenoptera | Megachilidae | Afranthidium | Afranthidium karooense,kingdom | phylum | class | order | family | genus | species,NA,Arthropoda,species,NA,Afranthidium karooense,Afranthidium karrooense,
NA,Animalia | Arthropoda | Insecta | Hymenoptera | Apoidea | Megachilidae | Afranthidium | Afranthidium minutulum,kingdom | phylum | class | order | superfamily | family | genus | species,NA,Arthropoda,species,NA,Afranthidium minutulum,Pseudoanthidium minutulum,
NA,Animalia | Arthropoda | Insecta | Hymenoptera | Apoidea | Megachilidae | Afranthidium | Afranthidium sjoestedti,kingdom | phylum | class | order | superfamily | family | genus | species,NA,Arthropoda,species,NA,Afranthidium sjoestedti,Pseudoanthidium sjoestedti,
NA,Animalia | Arthropoda | Insecta | Hymenoptera | Apoidea | Megachilidae | Afroheriades | Afroheriades larvatus,kingdom | phylum | class | order | superfamily | family | genus | species,NA,Arthropoda,species,NA,Afroheriades larvatus,Afroheriades larvata,
NA,Hymenoptera | Halictidae | Agapostemon | Agapostemon angelicus/texanus,order | family | genus | species,NA,NA,NA,NA,Agapostemon angelicus/texanus,Agapostemon texanus,
NA,Biota | Animalia | Arthropoda | Hexapoda | Insecta | Hymenoptera | Andrenidae | Andrena | Andrena (Andrena) lapponica,| kingdom | phylum | subphylum | class | order | family | genus | species,NA,Arthropoda,species,NA,Andrena (Andrena) lapponica,Andrena lapponica,
NA,Biota | Animalia | Arthropoda | Hexapoda | Insecta | Hymenoptera | Andrenidae | Andrena | Andrena (Cnemidandrena) fuscipes,| kingdom | phylum | subphylum | class | order | family | genus | species,NA,Arthropoda,species,NA,Andrena (Cnemidandrena) fuscipes,Andrena fuscipes,
NA,Biota | Animalia | Arthropoda | Hexapoda | Insecta | Hymenoptera | Andrenidae | Andrena | Andrena (Leucandrena) argentata,| kingdom | phylum | subphylum | class | order | family | genus | species,NA,Arthropoda,species,NA,Andrena (Leucandrena) argentata,Andrena argentata,
NA,Biota | Animalia | Arthropoda | Hexapoda | Insecta | Hymenoptera | Andrenidae | Andrena | Andrena (Margandrena) marginata,| kingdom | phylum | subphylum | class | order | family | genus | species,NA,Arthropoda,species,NA,Andrena (Margandrena) marginata,Andrena marginata,
NA,Biota | Animalia | Arthropoda | Hexapoda | Insecta | Hymenoptera | Andrenidae | Andrena | Andrena (Poliandrena) florea,| kingdom | phylum | subphylum | class | order | family | genus | species,NA,Arthropoda,species,NA,Andrena (Poliandrena) florea,Andrena florea,
NA,Hymenoptera | Andrenidae | Andrena | Andrena sp.,order | family | genus | species,NA,NA,NA,NA,Andrena sp.,,skip
NA,Animalia | Arthropoda | Insecta | Hymenoptera | Megachilidae | Anthidiellum | Anthidiellum spilotum,kingdom | phylum | class | order | family | genus | species,NA,Arthropoda,species,NA,Anthidiellum spilotum,Anthidiellum apicatum,
NA,Hymenoptera | Apidae | Anthophorula | Anthophorula sp.,order | family | genus | species,NA,NA,NA,NA,Anthophorula sp.,,skip
NA,Hymenoptera | Megachilidae | Ashmeadiella | Ashmeadiella gilletei,order | family | genus | species,NA,NA,NA,NA,Ashmeadiella gilletei,Ashmeadiella gillettei,
NA,Animalia | Arthropoda | Insecta | Hymenoptera | Halictidae | Augochlora | Augochlora semiramis,kingdom | phylum | class | order | family | genus | species,NA,Arthropoda,species,NA,Augochlora semiramis,Augochlora semiramis,
NA,Cellular organisms | Eukaryota | Opisthokonta | Metazoa | Eumetazoa | Bilateria | Protostomia | Ecdysozoa | Panarthropoda | Arthropoda | Mandibulata | Pancrustacea | Hexapoda | Insecta | Dicondylia | Pterygota | Neoptera | Endopterygota | Hymenoptera | Apocrita | Aculeata | Apoidea | Halictidae | Halictinae | Augochlorini | Augochlorella | Augochlorella striata,| | | kingdom | | | | | | phylum | | | superclass | class | | | subclass | infraclass | order | | suborder | superfamily | family | subfamily | tribe | genus | species,NA,Arthropoda,species,NA,Augochlorella striata,Augochlorella striata,unconfirmed
NA,Biota | Animalia | Arthropoda | Hexapoda | Insecta | Hymenoptera | Apidae | Bombus | Bombus (Thoracobombus) pascuorum,| kingdom | phylum | subphylum | class | order | family | genus | species,NA,Arthropoda,species,NA,Bombus (Thoracobombus) pascuorum,Bombus pascuorum,
NA,Animalia | Arthropoda | Insecta | Hymenoptera | Apidae | Bombus | Bombus atratus,kingdom | phylum | class | order | family | genus | species,NA,Arthropoda,species,NA,Bombus atratus,Bombus pauloensis,
NA,Animalia | Arthropoda | Insecta | Hymenoptera | Apoidea | Apidae | Bombus | Bombus pleuralis,kingdom | phylum | class | order | superfamily | family | genus | species,NA,Arthropoda,species,NA,Bombus pleuralis,Bombus flavifrons,
NA,Animalia | Arthropoda | Insecta | Hymenoptera | Apoidea | Apidae | Braunsapis | Braunsapis langenburgensis,kingdom | phylum | class | order | superfamily | family | genus | species,NA,Arthropoda,species,NA,Braunsapis langenburgensis,Braunsapis langenburgensis,unconfirmed
NA,Animalia | Arthropoda | Insecta | Hymenoptera | Apoidea | Melittidae | Capicola | Capicola aliceae,kingdom | phylum | class | order | superfamily | family | genus | species,NA,Arthropoda,species,NA,Capicola aliceae,Capicola aliceae,unconfirmed
NA,Animalia | Arthropoda | Insecta | Hymenoptera | Apidae | Ceratina | Ceratina calcarata or dupla,kingdom | phylum | class | order | family | genus | species,NA,Arthropoda,NA,NA,Ceratina calcarata or dupla,,skip
NA,Hymenoptera | Apidae | Ceratina | Ceratina calcarata/dupla,order | family | genus | species,NA,NA,NA,NA,Ceratina calcarata/dupla,,skip
NA,Insecta | Hymenoptera | Apidae | Chalepogenus | Chalepogenus herbst,class | order | family | genus | species,NA,NA,species,NA,Chalepogenus herbst,Chalepogenus herbsti,
NA,Life | Cellular Organisms | Eukaryota | Opisthokonta | Metazoa | Bilateria | Protostomia | Ecdysozoa | Panarthropoda | Arthropoda | Pancrustacea | Hexapoda | Insecta | Pterygota | Neoptera | Endopterygota | Hymenoptera | Apocrita | Aculeata | Apoidea | Anthophila | Megachilidae | Coelioxys | Coelioxys afra,| | domain | | kingdom | | | | | phylum | | subphylum | class | | | | order | | suborder | superfamily | | family | genus | species,NA,Arthropoda,species,NA,Coelioxys afra,Coelioxys afra,
NA,Animalia | Arthropoda | Insecta | Hymenoptera | Apoidea | Megachilidae | Coelioxys | Coelioxys alternata,kingdom | phylum | class | order | superfamily | family | genus | species,NA,Arthropoda,species,NA,Coelioxys alternata,Coelioxys alternatus,
NA,Animalia | Arthropoda | Insecta | Hymenoptera | Apoidea | Megachilidae | Coelioxys | Coelioxys conoidea,kingdom | phylum | class | order | superfamily | family | genus | species,NA,Arthropoda,species,NA,Coelioxys conoidea,Coelioxys conoideus,
NA,Animalia | Arthropoda | Insecta | Hymenoptera | Apoidea | Megachilidae | Coelioxys | Coelioxys elongata,kingdom | phylum | class | order | superfamily | family | genus | species,NA,Arthropoda,species,NA,Coelioxys elongata,Coelioxys elongatus,
NA,Animalia | Arthropoda | Insecta | Hymenoptera | Megachilidae | Coelioxys | Coelioxys foveolata,kingdom | phylum | class | order | family | genus | species,NA,Arthropoda,species,NA,Coelioxys foveolata,Coelioxys foveolatus,
NA,Animalia | Arthropoda | Insecta | Hymenoptera | Apoidea | Megachilidae | Coelioxys | Coelioxys funeraria,kingdom | phylum | class | order | superfamily | family | genus | species,NA,Arthropoda,species,NA,Coelioxys funeraria,Coelioxys funerarius,
NA,Animalia | Bilateria | Protostomia | Ecdysozoa | Arthropoda | Hexapoda | Insecta | Pterygota | Neoptera | Holometabola | Hymenoptera | Apocrita | Aculeata | Apoidea | Megachilidae | Megachilinae | Megachilini | Coelioxys | Coelioxys germana,kingdom | subkingdom | infrakingdom | superphylum | phylum | subphylum | class | subclass | infraclass | superorder | order | suborder | infraorder | superfamily | family | subfamily | tribe | genus | species,NA,Arthropoda,species,NA,Coelioxys germana,Coelioxys germanus,
NA,Animalia | Arthropoda | Insecta | Hymenoptera | Apoidea | Megachilidae | Coelioxys | Coelioxys germana,kingdom | phylum | class | order | superfamily | family | genus | species,NA,Arthropoda,species,NA,Coelioxys germana,Coelioxys germanus,
NA,Animalia | Bilateria | Protostomia | Ecdysozoa | Arthropoda | Hexapoda | Insecta | Pterygota | Neoptera | Holometabola | Hymenoptera | Apocrita | Aculeata | Apoidea | Megachilidae | Megachilinae | Megachilini | Coelioxys | Coelioxys immaculata,kingdom | subkingdom | infrakingdom | superphylum | phylum | subphylum | class | subclass | infraclass | superorder | order | suborder | infraorder | superfamily | family | subfamily | tribe | genus | species,NA,Arthropoda,species,NA,Coelioxys immaculata,Coelioxys immaculatus,
NA,Animalia | Bilateria | Protostomia | Ecdysozoa | Arthropoda | Hexapoda | Insecta | Pterygota | Neoptera | Holometabola | Hymenoptera | Apocrita | Aculeata | Apoidea | Megachilidae | Megachilinae | Megachilini | Coelioxys | Coelioxys mexicana,kingdom | subkingdom | infrakingdom | superphylum | phylum | subphylum | class | subclass | infraclass | superorder | order | suborder | infraorder | superfamily | family | subfamily | tribe | genus | species,NA,Arthropoda,species,NA,Coelioxys mexicana,Coelioxys mexicanus,
NA,Animalia | Bilateria | Protostomia | Ecdysozoa | Arthropoda | Hexapoda | Insecta | Pterygota | Neoptera | Holometabola | Hymenoptera | Apocrita | Aculeata | Apoidea | Megachilidae | Megachilinae | Megachilini | Coelioxys | Coelioxys modesta,kingdom | subkingdom | infrakingdom | superphylum | phylum | subphylum | class | subclass | infraclass | superorder | order | suborder | infraorder | superfamily | family | subfamily | tribe | genus | species,NA,Arthropoda,species,NA,Coelioxys modesta,Coelioxys modestus,
NA,Animalia | Arthropoda | Insecta | Hymenoptera | Apoidea | Megachilidae | Coelioxys | Coelioxys modesta,kingdom | phylum | class | order | superfamily | family | genus | species,NA,Arthropoda,species,NA,Coelioxys modesta,Coelioxys modestus,
NA,Animalia | Bilateria | Protostomia | Ecdysozoa | Arthropoda | Hexapoda | Insecta | Pterygota | Neoptera | Holometabola | Hymenoptera | Apocrita | Aculeata | Apoidea | Megachilidae | Megachilinae | Megachilini | Coelioxys | Coelioxys moesta,kingdom | subkingdom | infrakingdom | superphylum | phylum | subphylum | class | subclass | infraclass | superorder | order | suborder | infraorder | superfamily | family | subfamily | tribe | genus | species,NA,Arthropoda,species,NA,Coelioxys moesta,Coelioxys moestus,
NA,Animalia | Arthropoda | Insecta | Hymenoptera | Apoidea | Megachilidae | Coelioxys | Coelioxys moesta,kingdom | phylum | class | order | superfamily | family | genus | species,NA,Arthropoda,species,NA,Coelioxys moesta,Coelioxys moestus,
NA,Animalia | Arthropoda | Insecta | Hymenoptera | Apoidea | Megachilidae | Coelioxys | Coelioxys quadridentata,kingdom | phylum | class | order | superfamily | family | genus | species,NA,Arthropoda,species,NA,Coelioxys quadridentata,Coelioxys conicus,
NA,Hymenoptera | Megachilidae | Coelioxys | Coelioxys sp.,order | family | genus | species,NA,NA,NA,NA,Coelioxys sp.,,skip
NA,Biota | Animalia | Arthropoda | Hexapoda | Insecta | Hymenoptera | Colletidae | Colletes | Colletes (Colletes) halophilus,| kingdom | phylum | subphylum | class | order | family | genus | species,NA,Arthropoda,species,NA,Colletes (Colletes) halophilus,Colletes halophilus,
NA,Biota | Animalia | Arthropoda | Hexapoda | Insecta | Hymenoptera | Colletidae | Colletes | Colletes (Colletes) hederae,| kingdom | phylum | subphylum | class | order | family | genus | species,NA,Arthropoda,species,NA,Colletes (Colletes) hederae,Colletes hederae,
NA,Biota | Animalia | Arthropoda | Hexapoda | Insecta | Hymenoptera | Colletidae | Colletes | Colletes (Colletes) succinctus,| kingdom | phylum | subphylum | class | order | family | genus | species,NA,Arthropoda,species,NA,Colletes (Colletes) succinctus,Colletes succinctus,
NA,Animalia | Arthropoda | Insecta | Hymenoptera | Apoidea | Colletidae | Colletes | Colletes araucariae,kingdom | phylum | class | order | superfamily | family | genus | species,NA,Arthropoda,species,NA,Colletes araucariae,Colletes araucariae,unconfirmed
NA,Hymenoptera | Colletidae | Colletes | Colletes sp.,order | family | genus | species,NA,NA,NA,NA,Colletes sp.,,skip
NA,Animalia | Arthropoda | Insecta | Hymenoptera | Apidae | Compsomelissa | Compsomelissa acaciae,kingdom | phylum | class | order | family | genus | species,NA,Arthropoda,species,NA,Compsomelissa acaciae,Compsomelissa acaciae,
NA,Animalia | Arthropoda | Insecta | Hymenoptera | Apidae | Compsomelissa | Compsomelissa angustula,kingdom | phylum | class | order | family | genus | species,NA,Arthropoda,species,NA,Compsomelissa angustula,Compsomelissa angustula,
NA,Animalia | Arthropoda | Insecta | Hymenoptera | Apidae | Compsomelissa | Compsomelissa ankaratrensis,kingdom | phylum | class | order | family | genus | species,NA,Arthropoda,species,NA,Compsomelissa ankaratrensis,Compsomelissa ankaratrensis,
NA,Animalia | Arthropoda | Insecta | Hymenoptera | Apidae | Compsomelissa | Compsomelissa benoisti,kingdom | phylum | class | order | family | genus | species,NA,Arthropoda,species,NA,Compsomelissa benoisti,Compsomelissa benoisti,
NA,Animalia | Arthropoda | Insecta | Hymenoptera | Apidae | Compsomelissa | Compsomelissa curtipilosa,kingdom | phylum | class | order | family | genus | species,NA,Arthropoda,species,NA,Compsomelissa curtipilosa,Compsomelissa curtipilosa,
NA,Animalia | Arthropoda | Insecta | Hymenoptera | Apidae | Compsomelissa | Compsomelissa didyensis,kingdom | phylum | class | order | family | genus | species,NA,Arthropoda,species,NA,Compsomelissa didyensis,Compsomelissa didyensis,
NA,Animalia | Arthropoda | Insecta | Hymenoptera | Apidae | Compsomelissa | Compsomelissa pentagonalis,kingdom | phylum | class | order | family | genus | species,NA,Arthropoda,species,NA,Compsomelissa pentagonalis,Compsomelissa pentagonalis,
NA,Animalia | Arthropoda | Insecta | Hymenoptera | Apidae | Compsomelissa | Compsomelissa rufa,kingdom | phylum | class | order | family | genus | species,NA,Arthropoda,species,NA,Compsomelissa rufa,Compsomelissa rufa,
NA,Animalia | Arthropoda | Insecta | Hymenoptera | Apidae | Compsomelissa | Compsomelissa seyrigi,kingdom | phylum | class | order | family | genus | species,NA,Arthropoda,species,NA,Compsomelissa seyrigi,Compsomelissa seyrigi,
NA,Animalia | Arthropoda | Insecta | Hymenoptera | Apidae | Compsomelissa | Compsomelissa spatulata,kingdom | phylum | class | order | family | genus | species,NA,Arthropoda,species,NA,Compsomelissa spatulata,Compsomelissa spatulata,
NA,Animalia | Arthropoda | Insecta | Hymenoptera | Apidae | Compsomelissa | Compsomelissa spinipennis,kingdom | phylum | class | order | family | genus | species,NA,Arthropoda,species,NA,Compsomelissa spinipennis,Compsomelissa spinipennis,
NA,Animalia | Arthropoda | Insecta | Hymenoptera | Apoidea | Halictidae | Corynura | Corynura chloris,kingdom | phylum | class | order | superfamily | family | genus | species,NA,Arthropoda,species,NA,Corynura chloris,Corynura chloris,
NA,Insecta | Hymenoptera | Halictidae | Corynura | Corynura scitulus,class | order | family | genus | species,NA,NA,species,NA,Corynura scitulus,Corynura scitulus,unconfirmed
NA,Hymenoptera | Halictidae | Dufourea | Dufourea sp.,order | family | genus | species,NA,NA,NA,NA,Dufourea sp.,,skip
NA,Animalia | Arthropoda | Insecta | Hymenoptera | Apoidea | Megachilidae | Epanthidium | Epanthidium inerme,kingdom | phylum | class | order | superfamily | family | genus | species,NA,Arthropoda,species,NA,Epanthidium inerme,Epanthidium inerme,unconfirmed
NA,Hymenoptera | Apidae | Epeolus | Epeolus sp.,order | family | genus | species,NA,NA,NA,NA,Epeolus sp.,,skip
NA,Apidae | Eucera | Eucera primaveris,family | genus | species,NA,NA,NA,NA,Eucera primaveris,Eucera primiveris,
NA,Animalia | Arthropoda | Hexapoda | Insecta | Pterygota | Hymenoptera | Apocrita | Aculeata | Apoidea | Anthophila | Apidae | Apinae | Euglossini | Eufriesea | Eufriesea coerulescens,kingdom | phylum | subphylum | class | subclass | order | suborder | infraorder | superfamily | epifamily | family | subfamily | tribe | genus | species,NA,Arthropoda,species,NA,Eufriesea coerulescens,Eufriesea caerulescens,
NA,Animalia | Arthropoda | Insecta | Hymenoptera | Apoidea | Megachilidae | Fidelia | Fidelia hessei,kingdom | phylum | class | order | superfamily | family | genus | species,NA,Arthropoda,species,NA,Fidelia hessei,Fidelia hessei,unconfirmed
NA,Animalia | Arthropoda | Insecta | Hymenoptera | Melittidae | Haplomelitta | Haplomelitta griseonigra,kingdom | phylum | class | order | family | genus | species,NA,Arthropoda,species,NA,Haplomelitta griseonigra,Samba griseonigra,
NA,Animalia | Arthropoda | Insecta | Hymenoptera | Melittidae | Haplomelitta | Haplomelitta ogilviei,kingdom | phylum | class | order | family | genus | species,NA,Arthropoda,species,NA,Haplomelitta ogilviei,Samba ogilviei,
NA,Panarthropoda | Arthropoda | Mandibulata | Pancrustacea | Hexapoda | Insecta | Dicondylia | Pterygota | Neoptera | Endopterygota | Hymenoptera | Apocrita | Aculeata | Apoidea | Colletidae | Colletinae | Hemicotelles | Hemicotelles ruizii,| phylum | | | superclass | class | | | subclass | infraclass | order | | suborder | superfamily | family | subfamily | genus | species,NA,Arthropoda,species,NA,Hemicotelles ruizii,Hemicotelles ruizii,unconfirmed
NA,Animalia | Arthropoda | Insecta | Hymenoptera | Megachilidae | Heriades | Heriades canalicaulata,kingdom | phylum | class | order | family | genus | species,NA,Arthropoda,species,NA,Heriades canalicaulata,Heriades canaliculata,
NA,Animalia | Arthropoda | Insecta | Hymenoptera | Megachilidae | Heriades | Heriades carinatus,kingdom | phylum | class | order | family | genus | species,NA,Arthropoda,species,NA,Heriades carinatus,Heriades carinata,
NA,Animalia | Arthropoda | Insecta | Hymenoptera | Megachilidae | Heriades | Heriades crucifer,kingdom | phylum | class | order | family | genus | species,NA,Arthropoda,species,NA,Heriades crucifer,Heriades crucifera,
NA,Animalia | Arthropoda | Insecta | Hymenoptera | Megachilidae | Heriades | Heriades frontosus,kingdom | phylum | class | order | family | genus | species,NA,Arthropoda,species,NA,Heriades frontosus,Heriades frontosa,
NA,Animalia | Arthropoda | Insecta | Hymenoptera | Megachilidae | Heriades | Heriades variolosus,kingdom | phylum | class | order | family | genus | species,NA,Arthropoda,species,NA,Heriades variolosus,Heriades variolosa,
NA,Animalia | Arthropoda | Insecta | Hymenoptera | Melittidae | Hesperapis | Hesperapis gessorum,kingdom | phylum | class | order | family | genus | species,NA,Arthropoda,species,NA,Hesperapis gessorum,Capicola gessorum,
NA,Animalia | Arthropoda | Insecta | Hymenoptera | Melittidae | Hesperapis | Hesperapis rhodostoma,kingdom | phylum | class | order | family | genus | species,NA,Arthropoda,species,NA,Hesperapis rhodostoma,Capicola rhodostoma,
NA,Animalia | Arthropoda | Insecta | Hymenoptera | Melittidae | Hesperapis | Hesperapis richtersveldensis,kingdom | phylum | class | order | family | genus | species,NA,Arthropoda,species,NA,Hesperapis richtersveldensis,Capicola richtersveldensis,
NA,Animalia | Arthropoda | Insecta | Hymenoptera | Apoidea | Colletidae | Hylaeus | Hylaeus gaigei,kingdom | phylum | class | order | superfamily | family | genus | species,NA,Arthropoda,species,NA,Hylaeus gaigei,Hylaeus gaigei,
NA,Animalia | Arthropoda | Insecta | Hymenoptera | Colletidae | Hylaeus | Hylaeus mesillae cressoni,kingdom | phylum | class | order | family | genus | species,NA,Arthropoda,NA,NA,Hylaeus mesillae cressoni,Hylaeus mesillae,
NA,Animalia | Arthropoda | Insecta | Hymenoptera | Apoidea | Colletidae | Hylaeus | Hylaeus nippon,kingdom | phylum | class | order | superfamily | family | genus | species,NA,Arthropoda,species,NA,Hylaeus nippon,Hylaeus nippon,
NA,root | cellular organisms | Eukaryota | Opisthokonta | Metazoa | Eumetazoa | Bilateria | Protostomia | Ecdysozoa | Panarthropoda | Arthropoda | Mandibulata | Pancrustacea | Hexapoda | Insecta | Dicondylia | Pterygota | Neoptera | Endopterygota | Hymenoptera | Apocrita | Aculeata | Apoidea | Colletidae | Hylaeinae | Hylaeus | Cephalylaeus | Hylaeus nunemacheri,| | superkingdom | | kingdom | | | | | | phylum | | | subphylum | class | | subclass | infraclass | cohort | order | suborder | infraorder | superfamily | family | subfamily | genus | subgenus | species,NA,Arthropoda,species,NA,Hylaeus nunemacheri,Hylaeus nunenmacheri,
NA,Animalia | Bilateria | Protostomia | Ecdysozoa | Arthropoda | Hexapoda | Insecta | Pterygota | Neoptera | Holometabola | Hymenoptera | Apocrita | Aculeata | Apoidea | Halictidae | Halictinae | Halictini | Lasioglossum | Lasioglossum atlanticum,kingdom | subkingdom | infrakingdom | superphylum | phylum | subphylum | class | subclass | infraclass | superorder | order | suborder | infraorder | superfamily | family | subfamily | tribe | genus | species,NA,Arthropoda,species,NA,Lasioglossum atlanticum,Lasioglossum atlanticum,
NA,Animalia | Arthropoda | Insecta | Hymenoptera | Apoidea | Halictidae | Lasioglossum | Lasioglossum divergens,kingdom | phylum | class | order | superfamily | family | genus | species,NA,Arthropoda,species,NA,Lasioglossum divergens,Lasioglossum divergens,
NA,Animalia | Arthropoda | Insecta | Hymenoptera | Halictidae | Lasioglossum | Lasioglossum diversopunctatus,kingdom | phylum | class | order | family | genus | species,NA,Arthropoda,NA,NA,Lasioglossum diversopunctatus,Lasioglossum diversopunctatum,
NA,Halictidae | Lasioglossum | Lasioglossum lusoria,family | genus | species,NA,NA,NA,NA,Lasioglossum lusoria,Lasioglossum lusorium,
NA,Animalia | Bilateria | Protostomia | Ecdysozoa | Arthropoda | Hexapoda | Insecta | Pterygota | Neoptera | Holometabola | Hymenoptera | Apocrita | Aculeata | Apoidea | Halictidae | Halictinae | Halictini | Lasioglossum | Lasioglossum megastictum,kingdom | subkingdom | infrakingdom | superphylum | phylum | subphylum | class | subclass | infraclass | superorder | order | suborder | infraorder | superfamily | family | subfamily | tribe | genus | species,NA,Arthropoda,species,NA,Lasioglossum megastictum,Lasioglossum megastictum,
NA,Animalia | Arthropoda | Insecta | Hymenoptera | Halictidae | Lasioglossum | Lasioglossum mesillensis,kingdom | phylum | class | order | family | genus | species,NA,Arthropoda,NA,NA,Lasioglossum mesillensis,Lasioglossum mesillense,
NA,Animalia | Arthropoda | Insecta | Hymenoptera | Halictidae | Lasioglossum | Lasioglossum minckleyi,kingdom | phylum | class | order | family | genus | species,NA,Arthropoda,species,NA,Lasioglossum minckleyi,Lasioglossum minckleyi,
NA,Animalia | Arthropoda | Insecta | Hymenoptera | Halictidae | Lasioglossum | Lasioglossum miniatulus,kingdom | phylum | class | order | family | genus | species,NA,Arthropoda,NA,NA,Lasioglossum miniatulus,Lasioglossum miniatulum,
NA,Animalia | Arthropoda | Insecta | Hymenoptera | Apoidea | Halictidae | Lasioglossum | Lasioglossum nymphaearum,kingdom | phylum | class | order | superfamily | family | genus | species,NA,Arthropoda,species,NA,Lasioglossum nymphaearum,Lasioglossum nymphaearum,
NA,Animalia | Arthropoda | Insecta | Hymenoptera | Halictidae | Lasioglossum | Lasioglossum nymphalis,kingdom | phylum | class | order | family | genus | species,NA,Arthropoda,NA,NA,Lasioglossum nymphalis,Lasioglossum nymphale,
NA,Animalia | Bilateria | Protostomia | Ecdysozoa | Arthropoda | Hexapoda | Insecta | Pterygota | Neoptera | Holometabola | Hymenoptera | Apocrita | Aculeata | Apoidea | Halictidae | Halictinae | Halictini | Lasioglossum | Lasioglossum ornduffi,kingdom | subkingdom | infrakingdom | superphylum | phylum | subphylum | class | subclass | infraclass | superorder | order | suborder | infraorder | superfamily | family | subfamily | tribe | genus | species,NA,Arthropoda,species,NA,Lasioglossum ornduffi,Lasioglossum ornduffi,unconfirmed
NA,Animalia | Arthropoda | Insecta | Hymenoptera | Halictidae | Lasioglossum | Lasioglossum pectoralis,kingdom | phylum | class | order | family | genus | species,NA,Arthropoda,NA,NA,Lasioglossum pectoralis,Lasioglossum pectorale,
NA,Animalia | Arthropoda | Insecta | Hymenoptera | Halictidae | Lasioglossum | Lasioglossum pruinosiforme,kingdom | phylum | class | order | family | genus | species,NA,Arthropoda,species,NA,Lasioglossum pruinosiforme,Lasioglossum pruinosiforme,
NA,Animalia | Arthropoda | Insecta | Hymenoptera | Apoidea | Halictidae | Lasioglossum | Lasioglossum rohweri,kingdom | phylum | class | order | superfamily | family | genus | species,NA,Arthropoda,species,NA,Lasioglossum rohweri,Lasioglossum rohweri,
NA,Hymenoptera | Halictidae | Lasioglossum | Lasioglossum sp.,order | family | genus | species,NA,NA,NA,NA,Lasioglossum sp.,,skip
NA,Animalia | Bilateria | Protostomia | Ecdysozoa | Arthropoda | Hexapoda | Insecta | Pterygota | Neoptera | Holometabola | Hymenoptera | Apocrita | Aculeata | Apoidea | Halictidae | Halictinae | Halictini | Lasioglossum | Lasioglossum zephyrum,kingdom | subkingdom | infrakingdom | superphylum | phylum | subphylum | class | subclass | infraclass | superorder | order | suborder | infraorder | superfamily | family | subfamily | tribe | genus | species,NA,Arthropoda,species,NA,Lasioglossum zephyrum,Lasioglossum zephyrum,
NA,Animalia | Arthropoda | Insecta | Hymenoptera | Colletidae | Leioproctus | Leioproctus andinus,kingdom | phylum | class | order | family | genus | species,NA,Arthropoda,species,NA,Leioproctus andinus,Leioproctus andinus,
NA,Animalia | Arthropoda | Hexapoda | Insecta | Pterygota | Hymenoptera | Apocrita | Aculeata | Apoidea | Anthophila | Colletidae | Neopasiphaeinae | Leioproctus | Leioproctus fulvescens,kingdom | phylum | subphylum | class | subclass | order | suborder | infraorder | superfamily | epifamily | family | subfamily | genus | species,NA,Arthropoda,species,NA,Leioproctus fulvescens,Leioproctus fulvescens,
NA,Animalia | Arthropoda | Hexapoda | Insecta | Pterygota | Hymenoptera | Apocrita | Aculeata | Apoidea | Anthophila | Colletidae | Neopasiphaeinae | Leioproctus | Leioproctus maritimus,kingdom | phylum | subphylum | class | subclass | order | suborder | infraorder | superfamily | epifamily | family | subfamily | genus | species,NA,Arthropoda,species,NA,Leioproctus maritimus,Leioproctus maritimus,
NA,Animalia | Arthropoda | Hexapoda | Insecta | Pterygota | Hymenoptera | Apocrita | Aculeata | Apoidea | Anthophila | Colletidae | Neopasiphaeinae | Leioproctus | Leioproctus paahaumaa,kingdom | phylum | subphylum | class | subclass | order | suborder | infraorder | superfamily | epifamily | family | subfamily | genus | species,NA,Arthropoda,species,NA,Leioproctus paahaumaa,Leioproctus paahaumaa,
NA,Animalia | Arthropoda | Insecta | Hymenoptera | Apoidea | Halictidae | Lipotriches | Lipotriches tristemme,kingdom | phylum | class | order | superfamily | family | genus | species,NA,Arthropoda,species,NA,Lipotriches tristemme,Lipotriches tristemmae,
NA,Animalia | Bilateria | Protostomia | Ecdysozoa | Arthropoda | Hexapoda | Insecta | Pterygota | Neoptera | Holometabola | Hymenoptera | Apocrita | Aculeata | Apoidea | Megachilidae | Megachilinae | Lithurgini | Lithurgus | Lithurgus gibbosus,kingdom | subkingdom | infrakingdom | superphylum | phylum | subphylum | class | subclass | infraclass | superorder | order | suborder | infraorder | superfamily | family | subfamily | tribe | genus | species,NA,Arthropoda,species,NA,Lithurgus gibbosus,Lithurgopsis gibbosa,
NA,Animalia | Arthropoda | Insecta | Hymenoptera | Apoidea | Megachilidae | Lithurgus | Lithurgus gibbosus,kingdom | phylum | class | order | superfamily | family | genus | species,NA,Arthropoda,species,NA,Lithurgus gibbosus,Lithurgopsis gibbosa,
NA,Animalia | Bilateria | Protostomia | Ecdysozoa | Arthropoda | Hexapoda | Insecta | Pterygota | Neoptera | Holometabola | Hymenoptera | Apocrita | Aculeata | Apoidea | Megachilidae | Megachilinae | Lithurgini | Lithurgus | Lithurgus littoralis,kingdom | subkingdom | infrakingdom | superphylum | phylum | subphylum | class | subclass | infraclass | superorder | order | suborder | infraorder | superfamily | family | subfamily | tribe | genus | species,NA,Arthropoda,species,NA,Lithurgus littoralis,Lithurgopsis littoralis,
NA,Animalia | Arthropoda | Insecta | Hymenoptera | Megachilidae | Megachile | Megachile accraensis,kingdom | phylum | class | order | family | genus | species,NA,Arthropoda,species,NA,Megachile accraensis,Megachile accraensis,
NA,Animalia | Arthropoda | Insecta | Hymenoptera | Megachilidae | Megachile | Megachile reicherti,kingdom | phylum | class | order | family | genus | species,NA,Arthropoda,species,NA,Megachile reicherti,Megachile murina,
NA,Animalia | Arthropoda | Insecta | Hymenoptera | Megachilidae | Megachile | Megachile subanograe,kingdom | phylum | class | order | family | genus | species,NA,Arthropoda,species,NA,Megachile subanograe,Megachile sublaurita,
NA,Animalia | Bilateria | Protostomia | Ecdysozoa | Arthropoda | Hexapoda | Insecta | Pterygota | Neoptera | Holometabola | Hymenoptera | Apocrita | Aculeata | Apoidea | Apidae | Apinae | Eucerini | Melissodes | Melissodes bimaculata,kingdom | subkingdom | infrakingdom | superphylum | phylum | subphylum | class | subclass | infraclass | superorder | order | suborder | infraorder | superfamily | family | subfamily | tribe | genus | species,NA,Arthropoda,species,NA,Melissodes bimaculata,Melissodes bimaculatus,
NA,Animalia | Arthropoda | Insecta | Hymenoptera | Apoidea | Apidae | Melissodes | Melissodes bimaculata,kingdom | phylum | class | order | superfamily | family | genus | species,NA,Arthropoda,species,NA,Melissodes bimaculata,Melissodes bimaculatus,
NA,Animalia | Arthropoda | Insecta | Hymenoptera | Apoidea | Apidae | Melissodes | Melissodes bimaculata | Melissodes bimaculata bimaculata,kingdom | phylum | class | order | superfamily | family | genus | species |,NA,Arthropoda,NA,NA,Melissodes bimaculata,Melissodes bimaculatus,
NA,Animalia | Bilateria | Protostomia | Ecdysozoa | Arthropoda | Hexapoda | Insecta | Pterygota | Neoptera | Holometabola | Hymenoptera | Apocrita | Aculeata | Apoidea | Apidae | Apinae | Eucerini | Melissodes | Melissodes composita,kingdom | subkingdom | infrakingdom | superphylum | phylum | subphylum | class | subclass | infraclass | superorder | order | suborder | infraorder | superfamily | family | subfamily | tribe | genus | species,NA,Arthropoda,species,NA,Melissodes composita,Melissodes compositus,
NA,Animalia | Arthropoda | Insecta | Hymenoptera | Apidae | Melissodes | Melissodes composita,kingdom | phylum | class | order | family | genus | species,NA,Arthropoda,species,NA,Melissodes composita,Melissodes compositus,
NA,Animalia | Arthropoda | Insecta | Hymenoptera | Apoidea | Apidae | Melissodes | Melissodes druriella,kingdom | phylum | class | order | superfamily | family | genus | species,NA,Arthropoda,species,NA,Melissodes druriella,Melissodes druriellus,
NA,Animalia | Arthropoda | Insecta | Hymenoptera | Apidae | Melissodes | Melissodes fumosa,kingdom | phylum | class | order | family | genus | species,NA,Arthropoda,species,NA,Melissodes fumosa,Melissodes fumosus,
NA,Animalia | Arthropoda | Insecta | Hymenoptera | Apoidea | Apidae | Melissodes | Melissodes gelida,kingdom | phylum | class | order | superfamily | family | genus | species,NA,Arthropoda,species,NA,Melissodes gelida,Melissodes gelidus,
NA,Animalia | Arthropoda | Insecta | Hymenoptera | Apoidea | Apidae | Melissodes | Melissodes illata,kingdom | phylum | class | order | superfamily | family | genus | species,NA,Arthropoda,species,NA,Melissodes illata,Melissodes illatus,
NA,Animalia | Bilateria | Protostomia | Ecdysozoa | Arthropoda | Hexapoda | Insecta | Pterygota | Neoptera | Holometabola | Hymenoptera | Apocrita | Aculeata | Apoidea | Apidae | Apinae | Eucerini | Melissodes | Melissodes lupina,kingdom | subkingdom | infrakingdom | superphylum | phylum | subphylum | class | subclass | infraclass | superorder | order | suborder | infraorder | superfamily | family | subfamily | tribe | genus | species,NA,Arthropoda,species,NA,Melissodes lupina,Melissodes lupinus,
NA,Animalia | Arthropoda | Insecta | Hymenoptera | Apidae | Melissodes | Melissodes lupina,kingdom | phylum | class | order | family | genus | species,NA,Arthropoda,species,NA,Melissodes lupina,Melissodes lupinus,
NA,Hymenoptera | Apidae | Melissodes | Melissodes sp.,order | family | genus | species,NA,NA,NA,NA,Melissodes sp.,,skip
NA,Hymenoptera | Apidae | Melissodes | Melissodes subillata,order | family | genus | species,NA,NA,NA,NA,Melissodes subillata,Melissodes subillatus,
NA,Animalia | Bilateria | Protostomia | Ecdysozoa | Arthropoda | Hexapoda | Insecta | Pterygota | Neoptera | Holometabola | Hymenoptera | Apocrita | Aculeata | Apoidea | Apidae | Apinae | Eucerini | Melissodes | Melissodes subillata,kingdom | subkingdom | infrakingdom | superphylum | phylum | subphylum | class | subclass | infraclass | superorder | order | suborder | infraorder | superfamily | family | subfamily | tribe | genus | species,NA,Arthropoda,species,NA,Melissodes subillata,Melissodes subillatus,
NA,Animalia | Arthropoda | Insecta | Hymenoptera | Apoidea | Apidae | Melissodes | Melissodes subillata,kingdom | phylum | class | order | superfamily | family | genus | species,NA,Arthropoda,species,NA,Melissodes subillata,Melissodes subillatus,
NA,Animalia | Bilateria | Protostomia | Ecdysozoa | Arthropoda | Hexapoda | Insecta | Pterygota | Neoptera | Holometabola | Hymenoptera | Apocrita | Aculeata | Apoidea | Apidae | Apinae | Eucerini | Melissodes | Melissodes tessellata,kingdom | subkingdom | infrakingdom | superphylum | phylum | subphylum | class | subclass | infraclass | superorder | order | suborder | infraorder | superfamily | family | subfamily | tribe | genus | species,NA,Arthropoda,species,NA,Melissodes tessellata,Melissodes tessellatus,
NA,Hymenoptera | Apidae | Nomada | Nomada sp.,order | family | genus | species,NA,NA,NA,NA,Nomada sp.,,skip
NA,Biota | Animalia | Arthropoda | Hexapoda | Insecta | Hymenoptera | Megachilidae | Osmia | Osmia (Melanosmia) parietina,| kingdom | phylum | subphylum | class | order | family | genus | species,NA,Arthropoda,species,NA,Osmia (Melanosmia) parietina,Osmia parietina,
NA,Biota | Animalia | Arthropoda | Hexapoda | Insecta | Hymenoptera | Megachilidae | Osmia | Osmia (Melanosmia) uncinata,| kingdom | phylum | subphylum | class | order | family | genus | species,NA,Arthropoda,species,NA,Osmia (Melanosmia) uncinata,Osmia uncinata,
NA,Biota | Animalia | Arthropoda | Hexapoda | Insecta | Hymenoptera | Megachilidae | Osmia | Osmia (Melanosmia) xanthomelana,| kingdom | phylum | subphylum | class | order | family | genus | species,NA,Arthropoda,species,NA,Osmia (Melanosmia) xanthomelana,Osmia xanthomelana,
NA,Animalia | Arthropoda | Insecta | Hymenoptera | Megachilidae | Osmia | Osmia lignaria propinqua,kingdom | phylum | class | order | family | genus | species,NA,Arthropoda,NA,NA,Osmia lignaria propinqua,Osmia lignaria,
NA,Animalia | Bilateria | Protostomia | Ecdysozoa | Arthropoda | Hexapoda | Insecta | Pterygota | Neoptera | Holometabola | Hymenoptera | Apocrita | Aculeata | Apoidea | Megachilidae | Megachilinae | Osmiini | Osmia | Osmia rufa,kingdom | subkingdom | infrakingdom | superphylum | phylum | subphylum | class | subclass | infraclass | superorder | order | suborder | infraorder | superfamily | family | subfamily | tribe | genus | species,NA,Arthropoda,species,NA,Osmia rufa,Osmia bicornis,
NA,Hymenoptera | Megachilidae | Osmia | Osmia sp.,order | family | genus | species,NA,NA,NA,NA,Osmia sp.,,skip
NA,Animalia | Arthropoda | Insecta | Hymenoptera | Apidae | Pachymelus | Pachymelus micrephalus,kingdom | phylum | class | order | family | genus | species,NA,Arthropoda,species,NA,Pachymelus micrephalus,Pachymelus micrelephas,
NA,Animalia | Arthropoda | Insecta | Hymenoptera | Halictidae | Patellapis | Patellapis neli,kingdom | phylum | class | order | family | genus | species,NA,Arthropoda,species,NA,Patellapis neli,Patellapis neli,
NA,Animalia | Arthropoda | Insecta | Hymenoptera | Halictidae | Patellapis | Patellapis perpansa,kingdom | phylum | class | order | family | genus | species,NA,Arthropoda,species,NA,Patellapis perpansa,Patellapis perpansa,unconfirmed
NA,Hymenoptera | Andrenidae | Perdita | Perdita sp.,order | family | genus | species,NA,NA,NA,NA,Perdita sp.,,skip
NA,Hymenoptera | Andrenidae | Protandrena | Protandrena sp.,order | family | genus | species,NA,NA,NA,NA,Protandrena sp.,,skip
NA,Andrenidae | Pseudopanugus | Pseudopanugus bakeri,family | genus | species,NA,NA,NA,NA,Pseudopanugus bakeri,Pseudopanurgus bakeri,
NA,Andrenidae | Pseudopanugus | Pseudopanugus irregularis,family | genus | species,NA,NA,NA,NA,Pseudopanugus irregularis,Pseudopanurgus irregularis,
NA,Andrenidae | Pseudopanugus | Pseudopanugus n. sp.,family | genus | species,NA,NA,NA,NA,Pseudopanugus n. sp.,,skip
NA,Andrenidae | Pseudopanugus | Pseudopanugus n.sp. (aff. irregularis),family | genus | species,NA,NA,NA,NA,Pseudopanugus n.sp. (aff. irregularis),,skip
NA,Andrenidae | Pseudopanugus | Pseudopanugus sp. E1,family | genus | species,NA,NA,NA,NA,Corynura scitulus,,skip
NA,Andrenidae | Pseudopanugus | Pseudopanugus sp. E2,family | genus | species,NA,NA,NA,NA,Pseudopanugus sp. E2,,skip
NA,Andrenidae | Pseudopanugus | Pseudopanugus sp. E3,family | genus | species,NA,NA,NA,NA,Pseudopanugus sp. E3,,skip
NA,Andrenidae | Pseudopanugus | Pseudopanugus sp. E4,family | genus | species,NA,NA,NA,NA,Pseudopanugus sp. E4,,skip
NA,Hymenoptera | Halictidae | Sphecodes | Sphecodes sp.,order | family | genus | species,NA,NA,NA,NA,Sphecodes sp.,,skip
NA,Animalia | Arthropoda | Insecta | Hymenoptera | Halictidae | Thrinchostoma | Thrinchostoma bequaerti,kingdom | phylum | class | order | family | genus | species,NA,Arthropoda,species,NA,Thrinchostoma bequaerti,Thrinchostoma bequaerti,
NA,Animalia | Arthropoda | Insecta | Hymenoptera | Apidae | Thyreus | Thyreus calcaratus,kingdom | phylum | class | order | family | genus | species,NA,Arthropoda,species,NA,Thyreus calcaratus,Thyreus calcaratus,unconfirmed
NA,Hymenoptera | Apidae | Triepeolus | Triepeolus sp.,order | family | genus | species,NA,NA,NA,NA,Triepeolus sp.,,skip
NA,Andrenidae | Pseudopanugus | Pseudopanugus sp. E1,family | genus | species,NA,NA,NA,NA,Pseudopanugus sp. E1,,skip
NA,Animalia | Bilateria | Protostomia | Ecdysozoa | Arthropoda | Hexapoda | Insecta | Pterygota | Neoptera | Holometabola | Hymenoptera | Apocrita | Aculeata | Apoidea | Megachilidae | Megachilinae | Megachilini | Megachile | Megachile cincta,kingdom | subkingdom | infrakingdom | superphylum | phylum | subphylum | class | subclass | infraclass | superorder | order | suborder | infraorder | superfamily | family | subfamily | tribe | genus | species,NA,Arthropoda,species,NA,Megachile cincta,Gronoceras cinctum,
NA,Animalia | Bilateria | Protostomia | Ecdysozoa | Arthropoda | Hexapoda | Insecta | Pterygota | Neoptera | Holometabola | Hymenoptera | Apocrita | Aculeata | Apoidea | Megachilidae | Megachilinae | Megachilini | Coelioxys | Coelioxys octodentata,kingdom | subkingdom | infrakingdom | superphylum | phylum | subphylum | class | subclass | infraclass | superorder | order | suborder | infraorder | superfamily | family | subfamily | tribe | genus | species,NA,Arthropoda,species,NA,Coelioxys octodentata,Coelioxys octodentatus,
NA,Animalia | Arthropoda | Insecta | Hymenoptera | Megachilidae | Osmia | Osmia capensis,kingdom | phylum | class | order | family | genus | species,NA,Arthropoda,species,NA,Osmia capensis,Capicola capicola,
NA,Animalia | Arthropoda | Insecta | Hymenoptera | Megachilidae | Megachile | Megachile cincta,kingdom | phylum | class | order | family | genus | species,NA,Arthropoda,species,NA,Megachile cincta,Gronoceras cinctum,
NA,Animalia | Arthropoda | Insecta | Hymenoptera | Apoidea | Megachilidae | Coelioxys | Coelioxys octodentata,kingdom | phylum | class | order | superfamily | family | genus | species,NA,Arthropoda,species,NA,Coelioxys octodentata,Coelioxys octodentatus,
,,,,,,,Xeromelecta californica,Brachymelecta californica,
,,,,,,,Brachymelecta californica,Brachymelecta californica,