,Site,Plant_sp,Date,Round,Plant,P_Family,P_Color,P_Morphology,P_Inflorescence,P_Shape,Insect,Order,I_Family,insect_genus,inspect_sp,Freq,Site2,mean_flw
1,BAT1CA,Aetheorrina_bulbosa,21/04/2005,2,8,Asteracea,Yellow,A,3,T,185,Hymenoptera,Andrenidae,Andrena,sp17,1,BAT,3.666666667
2,BAT1CA,Aetheorrina_bulbosa,13/04/2005,1,8,Asteracea,Yellow,A,3,T,115,Coleoptera,Chrysomelidae,Criptocephalus,sp1,1,BAT,3.666666667
3,BAT1CA,Aetheorrina_bulbosa,13/04/2005,1,8,Asteracea,Yellow,A,3,T,114,Coleoptera,Dasytidae,Psilothrix,sp1,1,BAT,3.666666667
4,BAT1CA,Aetheorrina_bulbosa,21/04/2005,2,8,Asteracea,Yellow,A,3,T,114,Coleoptera,Dasytidae,Psilothrix,sp1,1,BAT,3.666666667
5,BAT1CA,Aetheorrina_bulbosa,21/04/2005,2,8,Asteracea,Yellow,A,3,T,112,Coleoptera,Ptinidae?_Bruchidae?,C7,,1,BAT,3.666666667
6,BAT1CA,Aetheorrina_bulbosa,13/04/2005,1,8,Asteracea,Yellow,A,3,T,187,Hymenoptera,Andrenidae,Andrena,sp3,1,BAT,3.666666667
7,BAT1CA,Aetheorrina_bulbosa,28/04/2005,3,8,Asteracea,Yellow,A,3,T,105,Coleoptera,Oedemeridae,Oedemera,lurida,1,BAT,3.666666667
8,BAT1CA,Aetheorrina_bulbosa,NA,4,8,Asteracea,Yellow,A,3,T,125,Coleoptera,Oedemeridae,Oedemera,flavipes,2,BAT,3.666666667
9,BAT1CA,Aetheorrina_bulbosa,13/04/2005,1,8,Asteracea,Yellow,A,3,T,185,Hymenoptera,Andrenidae,Andrena,sp17,1,BAT,3.666666667
10,BAT1CA,Alyssum_maritimum,21/04/2005,2,1,Crucifera,Withe,A,2,D,11,Hymenoptera,Megachilidae,Anthidium,sticticum,1,BAT,20.16666667
11,BAT1CA,Alyssum_maritimum,NA,4,1,Crucifera,Withe,A,2,D,125,Coleoptera,Oedemeridae,Oedemera,flavipes,1,BAT,20.16666667
12,BAT1CA,Convolvulus_althaeoides,9/5/05,4,13,Convolvulacea,Purple,A,1,T,112,Coleoptera,Ptinidae?_Bruchidae?,C7,,1,BAT,0
13,BAT1CA,Convolvulus_althaeoides,24/05/2005,5,13,Convolvulacea,Purple,A,1,T,105,Coleoptera,Oedemeridae,Oedemera,lurida,1,BAT,0
14,BAT1CA,Euphorbea_segatalis,21/04/2005,2,21,Euforbeacea,Green,A,2,D,45,Hymenoptera,Vespidae,Polistes,gallicum,1,BAT,26.5
15,BAT1CA,Lathirus_clymenum,24/05/2005,5,41,Papilionacea,Purple,Z,1,P,11,Hymenoptera,Megachilidae,Anthidium,sticticum,2,BAT,3.333333333
16,BAT1CA,Lavandula_stoechas,9/5/05,4,24,Labiada,Purple,Z,3,T,11,Hymenoptera,Megachilidae,Anthidium,sticticum,5,BAT,171.5
17,BAT1CA,Lavandula_stoechas,8/5/05,4,24,Labiada,Purple,Z,3,T,210,Hymenoptera,Ichneumonidae,H81,,1,BAT,171.5
18,BAT1CA,Lavandula_stoechas,21/04/2005,2,24,Labiada,Purple,Z,3,T,190,Hymenoptera,Anthophoridae,Anthophora,sp2,1,BAT,171.5
19,BAT1CA,Lavandula_stoechas,13/04/2005,1,24,Labiada,Purple,Z,3,T,11,Hymenoptera,Megachilidae,Anthidium,sticticum,2,BAT,171.5
20,BAT1CA,Lavandula_stoechas,21/04/2005,2,24,Labiada,Purple,Z,3,T,79,Lepidoptera,Adelidae,L2,,1,BAT,171.5
21,BAT1CA,Lavandula_stoechas,28/04/2005,3,24,Labiada,Purple,Z,3,T,11,Hymenoptera,Megachilidae,Anthidium,sticticum,3,BAT,171.5
22,BAT1CA,Lavandula_stoechas,24/05/2005,5,24,Labiada,Purple,Z,3,T,206,Hymenoptera,Hailictidae,Sphecodes,sp1,1,BAT,171.5
23,BAT1CA,Lavandula_stoechas,21/04/2005,2,24,Labiada,Purple,Z,3,T,11,Hymenoptera,Megachilidae,Anthidium,sticticum,2,BAT,171.5
24,BAT1CA,Lavandula_stoechas,13/04/2005,1,24,Labiada,Purple,Z,3,T,181,Hymenoptera,Megachilidae,Megachille,sp2,3,BAT,171.5
25,BAT1CA,Lavandula_stoechas,13/04/2005,1,24,Labiada,Purple,Z,3,T,184,Hymenoptera,Anthophoridae,Amegilla,femorata,3,BAT,171.5
26,BAT1CA,Lavandula_stoechas,13/04/2005,1,24,Labiada,Purple,Z,3,T,182,Hymenoptera,Megachilidae,Megachille,sp3,2,BAT,171.5
27,BAT1CA,Lavandula_stoechas,21/04/2005,2,24,Labiada,Purple,Z,3,T,175,Hymenoptera,Halictidae,Lasioglossum,sp4,1,BAT,171.5
28,BAT1CA,Lavandula_stoechas,21/04/2005,2,24,Labiada,Purple,Z,3,T,184,Hymenoptera,Anthophoridae,Amegilla,femorata,1,BAT,171.5
29,BAT1CA,Lavandula_stoechas,28/04/2005,3,24,Labiada,Purple,Z,3,T,182,Hymenoptera,Megachilidae,Megachille,sp3,1,BAT,171.5
30,BAT1CA,Lavandula_stoechas,13/04/2005,1,24,Labiada,Purple,Z,3,T,186,Hymenoptera,Andrenidae,Andrena,sp2,1,BAT,171.5
31,BAT1CA,Lavandula_stoechas,24/05/2005,5,24,Labiada,Purple,Z,3,T,217,Hymenoptera,Megachilidae,Anthidium,sp1,1,BAT,171.5
32,BAT1CA,Lavandula_stoechas,28/04/2005,3,24,Labiada,Purple,Z,3,T,184,Hymenoptera,Anthophoridae,Amegilla,femorata,1,BAT,171.5
33,BAT1CA,Lavandula_stoechas,21/04/2005,2,24,Labiada,Purple,Z,3,T,13,Hymenoptera,Apoidea,Apis,mellifera,1,BAT,171.5
34,BAT1CA,Lavandula_stoechas,24/05/2005,5,24,Labiada,Purple,Z,3,T,182,Hymenoptera,Megachilidae,Megachille,sp3,1,BAT,171.5
35,BAT1CA,Lavandula_stoechas,24/05/2005,5,24,Labiada,Purple,Z,3,T,242,Hymenoptera,Halictidae,Halictus,sp1,1,BAT,171.5
36,BAT1CA,Sonchus_tenerrinus,9/5/05,4,32,Asteracea,Yellow,A,3,T,11,Hymenoptera,Megachilidae,Anthidium,sticticum,1,BAT,4.166666667
37,BAT1CA,Sonchus_tenerrinus,24/05/2005,5,32,Asteracea,Yellow,A,3,T,115,Coleoptera,Chrysomelidae,Criptocephalus,sp1,1,BAT,4.166666667
38,BAT1CA,Sonchus_tenerrinus,3/6/05,5,32,Asteracea,Yellow,A,3,T,248,Hymenoptera,Andrenidae,Andrena,sp15,1,BAT,4.166666667
39,BAT1CA,Sonchus_tenerrinus,9/5/05,4,32,Asteracea,Yellow,A,3,T,115,Coleoptera,Chrysomelidae,Criptocephalus,sp1,1,BAT,4.166666667
40,BAT1CA,Sonchus_tenerrinus,24/05/2005,5,32,Asteracea,Yellow,A,3,T,105,Coleoptera,Oedemeridae,Oedemera,lurida,2,BAT,4.166666667
41,BAT1CA,Sonchus_tenerrinus,9/5/05,4,32,Asteracea,Yellow,A,3,T,114,Coleoptera,Dasytidae,Psilothrix,sp1,2,BAT,4.166666667
42,BAT1CA,Sonchus_tenerrinus,9/5/05,4,32,Asteracea,Yellow,A,3,T,105,Coleoptera,Oedemeridae,Oedemera,lurida,1,BAT,4.166666667
43,BAT1CA,Thymelaea_hirusta,28/03/2005,1,30,Timeleacea,Yellow,A,2,D,13,Hymenoptera,Apoidea,Apis,mellifera,2,BAT,706.1666667
44,BAT1CA,Thymelaea_hirusta,28/04/2005,3,30,Timeleacea,Yellow,A,2,D,195,Hymenoptera,Andrenidae,Andrena,sp16,1,BAT,706.1666667
45,BAT1CA,Thymelaea_hirusta,13/04/2005,1,30,Timeleacea,Yellow,A,2,D,11,Hymenoptera,Megachilidae,Anthidium,sticticum,1,BAT,706.1666667
46,BAT1CA,Thymelaea_hirusta,28/03/2005,1,30,Timeleacea,Yellow,A,2,D,45,Hymenoptera,Vespidae,Polistes,gallicum,1,BAT,706.1666667
47,BAT1CA,Thymelaea_hirusta,28/03/2005,1,30,Timeleacea,Yellow,A,2,D,179,Diptera,Bibionidae,D24,,1,BAT,706.1666667
48,BAT1CA,Thymelaea_hirusta,28/04/2005,3,30,Timeleacea,Yellow,A,2,D,192,Diptera,Bibionidae,D26,,1,BAT,706.1666667
49,BAT1CA,Thymelaea_hirusta,21/04/2005,2,30,Timeleacea,Yellow,A,2,D,61,Diptera,Milichidae,D9,,1,BAT,706.1666667
50,BAT1CA,Thymelaea_hirusta,28/04/2005,3,30,Timeleacea,Yellow,A,2,D,45,Hymenoptera,Vespidae,Polistes,gallicum,1,BAT,706.1666667
51,BAT1CA,Urospermum_picrioides,24/05/2005,5,31,Asteracea,Yellow,A,3,T,105,Coleoptera,Oedemeridae,Oedemera,lurida,1,BAT,0
52,BAT1CA,Urospermum_picrioides,NA,3,31,Asteracea,Yellow,A,3,T,125,Coleoptera,Oedemeridae,Oedemera,flavipes,1,BAT,0
54,BAT2CA,Aetheorrina_bulbosa,NA,5,8,Asteracea,Yellow,A,3,T,105,Coleoptera,Oedemeridae,Oedemera,lurida,2,BAT,10.33333333
55,BAT2CA,Aetheorrina_bulbosa,28/04/2005,3,8,Asteracea,Yellow,A,3,T,194,Hymenoptera,Anthophoridae,Nomada,sp4,1,BAT,10.33333333
56,BAT2CA,Aetheorrina_bulbosa,28/04/2005,3,8,Asteracea,Yellow,A,3,T,114,Coleoptera,Dasytidae,Psilothrix,sp1,1,BAT,10.33333333
57,BAT2CA,Aetheorrina_bulbosa,28/04/2005,3,8,Asteracea,Yellow,A,3,T,187,Hymenoptera,Andrenidae,Andrena,sp3,1,BAT,10.33333333
58,BAT2CA,Aetheorrina_bulbosa,21/04/2005,2,8,Asteracea,Yellow,A,3,T,119,Coleoptera,Mordelidae,Mordella,bipunctata,1,BAT,10.33333333
59,BAT2CA,Aetheorrina_bulbosa,13/04/2005,1,8,Asteracea,Yellow,A,3,T,32,Hymenoptera,Halictidae,Lasioglossum,sp5,1,BAT,10.33333333
60,BAT2CA,Aetheorrina_bulbosa,21/04/2005,2,8,Asteracea,Yellow,A,3,T,114,Coleoptera,Dasytidae,Psilothrix,sp1,4,BAT,10.33333333
61,BAT2CA,Aetheorrina_bulbosa,NA,4,8,Asteracea,Yellow,A,3,T,125,Coleoptera,Oedemeridae,Oedemera,flavipes,1,BAT,10.33333333
62,BAT2CA,Aetheorrina_bulbosa,13/04/2005,1,8,Asteracea,Yellow,A,3,T,114,Coleoptera,Dasytidae,Psilothrix,sp1,4,BAT,10.33333333
63,BAT2CA,Aetheorrina_bulbosa,NA,5,8,Asteracea,Yellow,A,3,T,126,Coleoptera,Mordelidae,Mordellistena,pumila,1,BAT,10.33333333
64,BAT2CA,Aetheorrina_bulbosa,28/04/2005,3,8,Asteracea,Yellow,A,3,T,115,Coleoptera,Chrysomelidae,Criptocephalus,sp1,1,BAT,10.33333333
65,BAT2CA,Aetheorrina_bulbosa,28/03/2005,1,8,Asteracea,Yellow,A,3,T,29,Hymenoptera,Halictidae,Halictus,gemmeus,1,BAT,10.33333333
66,BAT2CA,Aetheorrina_bulbosa,21/04/2005,2,8,Asteracea,Yellow,A,3,T,115,Coleoptera,Chrysomelidae,Criptocephalus,sp1,3,BAT,10.33333333
67,BAT2CA,Alyssum_maritimum,NA,4,1,Crucifera,Withe,A,2,D,105,Coleoptera,Oedemeridae,Oedemera,lurida,1,BAT,48
68,BAT2CA,Alyssum_maritimum,21/04/2005,2,1,Crucifera,Withe,A,2,D,193,Hymenoptera,Andrenidae,Andrena,sp5,1,BAT,48
69,BAT2CA,Alyssum_maritimum,21/04/2005,2,1,Crucifera,Withe,A,2,D,32,Hymenoptera,Halictidae,Lasioglossum,sp5,1,BAT,48
70,BAT2CA,Carpobrotus_aff.acinaciformis,28/04/2005,3,4,Aizoacea,Purple,A,1,D,11,Hymenoptera,Megachilidae,Anthidium,sticticum,1,BAT,29
71,BAT2CA,Carpobrotus_aff.acinaciformis,28/04/2005,3,4,Aizoacea,Purple,A,1,D,202,Hymenoptera,Andrenidae,Andrena,sp8,1,BAT,29
72,BAT2CA,Carpobrotus_aff.acinaciformis,24/05/2005,5,4,Aizoacea,Purple,A,1,D,52,Hymenoptera,Apoidea,Bombus,terrestris,3,BAT,29
73,BAT2CA,Carpobrotus_aff.acinaciformis,28/04/2005,3,4,Aizoacea,Purple,A,1,D,112,Coleoptera,Ptinidae?_Bruchidae?,C7,,1,BAT,29
74,BAT2CA,Carpobrotus_aff.acinaciformis,24/05/2005,5,4,Aizoacea,Purple,A,1,D,207,Coleoptera,Coleotera1,C57,,3,BAT,29
75,BAT2CA,Carpobrotus_aff.acinaciformis,21/04/2005,2,4,Aizoacea,Purple,A,1,D,11,Hymenoptera,Megachilidae,Anthidium,sticticum,1,BAT,29
76,BAT2CA,Carpobrotus_aff.acinaciformis,9/5/05,4,4,Aizoacea,Purple,A,1,D,52,Hymenoptera,Apoidea,Bombus,terrestris,1,BAT,29
77,BAT2CA,Carpobrotus_aff.acinaciformis,21/04/2005,2,4,Aizoacea,Purple,A,1,D,191,Hymenoptera,Anthophoridae,Eucera,sp1,1,BAT,29
78,BAT2CA,Carpobrotus_aff.acinaciformis,21/04/2005,2,4,Aizoacea,Purple,A,1,D,181,Hymenoptera,Megachilidae,Megachille,sp2,1,BAT,29
79,BAT2CA,Carpobrotus_aff.acinaciformis,21/04/2005,2,4,Aizoacea,Purple,A,1,D,112,Coleoptera,Ptinidae?_Bruchidae?,C7,,1,BAT,29
80,BAT2CA,Carpobrotus_aff.acinaciformis,13/04/2005,1,4,Aizoacea,Purple,A,1,D,188,Hymenoptera,Andrenidae,Andrena,sp4,1,BAT,29
81,BAT2CA,Carpobrotus_aff.acinaciformis,8/5/05,4,4,Aizoacea,Purple,A,1,D,105,Coleoptera,Oedemeridae,Oedemera,lurida,2,BAT,29
82,BAT2CA,Carpobrotus_aff.acinaciformis,28/04/2005,3,4,Aizoacea,Purple,A,1,D,105,Coleoptera,Oedemeridae,Oedemera,lurida,1,BAT,29
83,BAT2CA,Carpobrotus_aff.acinaciformis,13/04/2005,1,4,Aizoacea,Purple,A,1,D,106,Coleoptera,Scarabaeidae,Oxythyrea,funesta,2,BAT,29
84,BAT2CA,Carpobrotus_aff.acinaciformis,9/5/05,4,4,Aizoacea,Purple,A,1,D,106,Coleoptera,Scarabaeidae,Oxythyrea,funesta,1,BAT,29
85,BAT2CA,Carpobrotus_aff.acinaciformis,24/05/2005,5,4,Aizoacea,Purple,A,1,D,105,Coleoptera,Oedemeridae,Oedemera,lurida,5,BAT,29
86,BAT2CA,Carpobrotus_aff.acinaciformis,13/04/2005,1,4,Aizoacea,Purple,A,1,D,11,Hymenoptera,Megachilidae,Anthidium,sticticum,1,BAT,29
87,BAT2CA,Carpobrotus_aff.acinaciformis,8/5/05,4,4,Aizoacea,Purple,A,1,D,114,Coleoptera,Dasytidae,Psilothrix,sp1,2,BAT,29
88,BAT2CA,Carpobrotus_aff.acinaciformis,28/04/2005,3,4,Aizoacea,Purple,A,1,D,114,Coleoptera,Dasytidae,Psilothrix,sp1,1,BAT,29
89,BAT2CA,Carpobrotus_aff.acinaciformis,24/05/2005,5,4,Aizoacea,Purple,A,1,D,126,Coleoptera,Mordelidae,Mordellistena,pumila,1,BAT,29
90,BAT2CA,Carpobrotus_aff.acinaciformis,NA,2,4,Aizoacea,Purple,A,1,D,47,Hymenoptera,Formicidae,Plagiolepsis,pigmaea,2,BAT,29
91,BAT2CA,Carpobrotus_aff.acinaciformis,24/05/2005,5,4,Aizoacea,Purple,A,1,D,106,Coleoptera,Scarabaeidae,Oxythyrea,funesta,3,BAT,29
92,BAT2CA,Carpobrotus_aff.acinaciformis,21/04/2005,2,4,Aizoacea,Purple,A,1,D,197,Hymenoptera,Megachilidae,Osmia,sp1,2,BAT,29
93,BAT2CA,Carpobrotus_aff.acinaciformis,28/04/2005,3,4,Aizoacea,Purple,A,1,D,106,Coleoptera,Scarabaeidae,Oxythyrea,funesta,1,BAT,29
94,BAT2CA,Carpobrotus_aff.acinaciformis,NA,5,4,Aizoacea,Purple,A,1,D,125,Coleoptera,Oedemeridae,Oedemera,flavipes,3,BAT,29
95,BAT2CA,Carpobrotus_aff.acinaciformis,21/04/2005,2,4,Aizoacea,Purple,A,1,D,106,Coleoptera,Scarabaeidae,Oxythyrea,funesta,2,BAT,29
96,BAT2CA,Carpobrotus_aff.acinaciformis,9/5/05,4,4,Aizoacea,Purple,A,1,D,13,Hymenoptera,Apoidea,Apis,mellifera,4,BAT,29
97,BAT2CA,Carpobrotus_aff.acinaciformis,13/04/2005,1,4,Aizoacea,Purple,A,1,D,186,Hymenoptera,Andrenidae,Andrena,sp2,1,BAT,29
98,BAT2CA,Carpobrotus_aff.acinaciformis,13/04/2005,1,4,Aizoacea,Purple,A,1,D,114,Coleoptera,Dasytidae,Psilothrix,sp1,5,BAT,29
99,BAT2CA,Carpobrotus_aff.acinaciformis,21/04/2005,2,4,Aizoacea,Purple,A,1,D,114,Coleoptera,Dasytidae,Psilothrix,sp1,5,BAT,29
100,BAT2CA,Carpobrotus_aff.acinaciformis,8/5/05,4,4,Aizoacea,Purple,A,1,D,242,Hymenoptera,Halictidae,Halictus,sp1,1,BAT,29
101,BAT2CA,Carpobrotus_aff.acinaciformis,21/04/2005,2,4,Aizoacea,Purple,A,1,D,119,Coleoptera,Mordelidae,Mordella,bipunctata,1,BAT,29
102,BAT2CA,Carpobrotus_aff.acinaciformis,9/5/05,4,4,Aizoacea,Purple,A,1,D,11,Hymenoptera,Megachilidae,Anthidium,sticticum,1,BAT,29
103,BAT2CA,Carpobrotus_aff.acinaciformis,8/5/05,4,4,Aizoacea,Purple,A,1,D,104,Coleoptera,Oedemeridae,Oedemera,nobilis,1,BAT,29
104,BAT2CA,Carpobrotus_aff.acinaciformis,28/04/2005,3,4,Aizoacea,Purple,A,1,D,109,Coleoptera,Dasytidae,C4,,1,BAT,29
105,BAT2CA,Convolvulus_althaeoides,NA,5,13,Convolvulacea,Purple,A,1,T,105,Coleoptera,Oedemeridae,Oedemera,lurida,1,BAT,0
106,BAT2CA,Convolvulus_althaeoides,NA,4,13,Convolvulacea,Purple,A,1,T,47,Hymenoptera,Formicidae,Plagiolepsis,pigmaea,2,BAT,0
107,BAT2CA,Convolvulus_althaeoides,NA,5,13,Convolvulacea,Purple,A,1,T,125,Coleoptera,Oedemeridae,Oedemera,flavipes,2,BAT,0
108,BAT2CA,Euphorbea_segatalis,13/04/2005,1,21,Euforbeacea,Green,A,2,D,174,Hymenoptera,Anthophoridae,Nomada,sp1,1,BAT,25.16666667
109,BAT2CA,Euphorbea_segatalis,28/03/2005,1,21,Euforbeacea,Green,A,2,D,47,Hymenoptera,Formicidae,Plagiolepsis,pigmaea,1,BAT,25.16666667
110,BAT2CA,Lathirus_clymenum,24/05/2005,5,41,Papilionacea,Purple,Z,1,P,11,Hymenoptera,Megachilidae,Anthidium,sticticum,1,BAT,2
111,BAT2CA,Lavandula_stoechas,13/04/2005,1,24,Labiada,Purple,Z,3,T,11,Hymenoptera,Megachilidae,Anthidium,sticticum,3,BAT,102.6666667
112,BAT2CA,Lavandula_stoechas,21/04/2005,2,24,Labiada,Purple,Z,3,T,172,Lepidoptera,Lycaneidae,Callophrys,rubi,1,BAT,102.6666667
113,BAT2CA,Lavandula_stoechas,21/04/2005,2,24,Labiada,Purple,Z,3,T,184,Hymenoptera,Anthophoridae,Amegilla,femorata,1,BAT,102.6666667
114,BAT2CA,Lavandula_stoechas,24/05/2005,5,24,Labiada,Purple,Z,3,T,11,Hymenoptera,Megachilidae,Anthidium,sticticum,1,BAT,102.6666667
115,BAT2CA,Lavandula_stoechas,21/04/2005,2,24,Labiada,Purple,Z,3,T,181,Hymenoptera,Megachilidae,Megachille,sp2,1,BAT,102.6666667
116,BAT2CA,Lavandula_stoechas,8/5/05,4,24,Labiada,Purple,Z,3,T,243,Hymenoptera,Halictidae,Halictus,sp2,1,BAT,102.6666667
117,BAT2CA,Lavandula_stoechas,13/04/2005,1,24,Labiada,Purple,Z,3,T,172,Lepidoptera,Lycaneidae,Callophrys,rubi,1,BAT,102.6666667
118,BAT2CA,Lavandula_stoechas,24/05/2005,5,24,Labiada,Purple,Z,3,T,242,Hymenoptera,Halictidae,Halictus,sp1,1,BAT,102.6666667
119,BAT2CA,Lavandula_stoechas,28/04/2005,3,24,Labiada,Purple,Z,3,T,61,Diptera,Milichidae,D9,,1,BAT,102.6666667
120,BAT2CA,Lavandula_stoechas,13/04/2005,1,24,Labiada,Purple,Z,3,T,175,Hymenoptera,Halictidae,Lasioglossum,sp4,2,BAT,102.6666667
121,BAT2CA,Lavandula_stoechas,21/04/2005,2,24,Labiada,Purple,Z,3,T,189,Hymenoptera,Anthophoridae,Anthophora,sp1,1,BAT,102.6666667
122,BAT2CA,Lavandula_stoechas,21/04/2005,2,24,Labiada,Purple,Z,3,T,185,Hymenoptera,Andrenidae,Andrena,sp17,1,BAT,102.6666667
123,BAT2CA,Lavandula_stoechas,9/5/05,4,24,Labiada,Purple,Z,3,T,11,Hymenoptera,Megachilidae,Anthidium,sticticum,3,BAT,102.6666667
124,BAT2CA,Lavandula_stoechas,21/04/2005,2,24,Labiada,Purple,Z,3,T,11,Hymenoptera,Megachilidae,Anthidium,sticticum,4,BAT,102.6666667
125,BAT2CA,Lavandula_stoechas,13/04/2005,1,24,Labiada,Purple,Z,3,T,184,Hymenoptera,Anthophoridae,Amegilla,femorata,2,BAT,102.6666667
126,BAT2CA,Lavandula_stoechas,28/04/2005,3,24,Labiada,Purple,Z,3,T,11,Hymenoptera,Megachilidae,Anthidium,sticticum,4,BAT,102.6666667
127,BAT2CA,Sonchus_tenerrinus,21/04/2005,2,32,Asteracea,Yellow,A,3,T,114,Coleoptera,Dasytidae,Psilothrix,sp1,3,BAT,3.166666667
128,BAT2CA,Sonchus_tenerrinus,8/5/05,4,32,Asteracea,Yellow,A,3,T,105,Coleoptera,Oedemeridae,Oedemera,lurida,3,BAT,3.166666667
129,BAT2CA,Sonchus_tenerrinus,24/05/2005,5,32,Asteracea,Yellow,A,3,T,245,Hymenoptera,Andrenidae,Andrena,sp12,1,BAT,3.166666667
130,BAT2CA,Sonchus_tenerrinus,24/05/2005,5,32,Asteracea,Yellow,A,3,T,105,Coleoptera,Oedemeridae,Oedemera,lurida,1,BAT,3.166666667
131,BAT2CA,Sonchus_tenerrinus,21/04/2005,2,32,Asteracea,Yellow,A,3,T,115,Coleoptera,Chrysomelidae,Criptocephalus,sp1,1,BAT,3.166666667
132,BAT2CA,Sonchus_tenerrinus,8/5/05,4,32,Asteracea,Yellow,A,3,T,194,Hymenoptera,Anthophoridae,Nomada,sp4,1,BAT,3.166666667
133,BAT2CA,Sonchus_tenerrinus,9/5/05,4,32,Asteracea,Yellow,A,3,T,115,Coleoptera,Chrysomelidae,Criptocephalus,sp1,1,BAT,3.166666667
134,BAT2CA,Sonchus_tenerrinus,8/5/05,4,32,Asteracea,Yellow,A,3,T,225,Hymenoptera,Colletidae,Hylaeus,sp1,2,BAT,3.166666667
135,BAT2CA,Sonchus_tenerrinus,8/5/05,4,32,Asteracea,Yellow,A,3,T,250,Coleoptera,Coleoptera3,C59,,1,BAT,3.166666667
136,BAT2CA,Sonchus_tenerrinus,24/05/2005,5,32,Asteracea,Yellow,A,3,T,187,Hymenoptera,Andrenidae,Andrena,sp3,2,BAT,3.166666667
137,BAT2CA,Sonchus_tenerrinus,24/05/2005,5,32,Asteracea,Yellow,A,3,T,246,Hymenoptera,Andrenidae,Andrena,sp13,1,BAT,3.166666667
138,BAT2CA,Sonchus_tenerrinus,9/5/05,4,32,Asteracea,Yellow,A,3,T,187,Hymenoptera,Andrenidae,Andrena,sp3,1,BAT,3.166666667
139,BAT2CA,Sonchus_tenerrinus,28/04/2005,3,32,Asteracea,Yellow,A,3,T,114,Coleoptera,Dasytidae,Psilothrix,sp1,2,BAT,3.166666667
140,BAT2CA,Sonchus_tenerrinus,8/5/05,4,32,Asteracea,Yellow,A,3,T,202,Hymenoptera,Andrenidae,Andrena,sp8,1,BAT,3.166666667
141,BAT2CA,Sonchus_tenerrinus,8/5/05,4,32,Asteracea,Yellow,A,3,T,125,Coleoptera,Oedemeridae,Oedemera,flavipes,4,BAT,3.166666667
142,BAT2CA,Sonchus_tenerrinus,28/04/2005,3,32,Asteracea,Yellow,A,3,T,203,Hymenoptera,Andrenidae,Andrena,sp9,1,BAT,3.166666667
143,BAT2CA,Sonchus_tenerrinus,21/04/2005,2,32,Asteracea,Yellow,A,3,T,119,Coleoptera,Mordelidae,Mordella,bipunctata,2,BAT,3.166666667
144,BAT2CA,Sonchus_tenerrinus,28/04/2005,3,32,Asteracea,Yellow,A,3,T,187,Hymenoptera,Andrenidae,Andrena,sp3,1,BAT,3.166666667
145,BAT2CA,Thymelaea_hirusta,28/04/2005,3,30,Timeleacea,Yellow,A,2,D,45,Hymenoptera,Vespidae,Polistes,gallicum,1,BAT,572.3333333
146,BAT2CA,Thymelaea_hirusta,21/04/2005,2,30,Timeleacea,Yellow,A,2,D,192,Diptera,Bibionidae,D26,,1,BAT,572.3333333
147,BAT2CA,Thymelaea_hirusta,28/03/2005,1,30,Timeleacea,Yellow,A,2,D,13,Hymenoptera,Apoidea,Apis,mellifera,4,BAT,572.3333333
148,BAT2CA,Thymelaea_hirusta,13/04/2005,1,30,Timeleacea,Yellow,A,2,D,180,Diptera,Bibionidae,D25,,2,BAT,572.3333333
149,BAT2CA,Thymelaea_hirusta,21/04/2005,2,30,Timeleacea,Yellow,A,2,D,182,Hymenoptera,Megachilidae,Megachille,sp3,1,BAT,572.3333333
150,BAT2CA,Thymelaea_hirusta,28/03/2005,1,30,Timeleacea,Yellow,A,2,D,45,Hymenoptera,Vespidae,Polistes,gallicum,1,BAT,572.3333333
151,BAT2CA,Thymelaea_hirusta,28/04/2005,3,30,Timeleacea,Yellow,A,2,D,106,Coleoptera,Scarabaeidae,Oxythyrea,funesta,1,BAT,572.3333333
152,BAT2CA,Thymelaea_hirusta,28/03/2005,1,30,Timeleacea,Yellow,A,2,D,52,Hymenoptera,Apoidea,Bombus,terrestris,1,BAT,572.3333333
153,BAT2CA,Thymelaea_hirusta,13/04/2005,1,30,Timeleacea,Yellow,A,2,D,32,Hymenoptera,Halictidae,Lasioglossum,sp5,1,BAT,572.3333333
154,BAT2CA,Thymelaea_hirusta,28/04/2005,3,30,Timeleacea,Yellow,A,2,D,192,Diptera,Bibionidae,D26,,2,BAT,572.3333333
155,BAT2CA,Thymelaea_hirusta,28/04/2005,3,30,Timeleacea,Yellow,A,2,D,250,Coleoptera,Coleoptera3,C59,,1,BAT,572.3333333
156,BAT2CA,Urospermum_picrioides,28/04/2005,3,31,Asteracea,Yellow,A,3,T,1,Hymenoptera,Proctotupidae,Helorus,coruscus,1,BAT,0
157,BAT2CA,Urospermum_picrioides,24/05/2005,5,31,Asteracea,Yellow,A,3,T,126,Coleoptera,Mordelidae,Mordellistena,pumila,2,BAT,0
158,BAT2CA,Urospermum_picrioides,9/5/05,4,31,Asteracea,Yellow,A,3,T,114,Coleoptera,Dasytidae,Psilothrix,sp1,1,BAT,0
159,BAT2CA,Urospermum_picrioides,24/05/2005,5,31,Asteracea,Yellow,A,3,T,246,Hymenoptera,Andrenidae,Andrena,sp13,1,BAT,0
160,BAT2CA,Urospermum_picrioides,24/06/2005,5,31,Asteracea,Yellow,A,3,T,248,Hymenoptera,Andrenidae,Andrena,sp15,1,BAT,0
161,BAT2CA,Urospermum_picrioides,9/5/05,4,31,Asteracea,Yellow,A,3,T,106,Coleoptera,Scarabaeidae,Oxythyrea,funesta,1,BAT,0
162,BAT2CA,Urospermum_picrioides,9/5/05,4,31,Asteracea,Yellow,A,3,T,23,Hymenoptera,Colletidae,Colletes,sp1,1,BAT,0
163,BAT2CA,Urospermum_picrioides,24/05/2005,5,31,Asteracea,Yellow,A,3,T,115,Coleoptera,Chrysomelidae,Criptocephalus,sp1,1,BAT,0
164,BAT2CA,Urospermum_picrioides,24/05/2005,5,31,Asteracea,Yellow,A,3,T,105,Coleoptera,Oedemeridae,Oedemera,lurida,3,BAT,0
165,BAT2CA,Urospermum_picrioides,NA,3,31,Asteracea,Yellow,A,3,T,125,Coleoptera,Oedemeridae,Oedemera,flavipes,2,BAT,0
166,BAT2CA,Urospermum_picrioides,9/5/05,4,31,Asteracea,Yellow,A,3,T,115,Coleoptera,Chrysomelidae,Criptocephalus,sp1,1,BAT,0
169,FRA1OP,Convolvulus_althaeoides,14/06/2005,2,13,Convolvulacea,Purple,A,1,T,109,Coleoptera,Dasytidae,C4,,1,FRA,50.5
170,FRA1OP,Convolvulus_althaeoides,14/06/2005,2,13,Convolvulacea,Purple,A,1,T,207,Coleoptera,Coleotera1,C57,,1,FRA,50.5
171,FRA1OP,Convolvulus_althaeoides,14/06/2005,2,13,Convolvulacea,Purple,A,1,T,126,Coleoptera,Mordelidae,Mordellistena,pumila,5,FRA,50.5
172,FRA1OP,Convolvulus_althaeoides,9/6/05,1,13,Convolvulacea,Purple,A,1,T,35,Hymenoptera,Halictidae,Lasioglossum,sp1,1,FRA,50.5
173,FRA1OP,Convolvulus_althaeoides,9/6/05,1,13,Convolvulacea,Purple,A,1,T,126,Coleoptera,Mordelidae,Mordellistena,pumila,2,FRA,50.5
174,FRA1OP,Daucus_carota_carota,14/06/2005,2,14,Umbelifera,Withe,A,2,D,13,Hymenoptera,Apoidea,Apis,mellifera,1,FRA,40
175,FRA1OP,Daucus_carota_carota,9/5/05,1,14,Umbelifera,Withe,A,2,D,112,Coleoptera,Ptinidae?_Bruchidae?,C7,,1,FRA,40
176,FRA1OP,Daucus_carota_carota,21/06/2005,3,14,Umbelifera,Withe,A,2,D,227,Hymenoptera,Colletidae,Hylaeus,sp2,1,FRA,40
177,FRA1OP,Daucus_carota_carota,30/06/2005,4,14,Umbelifera,Withe,A,2,D,29,Hymenoptera,Halictidae,Halictus,gemmeus,1,FRA,40
178,FRA1OP,Daucus_carota_carota,14/06/2005,2,14,Umbelifera,Withe,A,2,D,126,Coleoptera,Mordelidae,Mordellistena,pumila,3,FRA,40
179,FRA1OP,Daucus_carota_carota,14/06/2005,2,14,Umbelifera,Withe,A,2,D,226,Hymenoptera,Colletidae,Hylaeus,sp4,1,FRA,40
180,FRA1OP,Daucus_carota_carota,21/06/2005,3,14,Umbelifera,Withe,A,2,D,119,Coleoptera,Mordelidae,Mordella,bipunctata,1,FRA,40
181,FRA1OP,Daucus_carota_carota,NA,2,14,Umbelifera,Withe,A,2,D,105,Coleoptera,Oedemeridae,Oedemera,lurida,2,FRA,40
182,FRA1OP,Daucus_carota_carota,30/06/2005,4,14,Umbelifera,Withe,A,2,D,119,Coleoptera,Mordelidae,Mordella,bipunctata,2,FRA,40
183,FRA1OP,Daucus_carota_carota,21/06/2005,3,14,Umbelifera,Withe,A,2,D,226,Hymenoptera,Colletidae,Hylaeus,sp4,1,FRA,40
184,FRA1OP,Daucus_carota_carota,9/6/05,1,14,Umbelifera,Withe,A,2,D,29,Hymenoptera,Halictidae,Halictus,gemmeus,1,FRA,40
185,FRA1OP,Daucus_carota_carota,21/06/2005,3,14,Umbelifera,Withe,A,2,D,29,Hymenoptera,Halictidae,Halictus,gemmeus,2,FRA,40
186,FRA1OP,Daucus_carota_carota,30/06/2005,4,14,Umbelifera,Withe,A,2,D,126,Coleoptera,Mordelidae,Mordellistena,pumila,3,FRA,40
187,FRA1OP,Daucus_carota_carota,9/6/05,1,14,Umbelifera,Withe,A,2,D,126,Coleoptera,Mordelidae,Mordellistena,pumila,2,FRA,40
188,FRA1OP,Daucus_carota_carota,21/06/2005,3,14,Umbelifera,Withe,A,2,D,34,Hymenoptera,Halictidae,Lasioglossum,sp3,1,FRA,40
189,FRA1OP,Daucus_carota_carota,14/06/2005,2,14,Umbelifera,Withe,A,2,D,204,Hymenoptera,Andrenidae,Andrena,sp10,1,FRA,40
190,FRA1OP,Daucus_carota_carota,14/06/2005,2,14,Umbelifera,Withe,A,2,D,29,Hymenoptera,Halictidae,Halictus,gemmeus,1,FRA,40
191,FRA1OP,Daucus_carota_carota,21/06/2005,3,14,Umbelifera,Withe,A,2,D,33,Hymenoptera,Halictidae,Lasioglossum,sp2,1,FRA,40
192,FRA1OP,Equium_sabulicola,9/6/05,1,68,Boraginaceae,Purple,A,2,T,35,Hymenoptera,Halictidae,Lasioglossum,sp1,1,FRA,6.5
193,FRA1OP,Equium_sabulicola,9/6/05,1,68,Boraginaceae,Purple,A,2,T,21,Hymenoptera,Anthophoridae,Ceratina,curcubitina,1,FRA,6.5
194,FRA1OP,Equium_sabulicola,16/06/2005,2,68,Boraginaceae,Purple,A,2,T,21,Hymenoptera,Anthophoridae,Ceratina,curcubitina,1,FRA,6.5
195,FRA1OP,Eryngium_campestre,NA,2,20,Umbelifera,Withe,A,2,D,126,Coleoptera,Mordelidae,Mordellistena,pumila,2,FRA,15
196,FRA1OP,Sedum_sediforme,30/06/2005,4,28,Crassulacea,Yellow,A,2,D,204,Hymenoptera,Andrenidae,Andrena,sp10,1,FRA,14
197,FRA1OP,Sedum_sediforme,30/06/2005,4,28,Crassulacea,Yellow,A,2,D,26,Hymenoptera,Halictidae,Halictus,pyrenaicus,1,FRA,14
198,FRA1OP,Sedum_sediforme,30/06/2005,4,28,Crassulacea,Yellow,A,2,D,29,Hymenoptera,Halictidae,Halictus,gemmeus,2,FRA,14
199,FRA1OP,Sonchus_tenerrinus,14/06/2005,2,32,Asteracea,Yellow,A,3,T,231,Diptera,Sirphidae,Sphaerophoeria,sp1,1,FRA,85.25
200,FRA1OP,Sonchus_tenerrinus,14/06/2005,2,32,Asteracea,Yellow,A,3,T,206,Hymenoptera,Hailictidae,Sphecodes,sp1,1,FRA,85.25
201,FRA1OP,Sonchus_tenerrinus,14/06/2005,2,32,Asteracea,Yellow,A,3,T,215,Hymenoptera,Scolidae,Scolia,sp3,1,FRA,85.25
202,FRA1OP,Sonchus_tenerrinus,9/6/05,1,32,Asteracea,Yellow,A,3,T,33,Hymenoptera,Halictidae,Lasioglossum,sp2,1,FRA,85.25
203,FRA1OP,Sonchus_tenerrinus,14/06/2005,2,32,Asteracea,Yellow,A,3,T,13,Hymenoptera,Apoidea,Apis,mellifera,1,FRA,85.25
204,FRA1OP,Sonchus_tenerrinus,9/6/05,1,32,Asteracea,Yellow,A,3,T,13,Hymenoptera,Apoidea,Apis,mellifera,1,FRA,85.25
205,FRA1OP,Sonchus_tenerrinus,9/6/05,1,32,Asteracea,Yellow,A,3,T,248,Hymenoptera,Andrenidae,Andrena,sp15,1,FRA,85.25
206,FRA1OP,Sonchus_tenerrinus,21/06/2005,3,32,Asteracea,Yellow,A,3,T,35,Hymenoptera,Halictidae,Lasioglossum,sp1,1,FRA,85.25
207,FRA1OP,Sonchus_tenerrinus,9/6/05,1,32,Asteracea,Yellow,A,3,T,188,Hymenoptera,Andrenidae,Andrena,sp4,1,FRA,85.25
208,FRA1OP,Sonchus_tenerrinus,14/06/2005,2,32,Asteracea,Yellow,A,3,T,248,Hymenoptera,Andrenidae,Andrena,sp15,3,FRA,85.25
209,FRA1OP,Sonchus_tenerrinus,9/6/05,1,32,Asteracea,Yellow,A,3,T,52,Hymenoptera,Apoidea,Bombus,terrestris,1,FRA,85.25
210,FRA1OP,Sonchus_tenerrinus,21/06/2005,3,32,Asteracea,Yellow,A,3,T,248,Hymenoptera,Andrenidae,Andrena,sp15,1,FRA,85.25
211,FRA1OP,Sonchus_tenerrinus,21/06/2005,3,32,Asteracea,Yellow,A,3,T,33,Hymenoptera,Halictidae,Lasioglossum,sp2,1,FRA,85.25
212,FRA1OP,Sonchus_tenerrinus,9/6/05,1,32,Asteracea,Yellow,A,3,T,35,Hymenoptera,Halictidae,Lasioglossum,sp1,1,FRA,85.25
213,FRA1OP,Sonchus_tenerrinus,14/06/2005,2,32,Asteracea,Yellow,A,3,T,239,Hymenoptera,Anthophoridae,Nomada,sp3,1,FRA,85.25
214,FRA1OP,Urospermum_picrioides,9/6/05,1,31,Asteracea,Yellow,A,3,T,190,Hymenoptera,Anthophoridae,Anthophora,sp2,1,FRA,4.75
215,FRA2OP,Allium_ampeloprasum,21/06/2005,3,3,Liliacea,Purple,A,3,T,209,Hymenoptera,Braconidae,H80,,1,FRA,1.5
216,FRA2OP,Convolvulus_althaeoides,14/06/2005,2,13,Convolvulacea,Purple,A,1,T,207,Coleoptera,Coleotera1,C57,,1,FRA,40.5
217,FRA2OP,Convolvulus_althaeoides,14/06/2005,2,13,Convolvulacea,Purple,A,1,T,109,Coleoptera,Dasytidae,C4,,1,FRA,40.5
218,FRA2OP,Convolvulus_althaeoides,9/6/05,1,13,Convolvulacea,Purple,A,1,T,207,Coleoptera,Coleotera1,C57,,1,FRA,40.5
219,FRA2OP,Convolvulus_althaeoides,9/6/05,1,13,Convolvulacea,Purple,A,1,T,126,Coleoptera,Mordelidae,Mordellistena,pumila,3,FRA,40.5
220,FRA2OP,Convolvulus_althaeoides,9/6/05,1,13,Convolvulacea,Purple,A,1,T,29,Hymenoptera,Halictidae,Halictus,gemmeus,1,FRA,40.5
221,FRA2OP,Daucus_carota_carota,14/06/2005,2,14,Umbelifera,Withe,A,2,D,126,Coleoptera,Mordelidae,Mordellistena,pumila,4,FRA,22.25
222,FRA2OP,Daucus_carota_carota,21/06/2005,3,14,Umbelifera,Withe,A,2,D,204,Hymenoptera,Andrenidae,Andrena,sp10,1,FRA,22.25
223,FRA2OP,Daucus_carota_carota,30/06/2005,4,14,Umbelifera,Withe,A,2,D,126,Coleoptera,Mordelidae,Mordellistena,pumila,4,FRA,22.25
224,FRA2OP,Daucus_carota_carota,NA,1,14,Umbelifera,Withe,A,2,D,125,Coleoptera,Oedemeridae,Oedemera,flavipes,1,FRA,22.25
225,FRA2OP,Daucus_carota_carota,21/06/2005,3,14,Umbelifera,Withe,A,2,D,126,Coleoptera,Mordelidae,Mordellistena,pumila,1,FRA,22.25
226,FRA2OP,Eryngium_campestre,30/06/2005,4,20,Umbelifera,Withe,A,2,D,35,Hymenoptera,Halictidae,Lasioglossum,sp1,1,FRA,0
227,FRA2OP,Eryngium_campestre,14/06/2005,2,20,Umbelifera,Withe,A,2,D,126,Coleoptera,Mordelidae,Mordellistena,pumila,1,FRA,0
228,FRA2OP,Opuntia_stricta,20/06/2005,3,25,Cactacea,Yellow,A,1,D,52,Hymenoptera,Apoidea,Bombus,terrestris,2,FRA,23.75
229,FRA2OP,Opuntia_stricta,29/06/2005,4,25,Cactacea,Yellow,A,1,D,52,Hymenoptera,Apoidea,Bombus,terrestris,2,FRA,23.75
230,FRA2OP,Opuntia_stricta,NA,1,25,Cactacea,Yellow,A,1,D,252,Hymenoptera,Formicidae,Camponotus,aetiops,2,FRA,23.75
231,FRA2OP,Opuntia_stricta,30/06/2005,4,25,Cactacea,Yellow,A,1,D,216,Hymenoptera,Anthophoridae,Xylocopa,sp1,2,FRA,23.75
232,FRA2OP,Opuntia_stricta,NA,3,25,Cactacea,Yellow,A,1,D,252,Hymenoptera,Formicidae,Camponotus,aetiops,2,FRA,23.75
233,FRA2OP,Opuntia_stricta,30/06/2005,4,25,Cactacea,Yellow,A,1,D,252,Hymenoptera,Formicidae,Camponotus,aetiops,3,FRA,23.75
234,FRA2OP,Opuntia_stricta,9/6/05,1,25,Cactacea,Yellow,A,1,D,13,Hymenoptera,Apoidea,Apis,mellifera,3,FRA,23.75
235,FRA2OP,Opuntia_stricta,21/06/2005,3,25,Cactacea,Yellow,A,1,D,106,Coleoptera,Scarabaeidae,Oxythyrea,funesta,1,FRA,23.75
236,FRA2OP,Opuntia_stricta,21/06/2005,3,25,Cactacea,Yellow,A,1,D,109,Coleoptera,Dasytidae,C4,,2,FRA,23.75
237,FRA2OP,Opuntia_stricta,21/06/2005,3,25,Cactacea,Yellow,A,1,D,216,Hymenoptera,Anthophoridae,Xylocopa,sp1,1,FRA,23.75
238,FRA2OP,Opuntia_stricta,14/06/2005,2,25,Cactacea,Yellow,A,1,D,26,Hymenoptera,Halictidae,Halictus,pyrenaicus,1,FRA,23.75
239,FRA2OP,Opuntia_stricta,30/06/2005,4,25,Cactacea,Yellow,A,1,D,39,Hymenoptera,Colletidae,Hylaeus,nigritus,2,FRA,23.75
240,FRA2OP,Opuntia_stricta,21/06/2005,3,25,Cactacea,Yellow,A,1,D,26,Hymenoptera,Halictidae,Halictus,pyrenaicus,1,FRA,23.75
241,FRA2OP,Opuntia_stricta,14/06/2005,2,25,Cactacea,Yellow,A,1,D,11,Hymenoptera,Megachilidae,Anthidium,sticticum,1,FRA,23.75
242,FRA2OP,Opuntia_stricta,14/06/2005,2,25,Cactacea,Yellow,A,1,D,13,Hymenoptera,Apoidea,Apis,mellifera,7,FRA,23.75
243,FRA2OP,Opuntia_stricta,30/06/2005,4,25,Cactacea,Yellow,A,1,D,35,Hymenoptera,Halictidae,Lasioglossum,sp1,1,FRA,23.75
244,FRA2OP,Opuntia_stricta,9/6/05,1,25,Cactacea,Yellow,A,1,D,217,Hymenoptera,Megachilidae,Anthidium,sp1,1,FRA,23.75
245,FRA2OP,Opuntia_stricta,30/06/2005,4,25,Cactacea,Yellow,A,1,D,13,Hymenoptera,Apoidea,Apis,mellifera,4,FRA,23.75
246,FRA2OP,Opuntia_stricta,30/06/2005,4,25,Cactacea,Yellow,A,1,D,26,Hymenoptera,Halictidae,Halictus,pyrenaicus,1,FRA,23.75
247,FRA2OP,Opuntia_stricta,20/06/2005,3,25,Cactacea,Yellow,A,1,D,13,Hymenoptera,Apoidea,Apis,mellifera,5,FRA,23.75
248,FRA2OP,Opuntia_stricta,14/06/2005,2,25,Cactacea,Yellow,A,1,D,52,Hymenoptera,Apoidea,Bombus,terrestris,2,FRA,23.75
249,FRA2OP,Opuntia_stricta,9/6/05,1,25,Cactacea,Yellow,A,1,D,213,Hymenoptera,Scolidae,Scolia,sp1,1,FRA,23.75
250,FRA2OP,Opuntia_stricta,21/06/2005,3,25,Cactacea,Yellow,A,1,D,217,Hymenoptera,Megachilidae,Anthidium,sp1,1,FRA,23.75
251,FRA2OP,Opuntia_stricta,14/06/2005,2,25,Cactacea,Yellow,A,1,D,106,Coleoptera,Scarabaeidae,Oxythyrea,funesta,1,FRA,23.75
252,FRA2OP,Sedum_sediforme,30/06/2005,4,28,Crassulacea,Yellow,A,2,D,29,Hymenoptera,Halictidae,Halictus,gemmeus,3,FRA,12.5
253,FRA2OP,Sonchus_tenerrinus,9/6/05,1,32,Asteracea,Yellow,A,3,T,13,Hymenoptera,Apoidea,Apis,mellifera,1,FRA,81.75
254,FRA2OP,Sonchus_tenerrinus,9/6/05,1,32,Asteracea,Yellow,A,3,T,105,Coleoptera,Oedemeridae,Oedemera,lurida,1,FRA,81.75
255,FRA2OP,Sonchus_tenerrinus,14/06/2005,2,32,Asteracea,Yellow,A,3,T,35,Hymenoptera,Halictidae,Lasioglossum,sp1,1,FRA,81.75
256,FRA2OP,Sonchus_tenerrinus,14/06/2005,2,32,Asteracea,Yellow,A,3,T,29,Hymenoptera,Halictidae,Halictus,gemmeus,1,FRA,81.75
257,FRA2OP,Sonchus_tenerrinus,14/06/2005,2,32,Asteracea,Yellow,A,3,T,230,Hymenoptera,Colletidae,Hylaeus,sp5,1,FRA,81.75
258,FRA2OP,Sonchus_tenerrinus,21/06/2005,3,32,Asteracea,Yellow,A,3,T,26,Hymenoptera,Halictidae,Halictus,pyrenaicus,1,FRA,81.75
259,FRA2OP,Sonchus_tenerrinus,14/06/2005,2,32,Asteracea,Yellow,A,3,T,248,Hymenoptera,Andrenidae,Andrena,sp15,2,FRA,81.75
260,FRA2OP,Sonchus_tenerrinus,21/06/2005,3,32,Asteracea,Yellow,A,3,T,35,Hymenoptera,Halictidae,Lasioglossum,sp1,2,FRA,81.75
261,FRA2OP,Sonchus_tenerrinus,9/6/05,1,32,Asteracea,Yellow,A,3,T,204,Hymenoptera,Andrenidae,Andrena,sp10,2,FRA,81.75
262,FRA2OP,Sonchus_tenerrinus,9/6/05,1,32,Asteracea,Yellow,A,3,T,167,Coleoptera,Oedemeridae,Oedemera,barbara,2,FRA,81.75
263,FRA2OP,Sonchus_tenerrinus,9/6/05,1,32,Asteracea,Yellow,A,3,T,26,Hymenoptera,Halictidae,Halictus,pyrenaicus,1,FRA,81.75
264,FRA2OP,Sonchus_tenerrinus,14/06/2005,2,32,Asteracea,Yellow,A,3,T,204,Hymenoptera,Andrenidae,Andrena,sp10,1,FRA,81.75
265,FRA2OP,Sonchus_tenerrinus,14/06/2005,2,32,Asteracea,Yellow,A,3,T,26,Hymenoptera,Halictidae,Halictus,pyrenaicus,1,FRA,81.75
266,FRA2OP,Sonchus_tenerrinus,14/06/2005,2,32,Asteracea,Yellow,A,3,T,231,Diptera,Sirphidae,Sphaerophoeria,sp1,1,FRA,81.75
267,FRA2OP,Sonchus_tenerrinus,21/06/2005,3,32,Asteracea,Yellow,A,3,T,248,Hymenoptera,Andrenidae,Andrena,sp15,4,FRA,81.75
268,FRA2OP,Urospermum_picrioides,14/06/2005,2,31,Asteracea,Yellow,A,3,T,188,Hymenoptera,Andrenidae,Andrena,sp4,1,FRA,4.75
269,FRA2OP,Urospermum_picrioides,14/06/2005,2,31,Asteracea,Yellow,A,3,T,33,Hymenoptera,Halictidae,Lasioglossum,sp2,1,FRA,4.75
271,MED1CA,Cistus_albidus,26/04/2005,2,5,Cistacea,Purple,A,1,D,185,Hymenoptera,Andrenidae,Andrena,sp17,2,MED,21.5
272,MED1CA,Cistus_albidus,26/04/2005,2,5,Cistacea,Purple,A,1,D,201,Hymenoptera,Andrenidae,Andrena,sp7,1,MED,21.5
273,MED1CA,Cistus_albidus,29/04/2005,3,5,Cistacea,Purple,A,1,D,185,Hymenoptera,Andrenidae,Andrena,sp17,1,MED,21.5
274,MED1CA,Cistus_albidus,14/04/2005,1,5,Cistacea,Purple,A,1,D,11,Hymenoptera,Megachilidae,Anthidium,sticticum,1,MED,21.5
275,MED1CA,Cistus_albidus,26/04/2005,2,5,Cistacea,Purple,A,1,D,11,Hymenoptera,Megachilidae,Anthidium,sticticum,1,MED,21.5
276,MED1CA,Cistus_albidus,25/05/2005,5,5,Cistacea,Purple,A,1,D,105,Coleoptera,Oedemeridae,Oedemera,lurida,1,MED,21.5
277,MED1CA,Cistus_albidus,25/05/2005,5,5,Cistacea,Purple,A,1,D,106,Coleoptera,Scarabaeidae,Oxythyrea,funesta,1,MED,21.5
278,MED1CA,Cistus_albidus,26/04/2005,2,5,Cistacea,Purple,A,1,D,106,Coleoptera,Scarabaeidae,Oxythyrea,funesta,1,MED,21.5
279,MED1CA,Cistus_albidus,14/04/2005,1,5,Cistacea,Purple,A,1,D,106,Coleoptera,Scarabaeidae,Oxythyrea,funesta,1,MED,21.5
280,MED1CA,Cistus_monspeliensis,25/05/2005,5,6,Cistacea,Withe,A,1,D,105,Coleoptera,Oedemeridae,Oedemera,lurida,8,MED,43.33333333
281,MED1CA,Cistus_monspeliensis,25/05/2005,5,6,Cistacea,Withe,A,1,D,192,Diptera,Bibionidae,D26,,1,MED,43.33333333
282,MED1CA,Cistus_monspeliensis,25/05/2005,5,6,Cistacea,Withe,A,1,D,187,Hymenoptera,Andrenidae,Andrena,sp3,3,MED,43.33333333
283,MED1CA,Cistus_monspeliensis,25/05/2005,5,6,Cistacea,Withe,A,1,D,177,Diptera,Bumbilidae,D22,,1,MED,43.33333333
284,MED1CA,Cistus_monspeliensis,25/05/2005,5,6,Cistacea,Withe,A,1,D,106,Coleoptera,Scarabaeidae,Oxythyrea,funesta,1,MED,43.33333333
285,MED1CA,Cistus_monspeliensis,NA,5,6,Cistacea,Withe,A,1,D,47,Hymenoptera,Formicidae,Plagiolepsis,pigmaea,3,MED,43.33333333
286,MED1CA,Cistus_monspeliensis,11/5/05,4,6,Cistacea,Withe,A,1,D,106,Coleoptera,Scarabaeidae,Oxythyrea,funesta,1,MED,43.33333333
287,MED1CA,Cistus_monspeliensis,11/5/05,4,6,Cistacea,Withe,A,1,D,187,Hymenoptera,Andrenidae,Andrena,sp3,1,MED,43.33333333
288,MED1CA,Cistus_monspeliensis,3/6/05,6,6,Cistacea,Withe,A,1,D,106,Coleoptera,Scarabaeidae,Oxythyrea,funesta,3,MED,43.33333333
289,MED1CA,Cistus_monspeliensis,2/6/05,6,6,Cistacea,Withe,A,1,D,105,Coleoptera,Oedemeridae,Oedemera,lurida,3,MED,43.33333333
290,MED1CA,Cistus_monspeliensis,14/05/2005,4,6,Cistacea,Withe,A,1,D,105,Coleoptera,Oedemeridae,Oedemera,lurida,1,MED,43.33333333
291,MED1CA,Cistus_monspeliensis,26/04/2005,5,6,Cistacea,Withe,A,1,D,254,Hymenoptera,Andrenidae,Andrena,sp6,1,MED,43.33333333
292,MED1CA,Cistus_monspeliensis,25/06/2005,5,6,Cistacea,Withe,A,1,D,204,Hymenoptera,Andrenidae,Andrena,sp10,1,MED,43.33333333
293,MED1CA,Cistus_monspeliensis,11/5/05,4,6,Cistacea,Withe,A,1,D,184,Hymenoptera,Anthophoridae,Amegilla,femorata,1,MED,43.33333333
294,MED1CA,Cistus_salvifolius,11/5/05,4,7,Cistacea,Withe,A,1,D,16,Hymenoptera,Andrenidae,Andrena,sp1,1,MED,32.83333333
295,MED1CA,Cistus_salvifolius,27/04/2005,2,7,Cistacea,Withe,A,1,D,47,Hymenoptera,Formicidae,Plagiolepsis,pigmaea,2,MED,32.83333333
296,MED1CA,Cistus_salvifolius,2/6/05,6,7,Cistacea,Withe,A,1,D,106,Coleoptera,Scarabaeidae,Oxythyrea,funesta,1,MED,32.83333333
297,MED1CA,Cistus_salvifolius,26/04/2005,2,7,Cistacea,Withe,A,1,D,193,Hymenoptera,Andrenidae,Andrena,sp5,1,MED,32.83333333
298,MED1CA,Cistus_salvifolius,26/04/2005,2,7,Cistacea,Withe,A,1,D,198,Hymenoptera,Megachilidae,Osmia,sp3,1,MED,32.83333333
299,MED1CA,Cistus_salvifolius,26/04/2005,2,7,Cistacea,Withe,A,1,D,201,Hymenoptera,Andrenidae,Andrena,sp7,1,MED,32.83333333
300,MED1CA,Cistus_salvifolius,2/6/05,6,7,Cistacea,Withe,A,1,D,105,Coleoptera,Oedemeridae,Oedemera,lurida,1,MED,32.83333333
301,MED1CA,Cistus_salvifolius,26/04/2005,5,7,Cistacea,Withe,A,1,D,104,Coleoptera,Oedemeridae,Oedemera,nobilis,1,MED,32.83333333
302,MED1CA,Cistus_salvifolius,26/04/2005,2,7,Cistacea,Withe,A,1,D,106,Coleoptera,Scarabaeidae,Oxythyrea,funesta,1,MED,32.83333333
303,MED1CA,Cistus_salvifolius,26/04/2005,2,7,Cistacea,Withe,A,1,D,207,Coleoptera,Coleotera1,C57,,1,MED,32.83333333
304,MED1CA,Cistus_salvifolius,26/04/2005,2,7,Cistacea,Withe,A,1,D,205,Coleoptera,Coleoptera2,C56,,2,MED,32.83333333
305,MED1CA,Dorichnium_pentaphylum,11/5/05,4,18,Papilionacea,Withe,Z,2,P,23,Hymenoptera,Colletidae,Colletes,sp1,1,MED,0
306,MED1CA,Dorichnium_pentaphylum,11/5/05,4,18,Papilionacea,Withe,Z,2,P,205,Coleoptera,Coleoptera2,C56,,1,MED,0
307,MED1CA,Lavandula_stoechas,29/04/2005,3,24,Labiada,Purple,Z,3,T,11,Hymenoptera,Megachilidae,Anthidium,sticticum,1,MED,44.83333333
308,MED1CA,Lavandula_stoechas,26/04/2005,2,24,Labiada,Purple,Z,3,T,177,Diptera,Bumbilidae,D22,,1,MED,44.83333333
309,MED1CA,Lavandula_stoechas,26/04/2005,5,24,Labiada,Purple,Z,3,T,79,Lepidoptera,Adelidae,L2,,1,MED,44.83333333
310,MED1CA,Lavandula_stoechas,11/5/05,4,24,Labiada,Purple,Z,3,T,11,Hymenoptera,Megachilidae,Anthidium,sticticum,1,MED,44.83333333
311,MED1CA,Lavandula_stoechas,25/05/2005,5,24,Labiada,Purple,Z,3,T,13,Hymenoptera,Apoidea,Apis,mellifera,2,MED,44.83333333
312,MED1CA,Lavandula_stoechas,11/5/05,4,24,Labiada,Purple,Z,3,T,248,Hymenoptera,Andrenidae,Andrena,sp15,1,MED,44.83333333
313,MED1CA,Lavandula_stoechas,25/05/2005,5,24,Labiada,Purple,Z,3,T,220,Hymenoptera,Megachilidae,H91,,1,MED,44.83333333
314,MED1CA,Lavandula_stoechas,29/04/2005,3,24,Labiada,Purple,Z,3,T,13,Hymenoptera,Apoidea,Apis,mellifera,1,MED,44.83333333
315,MED1CA,Lavandula_stoechas,14/04/2005,1,24,Labiada,Purple,Z,3,T,13,Hymenoptera,Apoidea,Apis,mellifera,2,MED,44.83333333
316,MED1CA,Lavandula_stoechas,11/5/05,4,24,Labiada,Purple,Z,3,T,13,Hymenoptera,Apoidea,Apis,mellifera,1,MED,44.83333333
317,MED1CA,Lavandula_stoechas,26/04/2005,2,24,Labiada,Purple,Z,3,T,13,Hymenoptera,Apoidea,Apis,mellifera,1,MED,44.83333333
318,MED1CA,Lavandula_stoechas,25/05/2005,5,24,Labiada,Purple,Z,3,T,177,Diptera,Bumbilidae,D22,,1,MED,44.83333333
319,MED1CA,Linum,2/6/05,6,67,Linaceae,Blue,A,1,D,198,Hymenoptera,Megachilidae,Osmia,sp3,1,MED,0
320,MED1CA,Rosmarinus_officinalis,29/04/2005,3,64,Labiada,Blue,Z,2,T,185,Hymenoptera,Andrenidae,Andrena,sp17,1,MED,141
321,MED1CA,Rosmarinus_officinalis,30/04/2005,3,64,Labiada,Blue,Z,2,T,175,Hymenoptera,Halictidae,Lasioglossum,sp4,1,MED,141
322,MED1CA,Rosmarinus_officinalis,14/04/2005,1,64,Labiada,Blue,Z,2,T,13,Hymenoptera,Apoidea,Apis,mellifera,1,MED,141
323,MED1CA,Rosmarinus_officinalis,25/05/2005,5,64,Labiada,Blue,Z,2,T,11,Hymenoptera,Megachilidae,Anthidium,sticticum,1,MED,141
324,MED1CA,Rosmarinus_officinalis,26/04/2005,2,64,Labiada,Blue,Z,2,T,13,Hymenoptera,Apoidea,Apis,mellifera,6,MED,141
325,MED1CA,Rosmarinus_officinalis,14/04/2005,1,64,Labiada,Blue,Z,2,T,177,Diptera,Bumbilidae,D22,,3,MED,141
326,MED1CA,Rosmarinus_officinalis,14/04/2005,1,64,Labiada,Blue,Z,2,T,174,Hymenoptera,Anthophoridae,Nomada,sp1,1,MED,141
327,MED1CA,Rosmarinus_officinalis,29/04/2005,3,64,Labiada,Blue,Z,2,T,13,Hymenoptera,Apoidea,Apis,mellifera,2,MED,141
328,MED1CA,Sonchus_tenerrinus,14/04/2005,1,32,Asteracea,Yellow,A,3,T,187,Hymenoptera,Andrenidae,Andrena,sp3,1,MED,3.166666667
329,MED1CA,Urospermum_picrioides,25/05/2005,5,31,Asteracea,Yellow,A,3,T,248,Hymenoptera,Andrenidae,Andrena,sp15,1,MED,0
330,MED1CA,Vicea_lutea,26/04/2005,2,65,Papilionacea,Yellow,Z,2,P,193,Hymenoptera,Andrenidae,Andrena,sp5,1,MED,0
331,MED2CA,Aetheorrina_bulbosa,24/04/2005,2,8,Asteracea,Yellow,A,3,T,125,Coleoptera,Oedemeridae,Oedemera,flavipes,2,MED,0
332,MED2CA,Carpobrotus_aff.acinaciformis,2/6/05,6,4,Aizoacea,Purple,A,1,D,105,Coleoptera,Oedemeridae,Oedemera,lurida,2,MED,25
333,MED2CA,Carpobrotus_aff.acinaciformis,25/05/2005,5,4,Aizoacea,Purple,A,1,D,105,Coleoptera,Oedemeridae,Oedemera,lurida,2,MED,25
334,MED2CA,Carpobrotus_aff.acinaciformis,26/04/2005,2,4,Aizoacea,Purple,A,1,D,196,Hymenoptera,Halictidae,Halictus,sp4,1,MED,25
335,MED2CA,Carpobrotus_aff.acinaciformis,29/04/2005,3,4,Aizoacea,Purple,A,1,D,196,Hymenoptera,Halictidae,Halictus,sp4,2,MED,25
336,MED2CA,Carpobrotus_aff.acinaciformis,26/04/2005,2,4,Aizoacea,Purple,A,1,D,106,Coleoptera,Scarabaeidae,Oxythyrea,funesta,3,MED,25
337,MED2CA,Carpobrotus_aff.acinaciformis,29/04/2005,3,4,Aizoacea,Purple,A,1,D,201,Hymenoptera,Andrenidae,Andrena,sp7,1,MED,25
338,MED2CA,Carpobrotus_aff.acinaciformis,11/5/05,4,4,Aizoacea,Purple,A,1,D,223,Hymenoptera,Megachilidae,H94,,1,MED,25
339,MED2CA,Carpobrotus_aff.acinaciformis,11/5/05,4,4,Aizoacea,Purple,A,1,D,52,Hymenoptera,Apoidea,Bombus,terrestris,2,MED,25
340,MED2CA,Carpobrotus_aff.acinaciformis,2/6/05,6,4,Aizoacea,Purple,A,1,D,106,Coleoptera,Scarabaeidae,Oxythyrea,funesta,2,MED,25
341,MED2CA,Carpobrotus_aff.acinaciformis,11/5/05,4,4,Aizoacea,Purple,A,1,D,13,Hymenoptera,Apoidea,Apis,mellifera,1,MED,25
342,MED2CA,Carpobrotus_aff.acinaciformis,26/04/2005,2,4,Aizoacea,Purple,A,1,D,114,Coleoptera,Dasytidae,Psilothrix,sp1,5,MED,25
343,MED2CA,Carpobrotus_aff.acinaciformis,11/5/05,4,4,Aizoacea,Purple,A,1,D,106,Coleoptera,Scarabaeidae,Oxythyrea,funesta,2,MED,25
344,MED2CA,Carpobrotus_aff.acinaciformis,29/04/2005,3,4,Aizoacea,Purple,A,1,D,114,Coleoptera,Dasytidae,Psilothrix,sp1,1,MED,25
345,MED2CA,Carpobrotus_aff.acinaciformis,11/5/05,4,4,Aizoacea,Purple,A,1,D,114,Coleoptera,Dasytidae,Psilothrix,sp1,1,MED,25
346,MED2CA,Carpobrotus_aff.acinaciformis,25/05/2005,5,4,Aizoacea,Purple,A,1,D,106,Coleoptera,Scarabaeidae,Oxythyrea,funesta,1,MED,25
347,MED2CA,Carpobrotus_aff.acinaciformis,26/05/2005,5,4,Aizoacea,Purple,A,1,D,52,Hymenoptera,Apoidea,Bombus,terrestris,4,MED,25
348,MED2CA,Carpobrotus_aff.acinaciformis,2/6/05,6,4,Aizoacea,Purple,A,1,D,126,Coleoptera,Mordelidae,Mordellistena,pumila,2,MED,25
349,MED2CA,Carpobrotus_aff.acinaciformis,26/04/2005,2,4,Aizoacea,Purple,A,1,D,207,Coleoptera,Coleotera1,C57,,2,MED,25
350,MED2CA,Carpobrotus_aff.acinaciformis,2/6/05,6,4,Aizoacea,Purple,A,1,D,52,Hymenoptera,Apoidea,Bombus,terrestris,1,MED,25
351,MED2CA,Cistus_albidus,26/04/2005,2,5,Cistacea,Purple,A,1,D,11,Hymenoptera,Megachilidae,Anthidium,sticticum,2,MED,10.66666667
352,MED2CA,Cistus_albidus,NA,4,5,Cistacea,Purple,A,1,D,125,Coleoptera,Oedemeridae,Oedemera,flavipes,1,MED,10.66666667
353,MED2CA,Cistus_albidus,11/5/05,4,5,Cistacea,Purple,A,1,D,187,Hymenoptera,Andrenidae,Andrena,sp3,1,MED,10.66666667
354,MED2CA,Cistus_albidus,14/04/2005,1,5,Cistacea,Purple,A,1,D,52,Hymenoptera,Apoidea,Bombus,terrestris,1,MED,10.66666667
355,MED2CA,Cistus_albidus,14/04/2005,1,5,Cistacea,Purple,A,1,D,14,Hymenoptera,Andrenidae,Andrena,sp18,1,MED,10.66666667
356,MED2CA,Cistus_albidus,14/04/2005,1,5,Cistacea,Purple,A,1,D,176,Diptera,Sirphidae,D21,,1,MED,10.66666667
357,MED2CA,Cistus_albidus,26/04/2005,2,5,Cistacea,Purple,A,1,D,112,Coleoptera,Ptinidae?_Bruchidae?,C7,,1,MED,10.66666667
358,MED2CA,Cistus_albidus,11/5/05,4,5,Cistacea,Purple,A,1,D,105,Coleoptera,Oedemeridae,Oedemera,lurida,2,MED,10.66666667
359,MED2CA,Cistus_albidus,14/04/2005,1,5,Cistacea,Purple,A,1,D,185,Hymenoptera,Andrenidae,Andrena,sp17,1,MED,10.66666667
360,MED2CA,Cistus_monspeliensis,11/5/05,4,6,Cistacea,Withe,A,1,D,106,Coleoptera,Scarabaeidae,Oxythyrea,funesta,2,MED,33.16666667
361,MED2CA,Cistus_monspeliensis,26/04/2005,2,6,Cistacea,Withe,A,1,D,206,Hymenoptera,Hailictidae,Sphecodes,sp1,2,MED,33.16666667
362,MED2CA,Cistus_monspeliensis,29/04/2005,3,6,Cistacea,Withe,A,1,D,114,Coleoptera,Dasytidae,Psilothrix,sp1,1,MED,33.16666667
363,MED2CA,Cistus_monspeliensis,25/05/2005,5,6,Cistacea,Withe,A,1,D,177,Diptera,Bumbilidae,D22,,2,MED,33.16666667
364,MED2CA,Cistus_monspeliensis,30/04/2005,3,6,Cistacea,Withe,A,1,D,177,Diptera,Bumbilidae,D22,,1,MED,33.16666667
365,MED2CA,Cistus_monspeliensis,11/6/05,4,6,Cistacea,Withe,A,1,D,204,Hymenoptera,Andrenidae,Andrena,sp10,1,MED,33.16666667
366,MED2CA,Cistus_monspeliensis,11/5/05,4,6,Cistacea,Withe,A,1,D,105,Coleoptera,Oedemeridae,Oedemera,lurida,1,MED,33.16666667
367,MED2CA,Cistus_monspeliensis,24/04/2005,2,6,Cistacea,Withe,A,1,D,254,Hymenoptera,Andrenidae,Andrena,sp6,1,MED,33.16666667
368,MED2CA,Cistus_monspeliensis,11/5/05,4,6,Cistacea,Withe,A,1,D,177,Diptera,Bumbilidae,D22,,1,MED,33.16666667
369,MED2CA,Cistus_monspeliensis,2/6/05,6,6,Cistacea,Withe,A,1,D,248,Hymenoptera,Andrenidae,Andrena,sp15,1,MED,33.16666667
370,MED2CA,Cistus_monspeliensis,11/5/05,4,6,Cistacea,Withe,A,1,D,14,Hymenoptera,Andrenidae,Andrena,sp18,2,MED,33.16666667
371,MED2CA,Cistus_monspeliensis,26/04/2005,2,6,Cistacea,Withe,A,1,D,192,Diptera,Bibionidae,D26,,1,MED,33.16666667
372,MED2CA,Cistus_monspeliensis,11/5/05,4,6,Cistacea,Withe,A,1,D,185,Hymenoptera,Andrenidae,Andrena,sp17,2,MED,33.16666667
373,MED2CA,Cistus_monspeliensis,2/6/05,6,6,Cistacea,Withe,A,1,D,106,Coleoptera,Scarabaeidae,Oxythyrea,funesta,2,MED,33.16666667
374,MED2CA,Cistus_monspeliensis,11/5/05,4,6,Cistacea,Withe,A,1,D,16,Hymenoptera,Andrenidae,Andrena,sp1,1,MED,33.16666667
375,MED2CA,Cistus_monspeliensis,2/6/05,6,6,Cistacea,Withe,A,1,D,103,Coleoptera,Maloidea,Myrabilis,quadripunctata,1,MED,33.16666667
376,MED2CA,Cistus_monspeliensis,2/6/05,6,6,Cistacea,Withe,A,1,D,105,Coleoptera,Oedemeridae,Oedemera,lurida,3,MED,33.16666667
377,MED2CA,Cistus_monspeliensis,24/05/2005,5,6,Cistacea,Withe,A,1,D,61,Diptera,Milichidae,D9,,1,MED,33.16666667
378,MED2CA,Cistus_monspeliensis,24/05/2005,5,6,Cistacea,Withe,A,1,D,229,Hymenoptera,Colletidae,Hylaeus,sp6,1,MED,33.16666667
379,MED2CA,Cistus_monspeliensis,25/05/2005,5,6,Cistacea,Withe,A,1,D,105,Coleoptera,Oedemeridae,Oedemera,lurida,5,MED,33.16666667
380,MED2CA,Cistus_monspeliensis,11/5/05,4,6,Cistacea,Withe,A,1,D,125,Coleoptera,Oedemeridae,Oedemera,flavipes,1,MED,33.16666667
381,MED2CA,Cistus_salvifolius,11/5/05,4,7,Cistacea,Withe,A,1,D,187,Hymenoptera,Andrenidae,Andrena,sp3,1,MED,52.16666667
382,MED2CA,Cistus_salvifolius,29/04/2005,3,7,Cistacea,Withe,A,1,D,196,Hymenoptera,Halictidae,Halictus,sp4,1,MED,52.16666667
383,MED2CA,Cistus_salvifolius,26/04/2005,2,7,Cistacea,Withe,A,1,D,187,Hymenoptera,Andrenidae,Andrena,sp3,1,MED,52.16666667
384,MED2CA,Cistus_salvifolius,2/6/05,6,7,Cistacea,Withe,A,1,D,106,Coleoptera,Scarabaeidae,Oxythyrea,funesta,1,MED,52.16666667
385,MED2CA,Cistus_salvifolius,30/04/2005,3,7,Cistacea,Withe,A,1,D,56,Diptera,Bumbilidae,Conophorus,virescens,1,MED,52.16666667
386,MED2CA,Cistus_salvifolius,30/04/2005,3,7,Cistacea,Withe,A,1,D,177,Diptera,Bumbilidae,D22,,1,MED,52.16666667
387,MED2CA,Cistus_salvifolius,29/04/2005,3,7,Cistacea,Withe,A,1,D,126,Coleoptera,Mordelidae,Mordellistena,pumila,2,MED,52.16666667
388,MED2CA,Cistus_salvifolius,11/5/05,4,7,Cistacea,Withe,A,1,D,106,Coleoptera,Scarabaeidae,Oxythyrea,funesta,1,MED,52.16666667
389,MED2CA,Cistus_salvifolius,26/04/2005,2,7,Cistacea,Withe,A,1,D,114,Coleoptera,Dasytidae,Psilothrix,sp1,3,MED,52.16666667
390,MED2CA,Cistus_salvifolius,29/04/2005,3,7,Cistacea,Withe,A,1,D,106,Coleoptera,Scarabaeidae,Oxythyrea,funesta,2,MED,52.16666667
391,MED2CA,Cistus_salvifolius,2/5/05,6,7,Cistacea,Withe,A,1,D,126,Coleoptera,Mordelidae,Mordellistena,pumila,1,MED,52.16666667
392,MED2CA,Cistus_salvifolius,14/04/2005,1,7,Cistacea,Withe,A,1,D,13,Hymenoptera,Apoidea,Apis,mellifera,1,MED,52.16666667
393,MED2CA,Cistus_salvifolius,26/04/2005,2,7,Cistacea,Withe,A,1,D,202,Hymenoptera,Andrenidae,Andrena,sp8,2,MED,52.16666667
394,MED2CA,Cistus_salvifolius,25/05/2005,5,7,Cistacea,Withe,A,1,D,207,Coleoptera,Coleotera1,C57,,1,MED,52.16666667
395,MED2CA,Cistus_salvifolius,26/04/2005,2,7,Cistacea,Withe,A,1,D,106,Coleoptera,Scarabaeidae,Oxythyrea,funesta,2,MED,52.16666667
396,MED2CA,Cistus_salvifolius,11/5/05,4,7,Cistacea,Withe,A,1,D,205,Coleoptera,Coleoptera2,C56,,1,MED,52.16666667
397,MED2CA,Cistus_salvifolius,14/04/2005,1,7,Cistacea,Withe,A,1,D,184,Hymenoptera,Anthophoridae,Amegilla,femorata,1,MED,52.16666667
398,MED2CA,Cistus_salvifolius,29/04/2005,3,7,Cistacea,Withe,A,1,D,193,Hymenoptera,Andrenidae,Andrena,sp5,2,MED,52.16666667
399,MED2CA,Cistus_salvifolius,14/04/2005,1,7,Cistacea,Withe,A,1,D,176,Diptera,Sirphidae,D21,,1,MED,52.16666667
400,MED2CA,Cistus_salvifolius,11/5/05,4,7,Cistacea,Withe,A,1,D,114,Coleoptera,Dasytidae,Psilothrix,sp1,1,MED,52.16666667
401,MED2CA,Cistus_salvifolius,NA,3,7,Cistacea,Withe,A,1,D,47,Hymenoptera,Formicidae,Plagiolepsis,pigmaea,1,MED,52.16666667
402,MED2CA,Cistus_salvifolius,NA,5,7,Cistacea,Withe,A,1,D,125,Coleoptera,Oedemeridae,Oedemera,flavipes,1,MED,52.16666667
403,MED2CA,Cistus_salvifolius,26/05/2005,5,7,Cistacea,Withe,A,1,D,109,Coleoptera,Dasytidae,C4,,1,MED,52.16666667
404,MED2CA,Cistus_salvifolius,26/04/2005,2,7,Cistacea,Withe,A,1,D,193,Hymenoptera,Andrenidae,Andrena,sp5,2,MED,52.16666667
405,MED2CA,Cistus_salvifolius,11/5/05,4,7,Cistacea,Withe,A,1,D,207,Coleoptera,Coleotera1,C57,,3,MED,52.16666667
406,MED2CA,Cistus_salvifolius,25/05/2005,5,7,Cistacea,Withe,A,1,D,106,Coleoptera,Scarabaeidae,Oxythyrea,funesta,1,MED,52.16666667
407,MED2CA,Dorichnium_pentaphylum,29/04/2005,3,18,Papilionacea,Withe,Z,2,P,23,Hymenoptera,Colletidae,Colletes,sp1,2,MED,0
408,MED2CA,Galactites_tomentosa,11/5/05,4,22,Asteracea,Purple,A,1,T,13,Hymenoptera,Apoidea,Apis,mellifera,1,MED,0
409,MED2CA,Galactites_tomentosa,11/5/05,4,22,Asteracea,Purple,A,1,T,249,Coleoptera,Coleoptera4,C58,,3,MED,0
410,MED2CA,Helianthemum_guttatum,25/05/2005,5,23,Cistacea,Yellow,A,1,D,105,Coleoptera,Oedemeridae,Oedemera,lurida,1,MED,0
411,MED2CA,Helianthemum_guttatum,25/05/2005,5,23,Cistacea,Yellow,A,1,D,187,Hymenoptera,Andrenidae,Andrena,sp3,1,MED,0
412,MED2CA,Helianthemum_guttatum,NA,4,23,Cistacea,Yellow,A,1,D,126,Coleoptera,Mordelidae,Mordellistena,pumila,1,MED,0
413,MED2CA,Helichrisum_stoechas,2/5/05,6,38,Asteracea,Yellow,A,3,T,126,Coleoptera,Mordelidae,Mordellistena,pumila,6,MED,0
414,MED2CA,Helichrisum_stoechas,2/6/05,6,38,Asteracea,Yellow,A,3,T,105,Coleoptera,Oedemeridae,Oedemera,lurida,1,MED,0
415,MED2CA,Helichrisum_stoechas,25/05/2005,5,38,Asteracea,Yellow,A,3,T,126,Coleoptera,Mordelidae,Mordellistena,pumila,2,MED,0
416,MED2CA,Helichrisum_stoechas,2/6/05,6,38,Asteracea,Yellow,A,3,T,106,Coleoptera,Scarabaeidae,Oxythyrea,funesta,1,MED,0
417,MED2CA,Lathirus_clymenum,26/04/2005,2,41,Papilionacea,Purple,Z,1,P,11,Hymenoptera,Megachilidae,Anthidium,sticticum,1,MED,0.666666667
418,MED2CA,Lavandula_stoechas,29/04/2005,3,24,Labiada,Purple,Z,3,T,106,Coleoptera,Scarabaeidae,Oxythyrea,funesta,1,MED,30.66666667
419,MED2CA,Lavandula_stoechas,27/04/2005,2,24,Labiada,Purple,Z,3,T,79,Lepidoptera,Adelidae,L2,,1,MED,30.66666667
420,MED2CA,Lavandula_stoechas,30/04/2005,3,24,Labiada,Purple,Z,3,T,13,Hymenoptera,Apoidea,Apis,mellifera,3,MED,30.66666667
421,MED2CA,Lavandula_stoechas,11/5/05,4,24,Labiada,Purple,Z,3,T,196,Hymenoptera,Halictidae,Halictus,sp4,1,MED,30.66666667
422,MED2CA,Lavandula_stoechas,11/5/05,4,24,Labiada,Purple,Z,3,T,13,Hymenoptera,Apoidea,Apis,mellifera,1,MED,30.66666667
423,MED2CA,Rosmarinus_officinalis,26/04/2005,2,64,Labiada,Blue,Z,2,T,13,Hymenoptera,Apoidea,Apis,mellifera,2,MED,100.8333333
424,MED2CA,Rosmarinus_officinalis,14/04/2005,1,64,Labiada,Blue,Z,2,T,13,Hymenoptera,Apoidea,Apis,mellifera,1,MED,100.8333333
425,MED2CA,Rosmarinus_officinalis,26/04/2005,2,64,Labiada,Blue,Z,2,T,11,Hymenoptera,Megachilidae,Anthidium,sticticum,2,MED,100.8333333
426,MED2CA,Rosmarinus_officinalis,28/03/2005,1,64,Labiada,Blue,Z,2,T,172,Lepidoptera,Lycaneidae,Callophrys,rubi,1,MED,100.8333333
427,MED2CA,Rosmarinus_officinalis,29/04/2005,3,64,Labiada,Blue,Z,2,T,106,Coleoptera,Scarabaeidae,Oxythyrea,funesta,1,MED,100.8333333
428,MED2CA,Rosmarinus_officinalis,30/04/2005,3,64,Labiada,Blue,Z,2,T,13,Hymenoptera,Apoidea,Apis,mellifera,1,MED,100.8333333
429,MED2CA,Rosmarinus_officinalis,14/04/2005,1,64,Labiada,Blue,Z,2,T,184,Hymenoptera,Anthophoridae,Amegilla,femorata,2,MED,100.8333333
430,MED2CA,Rosmarinus_officinalis,26/04/2005,2,64,Labiada,Blue,Z,2,T,23,Hymenoptera,Colletidae,Colletes,sp1,1,MED,100.8333333
431,MED2CA,Rosmarinus_officinalis,14/04/2005,1,64,Labiada,Blue,Z,2,T,176,Diptera,Sirphidae,D21,,3,MED,100.8333333
432,MED2CA,Rosmarinus_officinalis,14/06/2005,1,64,Labiada,Blue,Z,2,T,231,Diptera,Sirphidae,Sphaerophoeria,sp1,1,MED,100.8333333
433,MED2CA,Sonchus_tenerrinus,11/5/05,4,32,Asteracea,Yellow,A,3,T,187,Hymenoptera,Andrenidae,Andrena,sp3,3,MED,3.166666667
434,MED2CA,Sonchus_tenerrinus,26/04/2005,2,32,Asteracea,Yellow,A,3,T,185,Hymenoptera,Andrenidae,Andrena,sp17,1,MED,3.166666667
435,MED2CA,Sonchus_tenerrinus,14/04/2005,1,32,Asteracea,Yellow,A,3,T,185,Hymenoptera,Andrenidae,Andrena,sp17,1,MED,3.166666667
436,MED2CA,Sonchus_tenerrinus,14/04/2005,1,32,Asteracea,Yellow,A,3,T,186,Hymenoptera,Andrenidae,Andrena,sp2,1,MED,3.166666667
437,MED2CA,Sonchus_tenerrinus,11/5/05,4,32,Asteracea,Yellow,A,3,T,194,Hymenoptera,Anthophoridae,Nomada,sp4,1,MED,3.166666667
438,MED2CA,Sonchus_tenerrinus,29/04/2005,3,32,Asteracea,Yellow,A,3,T,187,Hymenoptera,Andrenidae,Andrena,sp3,1,MED,3.166666667
439,MED2CA,Sonchus_tenerrinus,29/04/2005,3,32,Asteracea,Yellow,A,3,T,114,Coleoptera,Dasytidae,Psilothrix,sp1,1,MED,3.166666667
440,MED2CA,Sonchus_tenerrinus,11/5/05,4,32,Asteracea,Yellow,A,3,T,114,Coleoptera,Dasytidae,Psilothrix,sp1,1,MED,3.166666667
441,MED2CA,Sonchus_tenerrinus,11/5/05,4,32,Asteracea,Yellow,A,3,T,106,Coleoptera,Scarabaeidae,Oxythyrea,funesta,1,MED,3.166666667
442,MED2CA,Urospermum_picrioides,11/5/05,4,31,Asteracea,Yellow,A,3,T,105,Coleoptera,Oedemeridae,Oedemera,lurida,1,MED,0
443,MED2CA,Urospermum_picrioides,2/6/05,6,31,Asteracea,Yellow,A,3,T,105,Coleoptera,Oedemeridae,Oedemera,lurida,1,MED,0
444,MED2CA,Urospermum_picrioides,NA,5,31,Asteracea,Yellow,A,3,T,126,Coleoptera,Mordelidae,Mordellistena,pumila,1,MED,0
445,MED2CA,Urospermum_picrioides,11/5/05,4,31,Asteracea,Yellow,A,3,T,115,Coleoptera,Chrysomelidae,Criptocephalus,sp1,1,MED,0
446,MED2CA,Urospermum_picrioides,24/05/2005,5,31,Asteracea,Yellow,A,3,T,247,Hymenoptera,Andrenidae,Andrena,sp14,1,MED,0
447,MED2CA,Urospermum_picrioides,2/6/05,6,31,Asteracea,Yellow,A,3,T,247,Hymenoptera,Andrenidae,Andrena,sp14,1,MED,0
448,MED3CA,Cistus_albidus,27/04/2005,2,5,Cistacea,Purple,A,1,D,114,Coleoptera,Dasytidae,Psilothrix,sp1,1,MED,25.33333333
449,MED3CA,Cistus_albidus,27/04/2005,2,5,Cistacea,Purple,A,1,D,200,Hymenoptera,Megachilidae,Osmia,sp2,2,MED,25.33333333
450,MED3CA,Cistus_albidus,13/04/2005,1,5,Cistacea,Purple,A,1,D,182,Hymenoptera,Megachilidae,Megachille,sp3,1,MED,25.33333333
451,MED3CA,Cistus_albidus,27/04/2005,2,5,Cistacea,Purple,A,1,D,13,Hymenoptera,Apoidea,Apis,mellifera,2,MED,25.33333333
452,MED3CA,Cistus_albidus,27/04/2005,2,5,Cistacea,Purple,A,1,D,11,Hymenoptera,Megachilidae,Anthidium,sticticum,2,MED,25.33333333
453,MED3CA,Cistus_albidus,14/04/2005,1,5,Cistacea,Purple,A,1,D,185,Hymenoptera,Andrenidae,Andrena,sp17,1,MED,25.33333333
454,MED3CA,Cistus_albidus,27/04/2005,2,5,Cistacea,Purple,A,1,D,106,Coleoptera,Scarabaeidae,Oxythyrea,funesta,1,MED,25.33333333
455,MED3CA,Cistus_albidus,27/04/2005,2,5,Cistacea,Purple,A,1,D,105,Coleoptera,Oedemeridae,Oedemera,lurida,1,MED,25.33333333
456,MED3CA,Cistus_albidus,26/05/2005,5,5,Cistacea,Purple,A,1,D,105,Coleoptera,Oedemeridae,Oedemera,lurida,1,MED,25.33333333
457,MED3CA,Cistus_albidus,14/04/2005,1,5,Cistacea,Purple,A,1,D,11,Hymenoptera,Megachilidae,Anthidium,sticticum,1,MED,25.33333333
458,MED3CA,Cistus_albidus,14/04/2005,1,5,Cistacea,Purple,A,1,D,199,Hymenoptera,Megachilidae,Megachille,sp1,1,MED,25.33333333
459,MED3CA,Cistus_albidus,27/04/2005,2,5,Cistacea,Purple,A,1,D,185,Hymenoptera,Andrenidae,Andrena,sp17,2,MED,25.33333333
460,MED3CA,Cistus_albidus,14/04/2005,1,5,Cistacea,Purple,A,1,D,106,Coleoptera,Scarabaeidae,Oxythyrea,funesta,1,MED,25.33333333
461,MED3CA,Cistus_albidus,30/04/2005,3,5,Cistacea,Purple,A,1,D,202,Hymenoptera,Andrenidae,Andrena,sp8,2,MED,25.33333333
462,MED3CA,Cistus_monspeliensis,3/6/05,6,6,Cistacea,Withe,A,1,D,11,Hymenoptera,Megachilidae,Anthidium,sticticum,1,MED,32
463,MED3CA,Cistus_monspeliensis,23/05/2005,4,6,Cistacea,Withe,A,1,D,246,Hymenoptera,Andrenidae,Andrena,sp13,1,MED,32
464,MED3CA,Cistus_monspeliensis,26/05/2005,5,6,Cistacea,Withe,A,1,D,126,Coleoptera,Mordelidae,Mordellistena,pumila,1,MED,32
465,MED3CA,Cistus_monspeliensis,25/05/2005,5,6,Cistacea,Withe,A,1,D,37,Hymenoptera,Colletidae,Hylaeus,variegatus,1,MED,32
466,MED3CA,Cistus_monspeliensis,23/05/2005,4,6,Cistacea,Withe,A,1,D,11,Hymenoptera,Megachilidae,Anthidium,sticticum,1,MED,32
467,MED3CA,Cistus_monspeliensis,23/05/2005,4,6,Cistacea,Withe,A,1,D,177,Diptera,Bumbilidae,D22,,1,MED,32
468,MED3CA,Cistus_monspeliensis,3/5/05,6,6,Cistacea,Withe,A,1,D,126,Coleoptera,Mordelidae,Mordellistena,pumila,1,MED,32
469,MED3CA,Cistus_monspeliensis,27/04/2005,2,6,Cistacea,Withe,A,1,D,13,Hymenoptera,Apoidea,Apis,mellifera,2,MED,32
470,MED3CA,Cistus_monspeliensis,23/05/2005,4,6,Cistacea,Withe,A,1,D,126,Coleoptera,Mordelidae,Mordellistena,pumila,1,MED,32
471,MED3CA,Cistus_monspeliensis,3/6/05,6,6,Cistacea,Withe,A,1,D,105,Coleoptera,Oedemeridae,Oedemera,lurida,3,MED,32
472,MED3CA,Cistus_monspeliensis,25/05/2005,5,6,Cistacea,Withe,A,1,D,35,Hymenoptera,Halictidae,Lasioglossum,sp1,1,MED,32
473,MED3CA,Cistus_monspeliensis,27/04/2005,2,6,Cistacea,Withe,A,1,D,35,Hymenoptera,Halictidae,Lasioglossum,sp1,1,MED,32
474,MED3CA,Cistus_monspeliensis,27/04/2005,2,6,Cistacea,Withe,A,1,D,14,Hymenoptera,Andrenidae,Andrena,sp18,1,MED,32
475,MED3CA,Cistus_monspeliensis,26/05/2005,5,6,Cistacea,Withe,A,1,D,105,Coleoptera,Oedemeridae,Oedemera,lurida,1,MED,32
476,MED3CA,Cistus_monspeliensis,23/05/2005,4,6,Cistacea,Withe,A,1,D,175,Hymenoptera,Halictidae,Lasioglossum,sp4,3,MED,32
477,MED3CA,Cistus_monspeliensis,23/05/2005,4,6,Cistacea,Withe,A,1,D,231,Diptera,Sirphidae,Sphaerophoeria,sp1,2,MED,32
478,MED3CA,Cistus_monspeliensis,23/05/2005,4,6,Cistacea,Withe,A,1,D,207,Coleoptera,Coleotera1,C57,,1,MED,32
479,MED3CA,Cistus_monspeliensis,23/05/2005,4,6,Cistacea,Withe,A,1,D,105,Coleoptera,Oedemeridae,Oedemera,lurida,5,MED,32
480,MED3CA,Cistus_monspeliensis,23/05/2005,4,6,Cistacea,Withe,A,1,D,106,Coleoptera,Scarabaeidae,Oxythyrea,funesta,1,MED,32
481,MED3CA,Cistus_salvifolius,23/05/2005,4,7,Cistacea,Withe,A,1,D,106,Coleoptera,Scarabaeidae,Oxythyrea,funesta,2,MED,43.66666667
482,MED3CA,Cistus_salvifolius,14/04/2005,1,7,Cistacea,Withe,A,1,D,186,Hymenoptera,Andrenidae,Andrena,sp2,1,MED,43.66666667
483,MED3CA,Dorichnium_pentaphylum,27/04/2005,2,18,Papilionacea,Withe,Z,2,P,23,Hymenoptera,Colletidae,Colletes,sp1,3,MED,14.5
484,MED3CA,Galactites_tomentosa,26/05/2005,5,22,Asteracea,Purple,A,1,T,126,Coleoptera,Mordelidae,Mordellistena,pumila,1,MED,0
485,MED3CA,Galactites_tomentosa,23/05/2005,4,22,Asteracea,Purple,A,1,T,198,Hymenoptera,Megachilidae,Osmia,sp3,1,MED,0
486,MED3CA,Galactites_tomentosa,25/05/2005,5,22,Asteracea,Purple,A,1,T,198,Hymenoptera,Megachilidae,Osmia,sp3,1,MED,0
487,MED3CA,Galactites_tomentosa,23/05/2005,4,22,Asteracea,Purple,A,1,T,243,Hymenoptera,Halictidae,Halictus,sp2,1,MED,0
488,MED3CA,Galactites_tomentosa,23/05/2005,4,22,Asteracea,Purple,A,1,T,105,Coleoptera,Oedemeridae,Oedemera,lurida,1,MED,0
489,MED3CA,Galactites_tomentosa,26/05/2005,5,22,Asteracea,Purple,A,1,T,105,Coleoptera,Oedemeridae,Oedemera,lurida,1,MED,0
490,MED3CA,Galactites_tomentosa,26/05/2005,5,22,Asteracea,Purple,A,1,T,13,Hymenoptera,Apoidea,Apis,mellifera,1,MED,0
491,MED3CA,Galactites_tomentosa,3/6/05,6,22,Asteracea,Purple,A,1,T,106,Coleoptera,Scarabaeidae,Oxythyrea,funesta,1,MED,0
492,MED3CA,Galactites_tomentosa,2/6/05,6,22,Asteracea,Purple,A,1,T,217,Hymenoptera,Megachilidae,Anthidium,sp1,1,MED,0
493,MED3CA,Galactites_tomentosa,3/6/05,6,22,Asteracea,Purple,A,1,T,52,Hymenoptera,Apoidea,Bombus,terrestris,1,MED,0
494,MED3CA,Galactites_tomentosa,26/05/2005,5,22,Asteracea,Purple,A,1,T,106,Coleoptera,Scarabaeidae,Oxythyrea,funesta,1,MED,0
495,MED3CA,Galactites_tomentosa,23/05/2005,4,22,Asteracea,Purple,A,1,T,106,Coleoptera,Scarabaeidae,Oxythyrea,funesta,2,MED,0
496,MED3CA,Galactites_tomentosa,3/6/05,6,22,Asteracea,Purple,A,1,T,253,Lepidoptera,Zygaenidae,Zygaena,sp1,1,MED,0
497,MED3CA,Galactites_tomentosa,2/6/05,6,22,Asteracea,Purple,A,1,T,198,Hymenoptera,Megachilidae,Osmia,sp3,1,MED,0
498,MED3CA,Lavandula_stoechas,27/04/2005,2,24,Labiada,Purple,Z,3,T,13,Hymenoptera,Apoidea,Apis,mellifera,5,MED,18
499,MED3CA,Lavandula_stoechas,23/05/2005,4,24,Labiada,Purple,Z,3,T,56,Diptera,Bumbilidae,Conophorus,virescens,1,MED,18
500,MED3CA,Lavandula_stoechas,27/04/2005,2,24,Labiada,Purple,Z,3,T,56,Diptera,Bumbilidae,Conophorus,virescens,1,MED,18
501,MED3CA,Lavandula_stoechas,27/04/2005,2,24,Labiada,Purple,Z,3,T,11,Hymenoptera,Megachilidae,Anthidium,sticticum,1,MED,18
502,MED3CA,Lavandula_stoechas,26/05/2005,5,24,Labiada,Purple,Z,3,T,177,Diptera,Bumbilidae,D22,,1,MED,18
503,MED3CA,Psoralea_bituminosa,26/05/2005,5,26,Papilionacea,Purple,Z,2,P,56,Diptera,Bumbilidae,Conophorus,virescens,1,MED,0
504,MED3CA,Rosmarinus_officinalis,14/04/2005,1,64,Labiada,Blue,Z,2,T,177,Diptera,Bumbilidae,D22,,1,MED,102.3333333
505,MED3CA,Rosmarinus_officinalis,27/04/2005,2,64,Labiada,Blue,Z,2,T,13,Hymenoptera,Apoidea,Apis,mellifera,2,MED,102.3333333
506,MED3CA,Sonchus_tenerrinus,23/05/2005,4,32,Asteracea,Yellow,A,3,T,185,Hymenoptera,Andrenidae,Andrena,sp17,1,MED,6
507,MED3CA,Sonchus_tenerrinus,27/04/2005,2,32,Asteracea,Yellow,A,3,T,185,Hymenoptera,Andrenidae,Andrena,sp17,3,MED,6
508,MED3CA,Sonchus_tenerrinus,27/04/2005,2,32,Asteracea,Yellow,A,3,T,205,Coleoptera,Coleoptera2,C56,,1,MED,6
509,MED3CA,Sonchus_tenerrinus,14/04/2005,1,32,Asteracea,Yellow,A,3,T,185,Hymenoptera,Andrenidae,Andrena,sp17,1,MED,6
510,MED3CA,Sonchus_tenerrinus,27/04/2005,2,32,Asteracea,Yellow,A,3,T,114,Coleoptera,Dasytidae,Psilothrix,sp1,1,MED,6
511,MED3CA,Sonchus_tenerrinus,27/04/2005,2,32,Asteracea,Yellow,A,3,T,187,Hymenoptera,Andrenidae,Andrena,sp3,1,MED,6
512,MED3CA,Sonchus_tenerrinus,27/04/2005,2,32,Asteracea,Yellow,A,3,T,23,Hymenoptera,Colletidae,Colletes,sp1,1,MED,6
513,MED3CA,Urospermum_picrioides,26/05/2005,5,31,Asteracea,Yellow,A,3,T,26,Hymenoptera,Halictidae,Halictus,pyrenaicus,1,MED,0
514,MED3CA,Urospermum_picrioides,23/05/2005,4,31,Asteracea,Yellow,A,3,T,26,Hymenoptera,Halictidae,Halictus,pyrenaicus,1,MED,0
515,MED4CA,Carpobrotus_aff.acinaciformis,27/04/2005,2,4,Aizoacea,Purple,A,1,D,11,Hymenoptera,Megachilidae,Anthidium,sticticum,1,MED,9.666666667
516,MED4CA,Carpobrotus_aff.acinaciformis,26/05/2005,5,4,Aizoacea,Purple,A,1,D,105,Coleoptera,Oedemeridae,Oedemera,lurida,2,MED,9.666666667
517,MED4CA,Carpobrotus_aff.acinaciformis,3/6/05,6,4,Aizoacea,Purple,A,1,D,105,Coleoptera,Oedemeridae,Oedemera,lurida,1,MED,9.666666667
518,MED4CA,Carpobrotus_aff.acinaciformis,27/04/2005,2,4,Aizoacea,Purple,A,1,D,114,Coleoptera,Dasytidae,Psilothrix,sp1,1,MED,9.666666667
519,MED4CA,Carpobrotus_aff.acinaciformis,30/04/2005,3,4,Aizoacea,Purple,A,1,D,114,Coleoptera,Dasytidae,Psilothrix,sp1,1,MED,9.666666667
520,MED4CA,Carpobrotus_aff.acinaciformis,27/04/2005,2,4,Aizoacea,Purple,A,1,D,106,Coleoptera,Scarabaeidae,Oxythyrea,funesta,1,MED,9.666666667
521,MED4CA,Carpobrotus_aff.acinaciformis,23/05/2005,4,4,Aizoacea,Purple,A,1,D,241,Hymenoptera,Anthophoridae,Xylocopa,sp2,1,MED,9.666666667
522,MED4CA,Carpobrotus_aff.acinaciformis,26/05/2005,5,4,Aizoacea,Purple,A,1,D,106,Coleoptera,Scarabaeidae,Oxythyrea,funesta,1,MED,9.666666667
523,MED4CA,Carpobrotus_aff.acinaciformis,NA,3,4,Aizoacea,Purple,A,1,D,13,Hymenoptera,Apoidea,Apis,mellifera,2,MED,9.666666667
524,MED4CA,Carpobrotus_aff.acinaciformis,30/04/2005,3,4,Aizoacea,Purple,A,1,D,106,Coleoptera,Scarabaeidae,Oxythyrea,funesta,1,MED,9.666666667
525,MED4CA,Carpobrotus_aff.acinaciformis,NA,3,4,Aizoacea,Purple,A,1,D,52,Hymenoptera,Apoidea,Bombus,terrestris,2,MED,9.666666667
526,MED4CA,Carpobrotus_aff.acinaciformis,23/05/2005,4,4,Aizoacea,Purple,A,1,D,52,Hymenoptera,Apoidea,Bombus,terrestris,1,MED,9.666666667
527,MED4CA,Carpobrotus_aff.acinaciformis,NA,4,4,Aizoacea,Purple,A,1,D,126,Coleoptera,Mordelidae,Mordellistena,pumila,2,MED,9.666666667
528,MED4CA,Carpobrotus_aff.acinaciformis,NA,2,4,Aizoacea,Purple,A,1,D,126,Coleoptera,Mordelidae,Mordellistena,pumila,2,MED,9.666666667
529,MED4CA,Carpobrotus_aff.acinaciformis,30/04/2005,3,4,Aizoacea,Purple,A,1,D,207,Coleoptera,Coleotera1,C57,,2,MED,9.666666667
530,MED4CA,Carpobrotus_aff.acinaciformis,23/05/2005,4,4,Aizoacea,Purple,A,1,D,207,Coleoptera,Coleotera1,C57,,1,MED,9.666666667
531,MED4CA,Carpobrotus_aff.acinaciformis,NA,4,4,Aizoacea,Purple,A,1,D,104,Coleoptera,Oedemeridae,Oedemera,nobilis,1,MED,9.666666667
532,MED4CA,Carpobrotus_aff.acinaciformis,23/05/2005,4,4,Aizoacea,Purple,A,1,D,105,Coleoptera,Oedemeridae,Oedemera,lurida,6,MED,9.666666667
533,MED4CA,Carpobrotus_aff.acinaciformis,NA,2,4,Aizoacea,Purple,A,1,D,115,Coleoptera,Chrysomelidae,Criptocephalus,sp1,3,MED,9.666666667
534,MED4CA,Cistus_albidus,30/04/2005,3,5,Cistacea,Purple,A,1,D,204,Hymenoptera,Andrenidae,Andrena,sp10,1,MED,17.5
535,MED4CA,Cistus_albidus,NA,3,5,Cistacea,Purple,A,1,D,13,Hymenoptera,Apoidea,Apis,mellifera,2,MED,17.5
536,MED4CA,Cistus_albidus,27/04/2005,2,5,Cistacea,Purple,A,1,D,106,Coleoptera,Scarabaeidae,Oxythyrea,funesta,1,MED,17.5
537,MED4CA,Cistus_albidus,14/04/2005,1,5,Cistacea,Purple,A,1,D,205,Coleoptera,Coleoptera2,C56,,1,MED,17.5
538,MED4CA,Cistus_albidus,27/04/2005,2,5,Cistacea,Purple,A,1,D,11,Hymenoptera,Megachilidae,Anthidium,sticticum,1,MED,17.5
539,MED4CA,Cistus_albidus,23/05/2005,4,5,Cistacea,Purple,A,1,D,105,Coleoptera,Oedemeridae,Oedemera,lurida,1,MED,17.5
540,MED4CA,Cistus_albidus,NA,4,5,Cistacea,Purple,A,1,D,104,Coleoptera,Oedemeridae,Oedemera,nobilis,2,MED,17.5
541,MED4CA,Cistus_albidus,14/04/2005,1,5,Cistacea,Purple,A,1,D,185,Hymenoptera,Andrenidae,Andrena,sp17,2,MED,17.5
542,MED4CA,Cistus_monspeliensis,25/06/2005,5,6,Cistacea,Withe,A,1,D,204,Hymenoptera,Andrenidae,Andrena,sp10,1,MED,40
543,MED4CA,Cistus_monspeliensis,23/05/2005,4,6,Cistacea,Withe,A,1,D,204,Hymenoptera,Andrenidae,Andrena,sp10,1,MED,40
544,MED4CA,Cistus_monspeliensis,26/05/2005,5,6,Cistacea,Withe,A,1,D,105,Coleoptera,Oedemeridae,Oedemera,lurida,1,MED,40
545,MED4CA,Cistus_monspeliensis,23/05/2005,4,6,Cistacea,Withe,A,1,D,106,Coleoptera,Scarabaeidae,Oxythyrea,funesta,2,MED,40
546,MED4CA,Cistus_monspeliensis,NA,3,6,Cistacea,Withe,A,1,D,106,Coleoptera,Scarabaeidae,Oxythyrea,funesta,2,MED,40
547,MED4CA,Cistus_monspeliensis,3/6/05,6,6,Cistacea,Withe,A,1,D,105,Coleoptera,Oedemeridae,Oedemera,lurida,3,MED,40
548,MED4CA,Cistus_monspeliensis,23/05/2005,4,6,Cistacea,Withe,A,1,D,26,Hymenoptera,Halictidae,Halictus,pyrenaicus,1,MED,40
549,MED4CA,Cistus_monspeliensis,30/04/2005,3,6,Cistacea,Withe,A,1,D,187,Hymenoptera,Andrenidae,Andrena,sp3,1,MED,40
550,MED4CA,Cistus_salvifolius,27/04/2005,2,7,Cistacea,Withe,A,1,D,114,Coleoptera,Dasytidae,Psilothrix,sp1,2,MED,43.83333333
551,MED4CA,Cistus_salvifolius,30/04/2005,3,7,Cistacea,Withe,A,1,D,187,Hymenoptera,Andrenidae,Andrena,sp3,1,MED,43.83333333
552,MED4CA,Cistus_salvifolius,23/05/2005,4,7,Cistacea,Withe,A,1,D,104,Coleoptera,Oedemeridae,Oedemera,nobilis,1,MED,43.83333333
553,MED4CA,Cistus_salvifolius,NA,2,7,Cistacea,Withe,A,1,D,13,Hymenoptera,Apoidea,Apis,mellifera,1,MED,43.83333333
554,MED4CA,Cistus_salvifolius,23/05/2005,4,7,Cistacea,Withe,A,1,D,106,Coleoptera,Scarabaeidae,Oxythyrea,funesta,1,MED,43.83333333
555,MED4CA,Cistus_salvifolius,NA,3,7,Cistacea,Withe,A,1,D,47,Hymenoptera,Formicidae,Plagiolepsis,pigmaea,1,MED,43.83333333
556,MED4CA,Cistus_salvifolius,30/04/2005,3,7,Cistacea,Withe,A,1,D,106,Coleoptera,Scarabaeidae,Oxythyrea,funesta,1,MED,43.83333333
557,MED4CA,Cistus_salvifolius,27/04/2005,3,7,Cistacea,Withe,A,1,D,109,Coleoptera,Dasytidae,C4,,1,MED,43.83333333
558,MED4CA,Cistus_salvifolius,27/04/2005,2,7,Cistacea,Withe,A,1,D,188,Hymenoptera,Andrenidae,Andrena,sp4,1,MED,43.83333333
559,MED4CA,Cistus_salvifolius,27/04/2005,2,7,Cistacea,Withe,A,1,D,106,Coleoptera,Scarabaeidae,Oxythyrea,funesta,1,MED,43.83333333
560,MED4CA,Cistus_salvifolius,30/04/2005,3,7,Cistacea,Withe,A,1,D,114,Coleoptera,Dasytidae,Psilothrix,sp1,1,MED,43.83333333
561,MED4CA,Cistus_salvifolius,23/05/2005,4,7,Cistacea,Withe,A,1,D,105,Coleoptera,Oedemeridae,Oedemera,lurida,2,MED,43.83333333
562,MED4CA,Cistus_salvifolius,NA,5,7,Cistacea,Withe,A,1,D,104,Coleoptera,Oedemeridae,Oedemera,nobilis,2,MED,43.83333333
563,MED4CA,Cistus_salvifolius,23/05/2005,4,7,Cistacea,Withe,A,1,D,207,Coleoptera,Coleotera1,C57,,1,MED,43.83333333
564,MED4CA,Cistus_salvifolius,30/04/2005,3,7,Cistacea,Withe,A,1,D,207,Coleoptera,Coleotera1,C57,,1,MED,43.83333333
565,MED4CA,Cistus_salvifolius,27/04/2005,2,7,Cistacea,Withe,A,1,D,185,Hymenoptera,Andrenidae,Andrena,sp17,2,MED,43.83333333
566,MED4CA,Cistus_salvifolius,14/04/2005,1,7,Cistacea,Withe,A,1,D,185,Hymenoptera,Andrenidae,Andrena,sp17,1,MED,43.83333333
567,MED4CA,Dorichnium_pentaphylum,30/04/2005,3,18,Papilionacea,Withe,Z,2,P,23,Hymenoptera,Colletidae,Colletes,sp1,1,MED,15.83333333
568,MED4CA,Dorichnium_pentaphylum,27/04/2005,2,18,Papilionacea,Withe,Z,2,P,205,Coleoptera,Coleoptera2,C56,,1,MED,15.83333333
569,MED4CA,Galactites_tomentosa,23/05/2005,4,22,Asteracea,Purple,A,1,T,198,Hymenoptera,Megachilidae,Osmia,sp3,1,MED,0
570,MED4CA,Galactites_tomentosa,27/04/2005,2,22,Asteracea,Purple,A,1,T,105,Coleoptera,Oedemeridae,Oedemera,lurida,1,MED,0
571,MED4CA,Galactites_tomentosa,NA,5,22,Asteracea,Purple,A,1,T,106,Coleoptera,Scarabaeidae,Oxythyrea,funesta,1,MED,0
572,MED4CA,Galactites_tomentosa,2/6/05,6,22,Asteracea,Purple,A,1,T,16,Hymenoptera,Andrenidae,Andrena,sp1,1,MED,0
573,MED4CA,Galactites_tomentosa,3/6/05,6,22,Asteracea,Purple,A,1,T,76,Lepidoptera,Satiridae,Pyronia,tithonus,1,MED,0
574,MED4CA,Galactites_tomentosa,26/05/2005,5,22,Asteracea,Purple,A,1,T,52,Hymenoptera,Apoidea,Bombus,terrestris,1,MED,0
575,MED4CA,Galactites_tomentosa,3/6/05,6,22,Asteracea,Purple,A,1,T,52,Hymenoptera,Apoidea,Bombus,terrestris,1,MED,0
576,MED4CA,Galactites_tomentosa,27/04/2005,2,22,Asteracea,Purple,A,1,T,126,Coleoptera,Mordelidae,Mordellistena,pumila,2,MED,0
577,MED4CA,Galactites_tomentosa,3/6/05,6,22,Asteracea,Purple,A,1,T,253,Lepidoptera,Zygaenidae,Zygaena,sp1,1,MED,0
578,MED4CA,Galactites_tomentosa,NA,4,22,Asteracea,Purple,A,1,T,104,Coleoptera,Oedemeridae,Oedemera,nobilis,1,MED,0
579,MED4CA,Helichrisum_stoechas,26/05/2005,5,38,Asteracea,Yellow,A,3,T,105,Coleoptera,Oedemeridae,Oedemera,lurida,1,MED,0
580,MED4CA,Helichrisum_stoechas,3/5/05,6,38,Asteracea,Yellow,A,3,T,126,Coleoptera,Mordelidae,Mordellistena,pumila,3,MED,0
581,MED4CA,Lavandula_stoechas,NA,3,24,Labiada,Purple,Z,3,T,13,Hymenoptera,Apoidea,Apis,mellifera,3,MED,19.5
582,MED4CA,Lavandula_stoechas,27/04/2005,2,24,Labiada,Purple,Z,3,T,11,Hymenoptera,Megachilidae,Anthidium,sticticum,1,MED,19.5
583,MED4CA,Lavandula_stoechas,27/04/2005,2,24,Labiada,Purple,Z,3,T,56,Diptera,Bumbilidae,Conophorus,virescens,1,MED,19.5
584,MED4CA,Rosmarinus_officinalis,27/04/2005,2,64,Labiada,Blue,Z,2,T,13,Hymenoptera,Apoidea,Apis,mellifera,1,MED,82.5
585,MED4CA,Rosmarinus_officinalis,14/04/2005,1,64,Labiada,Blue,Z,2,T,172,Lepidoptera,Lycaneidae,Callophrys,rubi,1,MED,82.5
586,MED4CA,Sonchus_tenerrinus,26/05/2005,5,32,Asteracea,Yellow,A,3,T,187,Hymenoptera,Andrenidae,Andrena,sp3,1,MED,9
587,MED4CA,Sonchus_tenerrinus,14/04/2005,1,32,Asteracea,Yellow,A,3,T,185,Hymenoptera,Andrenidae,Andrena,sp17,4,MED,9
588,MED4CA,Sonchus_tenerrinus,23/05/2005,4,32,Asteracea,Yellow,A,3,T,246,Hymenoptera,Andrenidae,Andrena,sp13,1,MED,9
589,MED4CA,Sonchus_tenerrinus,14/04/2005,1,32,Asteracea,Yellow,A,3,T,115,Coleoptera,Chrysomelidae,Criptocephalus,sp1,1,MED,9
590,MED4CA,Sonchus_tenerrinus,27/04/2005,2,32,Asteracea,Yellow,A,3,T,115,Coleoptera,Chrysomelidae,Criptocephalus,sp1,1,MED,9
591,MED4CA,Sonchus_tenerrinus,26/05/2005,5,32,Asteracea,Yellow,A,3,T,105,Coleoptera,Oedemeridae,Oedemera,lurida,1,MED,9
592,MED4CA,Urospermum_picrioides,23/05/2005,4,31,Asteracea,Yellow,A,3,T,126,Coleoptera,Mordelidae,Mordellistena,pumila,2,MED,0
593,MED4CA,Urospermum_picrioides,NA,4,31,Asteracea,Yellow,A,3,T,104,Coleoptera,Oedemeridae,Oedemera,nobilis,2,MED,0
594,MED4CA,Urospermum_picrioides,23/05/2005,4,31,Asteracea,Yellow,A,3,T,26,Hymenoptera,Halictidae,Halictus,pyrenaicus,1,MED,0
595,MIQ1OP,Brassica_fruticulosa,10/6/05,1,53,Crucifera,Yellow,A,2,D,224,Hymenoptera,Colletidae,Colletes,sp2,1,MIQ,0.75
596,MIQ1OP,Convolvulus_althaeoides,10/6/05,1,13,Convolvulacea,Purple,A,1,T,242,Hymenoptera,Halictidae,Halictus,sp1,1,MIQ,11.25
597,MIQ1OP,Daucus_carota_carota,22/06/2005,3,14,Umbelifera,Withe,A,2,D,29,Hymenoptera,Halictidae,Halictus,gemmeus,1,MIQ,22.25
598,MIQ1OP,Daucus_carota_carota,28/06/2005,4,14,Umbelifera,Withe,A,2,D,103,Coleoptera,Maloidea,Myrabilis,quadripunctata,1,MIQ,22.25
599,MIQ1OP,Daucus_carota_carota,10/6/05,1,14,Umbelifera,Withe,A,2,D,126,Coleoptera,Mordelidae,Mordellistena,pumila,2,MIQ,22.25
600,MIQ1OP,Daucus_carota_carota,22/06/2005,3,14,Umbelifera,Withe,A,2,D,109,Coleoptera,Dasytidae,C4,,1,MIQ,22.25
601,MIQ1OP,Daucus_carota_carota,28/06/2005,4,14,Umbelifera,Withe,A,2,D,123,Coleoptera,Cleridae,Trichodes,apiarius,1,MIQ,22.25
602,MIQ1OP,Daucus_carota_carota,NA,1,14,Umbelifera,Withe,A,2,D,252,Hymenoptera,Formicidae,Camponotus,aetiops,1,MIQ,22.25
603,MIQ1OP,Daucus_carota_carota,10/6/05,1,14,Umbelifera,Withe,A,2,D,119,Coleoptera,Mordelidae,Mordella,bipunctata,3,MIQ,22.25
604,MIQ1OP,Daucus_carota_carota,28/05/2006,4,14,Umbelifera,Withe,A,2,D,238,Diptera,Tachinidae,D33,,1,MIQ,22.25
605,MIQ1OP,Daucus_carota_carota,11/6/05,1,14,Umbelifera,Withe,A,2,D,29,Hymenoptera,Halictidae,Halictus,gemmeus,1,MIQ,22.25
606,MIQ1OP,Daucus_carota_carota,10/6/05,1,14,Umbelifera,Withe,A,2,D,123,Coleoptera,Cleridae,Trichodes,apiarius,1,MIQ,22.25
607,MIQ1OP,Daucus_carota_carota,NA,3,14,Umbelifera,Withe,A,2,D,105,Coleoptera,Oedemeridae,Oedemera,lurida,1,MIQ,22.25
608,MIQ1OP,Daucus_carota_carota,15/06/2005,2,14,Umbelifera,Withe,A,2,D,123,Coleoptera,Cleridae,Trichodes,apiarius,1,MIQ,22.25
609,MIQ1OP,Daucus_carota_carota,22/06/2005,3,14,Umbelifera,Withe,A,2,D,126,Coleoptera,Mordelidae,Mordellistena,pumila,5,MIQ,22.25
610,MIQ1OP,Daucus_carota_carota,22/06/2005,3,14,Umbelifera,Withe,A,2,D,204,Hymenoptera,Andrenidae,Andrena,sp10,4,MIQ,22.25
611,MIQ1OP,Daucus_carota_carota,28/06/2005,4,14,Umbelifera,Withe,A,2,D,126,Coleoptera,Mordelidae,Mordellistena,pumila,1,MIQ,22.25
612,MIQ1OP,Daucus_carota_carota,28/06/2005,4,14,Umbelifera,Withe,A,2,D,228,Hymenoptera,Colletidae,Hylaeus,sp3,1,MIQ,22.25
613,MIQ1OP,Daucus_carota_carota,15/06/2005,2,14,Umbelifera,Withe,A,2,D,103,Coleoptera,Maloidea,Myrabilis,quadripunctata,1,MIQ,22.25
614,MIQ1OP,Daucus_carota_carota,22/06/2005,3,14,Umbelifera,Withe,A,2,D,103,Coleoptera,Maloidea,Myrabilis,quadripunctata,1,MIQ,22.25
615,MIQ1OP,Eryngium_campestre,NA,3,20,Umbelifera,Withe,A,2,D,126,Coleoptera,Mordelidae,Mordellistena,pumila,1,MIQ,0
616,MIQ1OP,Eryngium_campestre,28/06/2005,4,20,Umbelifera,Withe,A,2,D,204,Hymenoptera,Andrenidae,Andrena,sp10,1,MIQ,0
617,MIQ1OP,Eryngium_campestre,28/06/2005,4,20,Umbelifera,Withe,A,2,D,75,Lepidoptera,Nymphalidae,Vanesa,atlantica,1,MIQ,0
618,MIQ1OP,Eryngium_campestre,22/06/2005,3,20,Umbelifera,Withe,A,2,D,204,Hymenoptera,Andrenidae,Andrena,sp10,2,MIQ,0
619,MIQ1OP,Psoralea_bituminosa,10/6/05,1,26,Papilionacea,Purple,Z,2,P,109,Coleoptera,Dasytidae,C4,,2,MIQ,1.5
620,MIQ1OP,Scabiosa_stellata,15/06/2005,2,27,Dipsacacea,Purple,A,3,T,52,Hymenoptera,Apoidea,Bombus,terrestris,1,MIQ,39.75
621,MIQ1OP,Scabiosa_stellata,10/6/05,1,27,Dipsacacea,Purple,A,3,T,177,Diptera,Bumbilidae,D22,,1,MIQ,39.75
622,MIQ1OP,Scabiosa_stellata,15/06/2005,2,27,Dipsacacea,Purple,A,3,T,103,Coleoptera,Maloidea,Myrabilis,quadripunctata,1,MIQ,39.75
623,MIQ1OP,Scabiosa_stellata,10/6/05,1,27,Dipsacacea,Purple,A,3,T,233,Diptera,Diptera3,D28,,1,MIQ,39.75
624,MIQ1OP,Scabiosa_stellata,11/6/05,1,27,Dipsacacea,Purple,A,3,T,240,Diptera,Diptera1,D35,,1,MIQ,39.75
625,MIQ1OP,Scabiosa_stellata,28/06/2005,4,27,Dipsacacea,Purple,A,3,T,21,Hymenoptera,Anthophoridae,Ceratina,curcubitina,1,MIQ,39.75
626,MIQ1OP,Scabiosa_stellata,28/06/2005,4,27,Dipsacacea,Purple,A,3,T,103,Coleoptera,Maloidea,Myrabilis,quadripunctata,1,MIQ,39.75
627,MIQ1OP,Scabiosa_stellata,11/6/05,1,27,Dipsacacea,Purple,A,3,T,204,Hymenoptera,Andrenidae,Andrena,sp10,1,MIQ,39.75
628,MIQ1OP,Scabiosa_stellata,10/6/05,1,27,Dipsacacea,Purple,A,3,T,13,Hymenoptera,Apoidea,Apis,mellifera,3,MIQ,39.75
629,MIQ1OP,Scabiosa_stellata,10/6/05,1,27,Dipsacacea,Purple,A,3,T,103,Coleoptera,Maloidea,Myrabilis,quadripunctata,1,MIQ,39.75
630,MIQ1OP,Scabiosa_stellata,22/06/2005,3,27,Dipsacacea,Purple,A,3,T,71,Lepidoptera,Papilonidae,Papilion,machaon,1,MIQ,39.75
631,MIQ1OP,Sonchus_tenerrinus,10/6/05,1,32,Asteracea,Yellow,A,3,T,13,Hymenoptera,Apoidea,Apis,mellifera,2,MIQ,38.25
632,MIQ1OP,Sonchus_tenerrinus,15/06/2005,2,32,Asteracea,Yellow,A,3,T,188,Hymenoptera,Andrenidae,Andrena,sp4,1,MIQ,38.25
633,MIQ1OP,Sonchus_tenerrinus,10/6/05,1,32,Asteracea,Yellow,A,3,T,123,Coleoptera,Cleridae,Trichodes,apiarius,1,MIQ,38.25
634,MIQ1OP,Sonchus_tenerrinus,10/6/05,1,32,Asteracea,Yellow,A,3,T,26,Hymenoptera,Halictidae,Halictus,pyrenaicus,1,MIQ,38.25
635,MIQ1OP,Sonchus_tenerrinus,11/6/05,1,32,Asteracea,Yellow,A,3,T,237,Diptera,Diptera2,D32,,1,MIQ,38.25
636,MIQ1OP,Sonchus_tenerrinus,10/6/05,1,32,Asteracea,Yellow,A,3,T,29,Hymenoptera,Halictidae,Halictus,gemmeus,1,MIQ,38.25
637,MIQ1OP,Sonchus_tenerrinus,22/06/2005,1,32,Asteracea,Yellow,A,3,T,188,Hymenoptera,Andrenidae,Andrena,sp4,1,MIQ,38.25
638,MIQ1OP,Sonchus_tenerrinus,10/6/05,1,32,Asteracea,Yellow,A,3,T,204,Hymenoptera,Andrenidae,Andrena,sp10,1,MIQ,38.25
639,MIQ1OP,Sonchus_tenerrinus,10/6/05,1,32,Asteracea,Yellow,A,3,T,234,Diptera,Sirphidae,D29,,1,MIQ,38.25
640,MIQ1OP,Sonchus_tenerrinus,10/6/05,1,32,Asteracea,Yellow,A,3,T,109,Coleoptera,Dasytidae,C4,,1,MIQ,38.25
641,MIQ1OP,Sonchus_tenerrinus,15/06/2005,2,32,Asteracea,Yellow,A,3,T,13,Hymenoptera,Apoidea,Apis,mellifera,2,MIQ,38.25
642,MIQ1OP,Sonchus_tenerrinus,15/06/2005,2,32,Asteracea,Yellow,A,3,T,167,Coleoptera,Oedemeridae,Oedemera,barbara,3,MIQ,38.25
643,MIQ1OP,Sonchus_tenerrinus,22/06/2005,3,32,Asteracea,Yellow,A,3,T,103,Coleoptera,Maloidea,Myrabilis,quadripunctata,1,MIQ,38.25
644,MIQ1OP,Sonchus_tenerrinus,10/6/05,1,32,Asteracea,Yellow,A,3,T,248,Hymenoptera,Andrenidae,Andrena,sp15,1,MIQ,38.25
645,MIQ1OP,Urospermum_picrioides,10/6/05,1,31,Asteracea,Yellow,A,3,T,242,Hymenoptera,Halictidae,Halictus,sp1,1,MIQ,5.25
646,MIQ1OP,Urospermum_picrioides,10/6/05,1,31,Asteracea,Yellow,A,3,T,126,Coleoptera,Mordelidae,Mordellistena,pumila,1,MIQ,5.25
647,MIQ1OP,Urospermum_picrioides,11/6/05,1,31,Asteracea,Yellow,A,3,T,248,Hymenoptera,Andrenidae,Andrena,sp15,6,MIQ,5.25
648,MIQ1OP,Urospermum_picrioides,15/06/2005,2,31,Asteracea,Yellow,A,3,T,103,Coleoptera,Maloidea,Myrabilis,quadripunctata,1,MIQ,5.25
649,MIQ2OP,Convolvulus_althaeoides,10/6/05,1,13,Convolvulacea,Purple,A,1,T,204,Hymenoptera,Andrenidae,Andrena,sp10,1,MIQ,7.75
650,MIQ2OP,Daucus_carota_carota,15/06/2005,2,14,Umbelifera,Withe,A,2,D,119,Coleoptera,Mordelidae,Mordella,bipunctata,4,MIQ,11.5
651,MIQ2OP,Daucus_carota_carota,11/6/05,1,14,Umbelifera,Withe,A,2,D,235,Diptera,Tachinidae,D30,,1,MIQ,11.5
652,MIQ2OP,Daucus_carota_carota,22/06/2005,3,14,Umbelifera,Withe,A,2,D,235,Diptera,Tachinidae,D30,,1,MIQ,11.5
653,MIQ2OP,Daucus_carota_carota,10/6/05,1,14,Umbelifera,Withe,A,2,D,109,Coleoptera,Dasytidae,C4,,3,MIQ,11.5
654,MIQ2OP,Daucus_carota_carota,10/6/05,1,14,Umbelifera,Withe,A,2,D,126,Coleoptera,Mordelidae,Mordellistena,pumila,3,MIQ,11.5
655,MIQ2OP,Daucus_carota_carota,28/06/2005,4,14,Umbelifera,Withe,A,2,D,29,Hymenoptera,Halictidae,Halictus,gemmeus,2,MIQ,11.5
656,MIQ2OP,Daucus_carota_carota,11/6/05,1,14,Umbelifera,Withe,A,2,D,204,Hymenoptera,Andrenidae,Andrena,sp10,3,MIQ,11.5
657,MIQ2OP,Daucus_carota_carota,10/6/05,1,14,Umbelifera,Withe,A,2,D,119,Coleoptera,Mordelidae,Mordella,bipunctata,2,MIQ,11.5
658,MIQ2OP,Daucus_carota_carota,28/06/2005,4,14,Umbelifera,Withe,A,2,D,126,Coleoptera,Mordelidae,Mordellistena,pumila,2,MIQ,11.5
659,MIQ2OP,Daucus_carota_carota,22/06/2005,3,14,Umbelifera,Withe,A,2,D,204,Hymenoptera,Andrenidae,Andrena,sp10,1,MIQ,11.5
660,MIQ2OP,Daucus_carota_carota,22/06/2005,3,14,Umbelifera,Withe,A,2,D,212,Hymenoptera,Calcididae,H83,,1,MIQ,11.5
661,MIQ2OP,Daucus_carota_carota,11/6/05,1,14,Umbelifera,Withe,A,2,D,29,Hymenoptera,Halictidae,Halictus,gemmeus,1,MIQ,11.5
662,MIQ2OP,Eryngium_campestre,28/06/2005,4,20,Umbelifera,Withe,A,2,D,204,Hymenoptera,Andrenidae,Andrena,sp10,2,MIQ,1.75
663,MIQ2OP,Eryngium_campestre,28/06/2005,4,20,Umbelifera,Withe,A,2,D,39,Hymenoptera,Colletidae,Hylaeus,nigritus,1,MIQ,1.75
664,MIQ2OP,Eryngium_campestre,NA,2,20,Umbelifera,Withe,A,2,D,125,Coleoptera,Oedemeridae,Oedemera,flavipes,2,MIQ,1.75
665,MIQ2OP,Eryngium_campestre,28/06/2005,4,20,Umbelifera,Withe,A,2,D,162,Coleoptera,Buprestidae,C53,,1,MIQ,1.75
666,MIQ2OP,Eryngium_campestre,28/06/2005,4,20,Umbelifera,Withe,A,2,D,29,Hymenoptera,Halictidae,Halictus,gemmeus,3,MIQ,1.75
667,MIQ2OP,Opuntia_stricta,22/06/2005,3,25,Cactacea,Yellow,A,1,D,216,Hymenoptera,Anthophoridae,Xylocopa,sp1,2,MIQ,20.25
668,MIQ2OP,Opuntia_stricta,10/6/05,1,25,Cactacea,Yellow,A,1,D,216,Hymenoptera,Anthophoridae,Xylocopa,sp1,3,MIQ,20.25
669,MIQ2OP,Opuntia_stricta,11/6/05,1,25,Cactacea,Yellow,A,1,D,35,Hymenoptera,Halictidae,Lasioglossum,sp1,1,MIQ,20.25
670,MIQ2OP,Opuntia_stricta,15/06/2005,2,25,Cactacea,Yellow,A,1,D,216,Hymenoptera,Anthophoridae,Xylocopa,sp1,3,MIQ,20.25
671,MIQ2OP,Opuntia_stricta,10/6/05,1,25,Cactacea,Yellow,A,1,D,13,Hymenoptera,Apoidea,Apis,mellifera,3,MIQ,20.25
672,MIQ2OP,Opuntia_stricta,15/06/2005,2,25,Cactacea,Yellow,A,1,D,52,Hymenoptera,Apoidea,Bombus,terrestris,2,MIQ,20.25
673,MIQ2OP,Opuntia_stricta,10/6/05,1,25,Cactacea,Yellow,A,1,D,204,Hymenoptera,Andrenidae,Andrena,sp10,1,MIQ,20.25
674,MIQ2OP,Opuntia_stricta,15/06/2005,2,25,Cactacea,Yellow,A,1,D,106,Coleoptera,Scarabaeidae,Oxythyrea,funesta,1,MIQ,20.25
675,MIQ2OP,Opuntia_stricta,28/06/2005,4,25,Cactacea,Yellow,A,1,D,103,Coleoptera,Maloidea,Myrabilis,quadripunctata,17,MIQ,20.25
676,MIQ2OP,Opuntia_stricta,22/06/2005,3,25,Cactacea,Yellow,A,1,D,52,Hymenoptera,Apoidea,Bombus,terrestris,1,MIQ,20.25
677,MIQ2OP,Opuntia_stricta,10/6/05,1,25,Cactacea,Yellow,A,1,D,26,Hymenoptera,Halictidae,Halictus,pyrenaicus,1,MIQ,20.25
678,MIQ2OP,Opuntia_stricta,15/06/2005,2,25,Cactacea,Yellow,A,1,D,125,Coleoptera,Oedemeridae,Oedemera,flavipes,1,MIQ,20.25
679,MIQ2OP,Opuntia_stricta,28/06/2005,4,25,Cactacea,Yellow,A,1,D,52,Hymenoptera,Apoidea,Bombus,terrestris,5,MIQ,20.25
680,MIQ2OP,Opuntia_stricta,22/06/2005,3,25,Cactacea,Yellow,A,1,D,26,Hymenoptera,Halictidae,Halictus,pyrenaicus,1,MIQ,20.25
681,MIQ2OP,Opuntia_stricta,28/06/2005,4,25,Cactacea,Yellow,A,1,D,216,Hymenoptera,Anthophoridae,Xylocopa,sp1,2,MIQ,20.25
682,MIQ2OP,Opuntia_stricta,NA,1,25,Cactacea,Yellow,A,1,D,126,Coleoptera,Mordelidae,Mordellistena,pumila,3,MIQ,20.25
683,MIQ2OP,Opuntia_stricta,28/06/2005,4,25,Cactacea,Yellow,A,1,D,13,Hymenoptera,Apoidea,Apis,mellifera,1,MIQ,20.25
684,MIQ2OP,Opuntia_stricta,28/06/2005,4,25,Cactacea,Yellow,A,1,D,106,Coleoptera,Scarabaeidae,Oxythyrea,funesta,1,MIQ,20.25
685,MIQ2OP,Opuntia_stricta,15/06/2005,2,25,Cactacea,Yellow,A,1,D,13,Hymenoptera,Apoidea,Apis,mellifera,4,MIQ,20.25
686,MIQ2OP,Opuntia_stricta,22/06/2005,3,25,Cactacea,Yellow,A,1,D,106,Coleoptera,Scarabaeidae,Oxythyrea,funesta,1,MIQ,20.25
687,MIQ2OP,Opuntia_stricta,22/06/2005,3,25,Cactacea,Yellow,A,1,D,13,Hymenoptera,Apoidea,Apis,mellifera,3,MIQ,20.25
688,MIQ2OP,Scabiosa_stellata,20/06/2005,3,27,Dipsacacea,Purple,A,3,T,72,Lepidoptera,Pieridae,Pieris,rapae,1,MIQ,34.75
689,MIQ2OP,Scabiosa_stellata,10/6/05,4,27,Dipsacacea,Purple,A,3,T,56,Diptera,Bumbilidae,Conophorus,virescens,1,MIQ,34.75
690,MIQ2OP,Scabiosa_stellata,16/06/2005,2,27,Dipsacacea,Purple,A,3,T,13,Hymenoptera,Apoidea,Apis,mellifera,3,MIQ,34.75
691,MIQ2OP,Scabiosa_stellata,10/6/05,1,27,Dipsacacea,Purple,A,3,T,13,Hymenoptera,Apoidea,Apis,mellifera,4,MIQ,34.75
692,MIQ2OP,Scabiosa_stellata,22/06/2005,3,27,Dipsacacea,Purple,A,3,T,123,Coleoptera,Cleridae,Trichodes,apiarius,1,MIQ,34.75
693,MIQ2OP,Scabiosa_stellata,10/6/05,1,27,Dipsacacea,Purple,A,3,T,242,Hymenoptera,Halictidae,Halictus,sp1,1,MIQ,34.75
694,MIQ2OP,Sedum_sediforme,22/06/2005,4,28,Crassulacea,Yellow,A,2,D,213,Hymenoptera,Scolidae,Scolia,sp1,1,MIQ,6
695,MIQ2OP,Sedum_sediforme,22/06/2005,3,28,Crassulacea,Yellow,A,2,D,29,Hymenoptera,Halictidae,Halictus,gemmeus,1,MIQ,6
696,MIQ2OP,Sonchus_tenerrinus,10/6/05,1,32,Asteracea,Yellow,A,3,T,13,Hymenoptera,Apoidea,Apis,mellifera,2,MIQ,21
697,MIQ2OP,Sonchus_tenerrinus,10/6/05,1,32,Asteracea,Yellow,A,3,T,222,Hymenoptera,Megachilidae,H93,,2,MIQ,21
698,MIQ2OP,Sonchus_tenerrinus,11/6/05,1,32,Asteracea,Yellow,A,3,T,204,Hymenoptera,Andrenidae,Andrena,sp10,1,MIQ,21
699,MIQ2OP,Sonchus_tenerrinus,11/6/05,1,32,Asteracea,Yellow,A,3,T,248,Hymenoptera,Andrenidae,Andrena,sp15,1,MIQ,21
700,MIQ2OP,Sonchus_tenerrinus,15/06/2005,2,32,Asteracea,Yellow,A,3,T,106,Coleoptera,Scarabaeidae,Oxythyrea,funesta,1,MIQ,21
701,MIQ2OP,Urospermum_picrioides,10/6/05,1,31,Asteracea,Yellow,A,3,T,248,Hymenoptera,Andrenidae,Andrena,sp15,1,MIQ,1.25
703,SEL1OP,Daucus_carota_carota,29/06/2005,4,14,Umbelifera,Withe,A,2,D,126,Coleoptera,Mordelidae,Mordellistena,pumila,4,SEL,16.5
704,SEL1OP,Daucus_carota_carota,20/06/2005,3,14,Umbelifera,Withe,A,2,D,126,Coleoptera,Mordelidae,Mordellistena,pumila,2,SEL,16.5
705,SEL1OP,Daucus_carota_carota,16/06/2005,2,14,Umbelifera,Withe,A,2,D,109,Coleoptera,Dasytidae,C4,,3,SEL,16.5
706,SEL1OP,Daucus_carota_carota,8/6/05,1,14,Umbelifera,Withe,A,2,D,109,Coleoptera,Dasytidae,C4,,12,SEL,16.5
707,SEL1OP,Daucus_carota_carota,NA,2,14,Umbelifera,Withe,A,2,D,119,Coleoptera,Mordelidae,Mordella,bipunctata,2,SEL,16.5
708,SEL1OP,Daucus_carota_carota,NA,1,14,Umbelifera,Withe,A,2,D,167,Coleoptera,Oedemeridae,Oedemera,barbara,1,SEL,16.5
709,SEL1OP,Daucus_carota_carota,8/6/05,1,14,Umbelifera,Withe,A,2,D,126,Coleoptera,Mordelidae,Mordellistena,pumila,3,SEL,16.5
710,SEL1OP,Daucus_carota_carota,16/06/2005,2,14,Umbelifera,Withe,A,2,D,126,Coleoptera,Mordelidae,Mordellistena,pumila,3,SEL,16.5
711,SEL1OP,Eryngium_campestre,NA,3,20,Umbelifera,Withe,A,2,D,125,Coleoptera,Oedemeridae,Oedemera,flavipes,3,SEL,0
712,SEL1OP,Eryngium_campestre,NA,2,20,Umbelifera,Withe,A,2,D,126,Coleoptera,Mordelidae,Mordellistena,pumila,3,SEL,0
713,SEL1OP,Eryngium_campestre,NA,2,20,Umbelifera,Withe,A,2,D,167,Coleoptera,Oedemeridae,Oedemera,barbara,1,SEL,0
714,SEL1OP,Helianthemum_guttatum,8/6/05,1,23,Cistacea,Yellow,A,1,D,221,Hymenoptera,Megachilidae,H92,,1,SEL,0
715,SEL1OP,Helichrisum_stoechas,8/6/05,1,38,Asteracea,Yellow,A,3,T,109,Coleoptera,Dasytidae,C4,,2,SEL,8.25
716,SEL1OP,Helichrisum_stoechas,16/06/2005,2,38,Asteracea,Yellow,A,3,T,109,Coleoptera,Dasytidae,C4,,1,SEL,8.25
717,SEL1OP,Psoralea_bituminosa,16/06/2005,2,26,Papilionacea,Purple,Z,2,P,35,Hymenoptera,Halictidae,Lasioglossum,sp1,1,SEL,28.5
718,SEL1OP,Psoralea_bituminosa,8/6/05,1,26,Papilionacea,Purple,Z,2,P,217,Hymenoptera,Megachilidae,Anthidium,sp1,1,SEL,28.5
719,SEL1OP,Ruta_chalepensis,16/06/2005,2,66,Rutaceae,Yellow,A,2,D,39,Hymenoptera,Colletidae,Hylaeus,nigritus,2,SEL,23.25
720,SEL1OP,Ruta_chalepensis,8/6/05,1,66,Rutaceae,Yellow,A,2,D,123,Coleoptera,Cleridae,Trichodes,apiarius,1,SEL,23.25
721,SEL1OP,Ruta_chalepensis,8/6/05,1,66,Rutaceae,Yellow,A,2,D,125,Coleoptera,Oedemeridae,Oedemera,flavipes,1,SEL,23.25
722,SEL1OP,Ruta_chalepensis,8/6/05,1,66,Rutaceae,Yellow,A,2,D,204,Hymenoptera,Andrenidae,Andrena,sp10,3,SEL,23.25
723,SEL1OP,Ruta_chalepensis,8/6/05,1,66,Rutaceae,Yellow,A,2,D,45,Hymenoptera,Vespidae,Polistes,gallicum,1,SEL,23.25
724,SEL1OP,Ruta_chalepensis,8/6/05,1,66,Rutaceae,Yellow,A,2,D,126,Coleoptera,Mordelidae,Mordellistena,pumila,4,SEL,23.25
725,SEL1OP,Ruta_chalepensis,16/06/2005,2,66,Rutaceae,Yellow,A,2,D,219,Hymenoptera,Sphecidae,Cerceris,sp1,1,SEL,23.25
726,SEL1OP,Ruta_chalepensis,16/06/2005,3,66,Rutaceae,Yellow,A,2,D,204,Hymenoptera,Andrenidae,Andrena,sp10,2,SEL,23.25
727,SEL1OP,Scabiosa_stellata,16/06/2005,2,27,Dipsacacea,Purple,A,3,T,13,Hymenoptera,Apoidea,Apis,mellifera,1,SEL,0
728,SEL1OP,Scabiosa_stellata,16/06/2005,2,27,Dipsacacea,Purple,A,3,T,242,Hymenoptera,Halictidae,Halictus,sp1,1,SEL,0
729,SEL1OP,Sedum_sediforme,20/06/2005,3,28,Crassulacea,Yellow,A,2,D,221,Hymenoptera,Megachilidae,H92,,2,SEL,6.25
730,SEL1OP,Sedum_sediforme,29/06/2005,4,28,Crassulacea,Yellow,A,2,D,204,Hymenoptera,Andrenidae,Andrena,sp10,1,SEL,6.25
731,SEL1OP,Sedum_sediforme,29/06/2005,4,28,Crassulacea,Yellow,A,2,D,13,Hymenoptera,Apoidea,Apis,mellifera,1,SEL,6.25
732,SEL1OP,Sedum_sediforme,NA,2,28,Crassulacea,Yellow,A,2,D,125,Coleoptera,Oedemeridae,Oedemera,flavipes,1,SEL,6.25
733,SEL1OP,Sedum_sediforme,20/06/2005,3,28,Crassulacea,Yellow,A,2,D,119,Coleoptera,Mordelidae,Mordella,bipunctata,1,SEL,6.25
734,SEL1OP,Sedum_sediforme,20/06/2005,3,28,Crassulacea,Yellow,A,2,D,218,Hymenoptera,Anthophoridae,Nomada,sp2,1,SEL,6.25
735,SEL1OP,Sedum_sediforme,20/06/2005,3,28,Crassulacea,Yellow,A,2,D,213,Hymenoptera,Scolidae,Scolia,sp1,1,SEL,6.25
736,SEL1OP,Sedum_sediforme,29/06/2005,4,28,Crassulacea,Yellow,A,2,D,52,Hymenoptera,Apoidea,Bombus,terrestris,1,SEL,6.25
737,SEL1OP,Sedum_sediforme,29/06/2005,4,28,Crassulacea,Yellow,A,2,D,224,Hymenoptera,Colletidae,Colletes,sp2,2,SEL,6.25
738,SEL1OP,Sedum_sediforme,29/06/2005,4,28,Crassulacea,Yellow,A,2,D,28,Hymenoptera,Halictidae,Halictus,sp3,1,SEL,6.25
739,SEL1OP,Sedum_sediforme,NA,3,28,Crassulacea,Yellow,A,2,D,126,Coleoptera,Mordelidae,Mordellistena,pumila,1,SEL,6.25
740,SEL1OP,Sonchus_tenerrinus,16/06/2005,2,32,Asteracea,Yellow,A,3,T,188,Hymenoptera,Andrenidae,Andrena,sp4,1,SEL,0
741,SEL2OP,Daucus_carota_carota,NA,2,14,Umbelifera,Withe,A,2,D,167,Coleoptera,Oedemeridae,Oedemera,barbara,2,SEL,5.75
742,SEL2OP,Daucus_carota_carota,8/6/05,1,14,Umbelifera,Withe,A,2,D,214,Hymenoptera,Scolidae,Scolia,sp2,1,SEL,5.75
743,SEL2OP,Daucus_carota_carota,8/6/05,1,14,Umbelifera,Withe,A,2,D,2,Hymenoptera,Eulophidae?_Scelionidae?,H27,,1,SEL,5.75
744,SEL2OP,Daucus_carota_carota,16/06/2005,2,14,Umbelifera,Withe,A,2,D,119,Coleoptera,Mordelidae,Mordella,bipunctata,3,SEL,5.75
745,SEL2OP,Daucus_carota_carota,29/06/2005,4,14,Umbelifera,Withe,A,2,D,126,Coleoptera,Mordelidae,Mordellistena,pumila,2,SEL,5.75
746,SEL2OP,Daucus_carota_carota,8/6/05,1,14,Umbelifera,Withe,A,2,D,114,Coleoptera,Dasytidae,Psilothrix,sp1,1,SEL,5.75
747,SEL2OP,Daucus_carota_carota,8/6/05,1,14,Umbelifera,Withe,A,2,D,112,Coleoptera,Ptinidae?_Bruchidae?,C7,,1,SEL,5.75
748,SEL2OP,Daucus_carota_carota,20/06/2005,3,14,Umbelifera,Withe,A,2,D,119,Coleoptera,Mordelidae,Mordella,bipunctata,2,SEL,5.75
749,SEL2OP,Daucus_carota_carota,NA,1,14,Umbelifera,Withe,A,2,D,125,Coleoptera,Oedemeridae,Oedemera,flavipes,2,SEL,5.75
750,SEL2OP,Daucus_carota_carota,8/6/05,1,14,Umbelifera,Withe,A,2,D,159,Coleoptera,Cerambycidae,Stenopterus,rufus,1,SEL,5.75
751,SEL2OP,Daucus_carota_carota,8/6/05,1,14,Umbelifera,Withe,A,2,D,109,Coleoptera,Dasytidae,C4,,10,SEL,5.75
752,SEL2OP,Daucus_carota_carota,16/06/2005,2,14,Umbelifera,Withe,A,2,D,34,Hymenoptera,Halictidae,Lasioglossum,sp3,1,SEL,5.75
753,SEL2OP,Daucus_carota_carota,16/06/2005,2,14,Umbelifera,Withe,A,2,D,123,Coleoptera,Cleridae,Trichodes,apiarius,1,SEL,5.75
754,SEL2OP,Dianthus_caryophillus,NA,3,16,Cariofilalacea,Purple,A,1,T,125,Coleoptera,Oedemeridae,Oedemera,flavipes,1,SEL,1.75
755,SEL2OP,Eryngium_campestre,NA,3,20,Umbelifera,Withe,A,2,D,125,Coleoptera,Oedemeridae,Oedemera,flavipes,2,SEL,0
756,SEL2OP,Eryngium_campestre,29/06/2005,4,20,Umbelifera,Withe,A,2,D,75,Lepidoptera,Nymphalidae,Vanesa,atlantica,1,SEL,0
757,SEL2OP,Hypericum_perfolatum,8/6/05,1,70,Clusiaceae,Yellow,A,2,D,217,Hymenoptera,Megachilidae,Anthidium,sp1,1,SEL,1
758,SEL2OP,Opuntia_stricta,16/06/2005,2,25,Cactacea,Yellow,A,1,D,106,Coleoptera,Scarabaeidae,Oxythyrea,funesta,1,SEL,20.75
759,SEL2OP,Opuntia_stricta,16/06/2005,2,25,Cactacea,Yellow,A,1,D,11,Hymenoptera,Megachilidae,Anthidium,sticticum,1,SEL,20.75
760,SEL2OP,Opuntia_stricta,8/6/05,1,25,Cactacea,Yellow,A,1,D,109,Coleoptera,Dasytidae,C4,,2,SEL,20.75
761,SEL2OP,Opuntia_stricta,16/06/2005,2,25,Cactacea,Yellow,A,1,D,13,Hymenoptera,Apoidea,Apis,mellifera,3,SEL,20.75
762,SEL2OP,Opuntia_stricta,8/6/05,1,25,Cactacea,Yellow,A,1,D,125,Coleoptera,Oedemeridae,Oedemera,flavipes,1,SEL,20.75
763,SEL2OP,Opuntia_stricta,8/6/05,1,25,Cactacea,Yellow,A,1,D,213,Hymenoptera,Scolidae,Scolia,sp1,1,SEL,20.75
764,SEL2OP,Opuntia_stricta,8/6/05,1,25,Cactacea,Yellow,A,1,D,103,Coleoptera,Maloidea,Myrabilis,quadripunctata,3,SEL,20.75
765,SEL2OP,Opuntia_stricta,8/6/05,1,25,Cactacea,Yellow,A,1,D,119,Coleoptera,Mordelidae,Mordella,bipunctata,2,SEL,20.75
766,SEL2OP,Opuntia_stricta,29/06/2005,4,25,Cactacea,Yellow,A,1,D,52,Hymenoptera,Apoidea,Bombus,terrestris,1,SEL,20.75
767,SEL2OP,Opuntia_stricta,16/06/2005,2,25,Cactacea,Yellow,A,1,D,34,Hymenoptera,Halictidae,Lasioglossum,sp3,1,SEL,20.75
768,SEL2OP,Opuntia_stricta,20/06/2005,3,25,Cactacea,Yellow,A,1,D,216,Hymenoptera,Anthophoridae,Xylocopa,sp1,2,SEL,20.75
769,SEL2OP,Opuntia_stricta,8/6/05,1,25,Cactacea,Yellow,A,1,D,217,Hymenoptera,Megachilidae,Anthidium,sp1,1,SEL,20.75
770,SEL2OP,Opuntia_stricta,16/06/2005,2,25,Cactacea,Yellow,A,1,D,52,Hymenoptera,Apoidea,Bombus,terrestris,2,SEL,20.75
771,SEL2OP,Opuntia_stricta,20/06/2005,3,25,Cactacea,Yellow,A,1,D,52,Hymenoptera,Apoidea,Bombus,terrestris,1,SEL,20.75
772,SEL2OP,Opuntia_stricta,16/06/2005,2,25,Cactacea,Yellow,A,1,D,217,Hymenoptera,Megachilidae,Anthidium,sp1,2,SEL,20.75
773,SEL2OP,Psoralea_bituminosa,16/06/2005,2,26,Papilionacea,Purple,Z,2,P,182,Hymenoptera,Megachilidae,Megachille,sp3,1,SEL,35
774,SEL2OP,Psoralea_bituminosa,8/6/05,1,26,Papilionacea,Purple,Z,2,P,103,Coleoptera,Maloidea,Myrabilis,quadripunctata,3,SEL,35
775,SEL2OP,Psoralea_bituminosa,8/6/05,1,26,Papilionacea,Purple,Z,2,P,244,Hymenoptera,Andrenidae,Andrena,sp11,1,SEL,35
776,SEL2OP,Psoralea_bituminosa,20/06/2005,3,26,Papilionacea,Purple,Z,2,P,217,Hymenoptera,Megachilidae,Anthidium,sp1,1,SEL,35
777,SEL2OP,Psoralea_bituminosa,8/6/05,1,26,Papilionacea,Purple,Z,2,P,236,Diptera,Asiridae,Lassiopogon,,1,SEL,35
778,SEL2OP,Psoralea_bituminosa,16/06/2005,2,26,Papilionacea,Purple,Z,2,P,103,Coleoptera,Maloidea,Myrabilis,quadripunctata,1,SEL,35
779,SEL2OP,Psoralea_bituminosa,20/06/2005,3,26,Papilionacea,Purple,Z,2,P,103,Coleoptera,Maloidea,Myrabilis,quadripunctata,1,SEL,35
780,SEL2OP,Ruta_chalepensis,8/6/05,1,66,Rutaceae,Yellow,A,2,D,45,Hymenoptera,Vespidae,Polistes,gallicum,1,SEL,21.75
781,SEL2OP,Ruta_chalepensis,16/06/2005,2,66,Rutaceae,Yellow,A,2,D,29,Hymenoptera,Halictidae,Halictus,gemmeus,1,SEL,21.75
782,SEL2OP,Ruta_chalepensis,8/6/05,1,66,Rutaceae,Yellow,A,2,D,29,Hymenoptera,Halictidae,Halictus,gemmeus,1,SEL,21.75
783,SEL2OP,Ruta_chalepensis,8/6/05,1,66,Rutaceae,Yellow,A,2,D,126,Coleoptera,Mordelidae,Mordellistena,pumila,1,SEL,21.75
784,SEL2OP,Ruta_chalepensis,8/6/05,1,66,Rutaceae,Yellow,A,2,D,204,Hymenoptera,Andrenidae,Andrena,sp10,1,SEL,21.75
785,SEL2OP,Ruta_chalepensis,8/6/05,1,66,Rutaceae,Yellow,A,2,D,211,Hymenoptera,Braconidae,H82,,1,SEL,21.75
786,SEL2OP,Ruta_chalepensis,16/06/2005,2,66,Rutaceae,Yellow,A,2,D,126,Coleoptera,Mordelidae,Mordellistena,pumila,1,SEL,21.75
787,SEL2OP,Sedum_sediforme,29/06/2005,4,28,Crassulacea,Yellow,A,2,D,204,Hymenoptera,Andrenidae,Andrena,sp10,1,SEL,5
788,SEL2OP,Sedum_sediforme,20/06/2005,3,28,Crassulacea,Yellow,A,2,D,123,Coleoptera,Cleridae,Trichodes,apiarius,1,SEL,5
789,SEL2OP,Sedum_sediforme,29/06/2005,4,28,Crassulacea,Yellow,A,2,D,217,Hymenoptera,Megachilidae,Anthidium,sp1,1,SEL,5
790,SEL2OP,Sonchus_tenerrinus,16/06/2005,2,32,Asteracea,Yellow,A,3,T,103,Coleoptera,Maloidea,Myrabilis,quadripunctata,1,SEL,1