"","genus_species","match","grep"
"1","Blechum pyramidatum",0,0
"2","Elytraria imbricata",0,0
"4","Acer macrophyllum",0,0
"5","Phaulothamnus spinescens",0,0
"6","Sambucus mexicana",0,0
"7","Sambucus nigra",1,1
"8","Agave americana",0,0
"9","Yucca",0,1
"10","Carpobrotus chilensis",0,0
"11","Carpobrotus edulis",1,1
"12","Mesembryanthemum crystallinum",0,0
"13","Mesembryanthemum nodiflorum",0,0
"15","Sesuvium portulacastrum",0,0
"16","Tetragonia tetragonioides",0,0
"18","Trianthema portulacastrum",0,0
"19","Allium",0,1
"20","Allium praecox",0,0
"21","Alternanthera",0,0
"22","Alternanthera echinocephala",0,0
"25","Amaranthus albus",0,0
"27","Amaranthus blitoides",0,0
"29","Amaranthus deflexus",0,0
"31","Amaranthus gracilis",0,0
"33","Amaranthus lividus",0,0
"34","Amaranthus powellii",0,0
"36","Amaranthus spinosus",1,1
"39","Arthrocnemum subterminale",0,0
"40","Atriplex",0,1
"41","Atriplex argentea",0,0
"42","Atriplex argentea",0,0
"43","Atriplex californica",0,0
"44","Atriplex hastata",0,0
"45","Atriplex lentiformis",1,1
"46","Atriplex lentiformis",1,1
"47","Atriplex leucophylla",0,0
"48","Atriplex patula",0,0
"49","Atriplex prostrata",0,0
"50","Atriplex semibaccata",0,0
"51","Atriplex subspicata",0,0
"52","Atriplex triangularis",0,0
"53","Atriplex watsonii",0,0
"54","Beta vulgaris",0,0
"56","Chenopodium",0,1
"57","Chenopodium album",1,1
"58","Chenopodium ambrosioides",0,0
"60","Chenopodium berlandieri",0,0
"61","Chenopodium berlandieri",0,0
"62","Chenopodium californicum",0,0
"63","Chenopodium murale",0,0
"65","Extriplex californica",0,0
"67","Iresine angustifolia",0,0
"68","Monolepis nuttalliana",0,0
"70","Salicornia",0,0
"71","Salicornia pacifica",0,0
"72","Salicornia subterminalis",0,0
"73","Salicornia virginica",0,0
"74","Salsola",0,0
"75","Salsola australis",0,0
"76","Salsola tragus",0,0
"77","Suaeda californica",0,0
"78","Suaeda californica",0,0
"79","Suaeda nigra",0,0
"80","Suaeda taxifolia",0,0
"81","Allium",0,1
"82","Allium lacunosum",0,0
"83","Allium lacunosum",0,0
"84","Allium praecox",0,0
"85","Bloomeria crocea",0,0
"86","Bloomeria crocea",0,0
"87","Ipheion uniflorum",0,0
"88","Narcissus tazetta",0,0
"89","Rhus",0,1
"90","Rhus integrifolia",0,0
"93","Rhus ovata",0,0
"95","Schinus molle",0,0
"96","Toxicodendron",0,1
"97","Toxicodendron diversilobum",1,1
"98","Apiastrum",0,0
"99","Apiastrum angustifolium",0,0
"100","Apium graveolens",0,0
"101","Berula erecta",0,0
"102","Berula incisa",0,0
"103","Bowlesia",0,0
"104","Bowlesia incana",0,0
"105","Caucalis",0,0
"106","Caucalis microcarpa",0,0
"107","Conium maculatum",0,0
"108","Daucus",0,1
"109","Daucus pusillus",0,0
"110","Foeniculum vulgare",1,1
"111","Hydrocotyle umbellata",0,0
"112","Lomatium",0,1
"113","Lomatium caruifolium",0,0
"114","Lomatium caruifolium",0,0
"115","Lomatium utriculatum",1,1
"116","Lomatium vaginatum",0,0
"117","Petroselinum crispum",0,0
"118","Sanicula",0,1
"119","Sanicula arguta",0,0
"121","Sanicula hoffmannii",0,0
"122","Torilis arvensis",1,1
"123","Torilis nodosa",0,0
"124","Yabea microcarpa",0,0
"125","Araujia sericifera",0,0
"126","Asclepias fascicularis",1,1
"127","Asclepias subulata",0,0
"129","Vallesia glabra",0,0
"130","Vinca",0,0
"131","Vinca major",0,0
"132","Hedera canariensis",0,0
"133","Araucaria excelsa",0,0
"135","Bloomeria crocea",0,0
"136","Bloomeria crocea",0,0
"137","Brodiaea jolonensis",0,0
"138","Dichelostemma capitatum",0,0
"139","Dichelostemma capitatum",0,0
"140","Dichelostemma pulchellum",0,0
"141","Acanthoxanthium spinosum",0,0
"142","Achillea",0,1
"143","Achillea millefolium",1,1
"144","Achillea millefolium",1,1
"145","Achyrachaena",0,0
"146","Achyrachaena mollis",0,0
"147","Acmella",0,0
"148","Acourtia microcephala",0,0
"149","Adenostemma lavenia",0,0
"150","Ageratum conyzoides",0,0
"151","Agoseris",0,1
"152","Agoseris grandiflora",0,0
"153","Agoseris grandiflora",0,0
"155","Agoseris heterophylla",0,0
"156","Amblyopappus",0,0
"157","Amblyopappus pusillus",0,0
"158","Ambrosia chamissonis",0,0
"159","Ambrosia chamissonis",0,0
"161","Ambrosia psilostachya",0,0
"162","Amphipappus fremontii",0,0
"163","Anthemis arvensis",0,0
"164","Anthemis cotula",1,1
"165","Artemisia californica",0,0
"166","Artemisia douglasiana",0,0
"167","Aster chilensis",0,0
"168","Aster exilis",0,0
"169","Aster radulinus",0,0
"170","Aster subulatus",0,0
"171","Baccharis douglasii",0,0
"172","Baccharis glutinosa",0,0
"173","Baccharis pilularis",1,1
"174","Baccharis pilularis",1,1
"175","Baccharis plummerae",0,0
"176","Baccharis plummerae",0,0
"177","Baccharis salicifolia",1,1
"179","Bidens pilosa",1,1
"180","Blennosperma nanum",0,0
"181","Blennosperma nanum",0,0
"182","Brickellia californica",1,1
"183","Calendula",0,1
"184","Carduus pycnocephalus",1,1
"185","Centaurea benedicta",0,0
"186","Centaurea melitensis",0,0
"187","Centaurea solstitialis",1,1
"188","Centromadia fitchii",0,0
"189","Chrysanthemum coronarium",0,0
"190","Cichorium intybus",1,1
"191","Cirsium brevistylum",0,0
"192","Cirsium occidentale",0,0
"193","Cirsium occidentale",0,0
"194","Cirsium occidentale",0,0
"195","Cirsium occidentale",0,0
"196","Cirsium vulgare",1,1
"197","Conyza bonariensis",1,1
"198","Conyza canadensis",1,1
"199","Conyza floribunda",0,0
"201","Coreopsis gigantea",0,0
"202","Corethrogyne filaginifolia",0,0
"203","Corethrogyne filaginifolia",0,0
"204","Corethrogyne filaginifolia",0,0
"205","Cotula australis",0,0
"206","Cotula coronopifolia",0,0
"207","Cynara cardunculus",0,0
"208","Cynara scolymus",0,0
"209","Deinandra clementina",0,0
"210","Deinandra fasciculata",0,0
"211","Deinandra increscens",0,0
"212","Eclipta prostrata",1,1
"213","Encelia californica",1,1
"214","Erechtites glomerata",0,0
"216","Ericameria ericoides",0,0
"217","Erigeron bonariensis",0,0
"218","Erigeron canadensis",1,1
"219","Erigeron concinnus",0,0
"220","Erigeron foliosus",0,0
"221","Erigeron foliosus",0,0
"222","Erigeron foliosus",0,0
"223","Erigeron glaucus",1,1
"224","Erigeron sanctarum",0,0
"226","Eriophyllum",0,0
"227","Eriophyllum confertiflorum",0,0
"228","Eriophyllum confertiflorum",0,0
"229","Eriophyllum staechadifolium",0,0
"230","Eriophyllum staechadifolium",0,0
"231","Eurybia radulina",0,0
"232","Filago arizonica",0,0
"233","Filago californica",0,0
"234","Filago gallica",0,0
"235","Gamochaeta ustulata",0,0
"237","Gnaphalium",0,0
"238","Gnaphalium bicolor",0,0
"239","Gnaphalium californicum",0,0
"240","Gnaphalium canescens",0,0
"241","Gnaphalium chilense",0,0
"243","Gnaphalium luteoalbum",0,0
"244","Gnaphalium microcephalum",0,0
"245","Gnaphalium palustre",0,0
"246","Gnaphalium purpureum",0,0
"247","Gnaphalium ramosissimum",0,0
"248","Grindelia camporum",1,1
"249","Grindelia latifolia",0,0
"250","Grindelia robusta",0,0
"251","Haplopappus detonsus",0,0
"253","Haplopappus squarrosus",0,0
"254","Haplopappus squarrosus",0,0
"255","Haplopappus venetus",0,0
"256","Haplopappus venetus",0,0
"257","Hazardia cana",0,0
"258","Hazardia detonsa",0,0
"259","Hazardia squarrosa",0,0
"260","Hazardia squarrosa",0,0
"261","Hazardia squarrosa",0,0
"262","Helianthus annuus",1,1
"263","Helianthus annuus",1,1
"264","Helminthotheca echioides",0,0
"265","Hemizonia fasciculata",0,0
"266","Hemizonia fitchii",0,0
"267","Hemizonia increscens",0,0
"268","Hemizonia increscens",0,0
"269","Hemizonia ramosissima",0,0
"270","Heterotheca grandiflora",0,0
"271","Hieracium",0,1
"272","Hieracium argutum",0,0
"273","Hieracium argutum",0,0
"274","Hypochaeris glabra",0,0
"275","Isocoma menziesii",0,0
"276","Isocoma menziesii",0,0
"277","Isocoma menziesii",0,0
"278","Isocoma menziesii",0,0
"279","Isocoma veneta",1,1
"281","Jaumea",0,0
"282","Jaumea carnosa",0,0
"283","Lactuca saligna",0,0
"284","Lactuca serriola",1,1
"286","Laennecia coulteri",0,0
"287","Lasthenia californica",0,0
"288","Lasthenia chrysostoma",0,0
"289","Lasthenia gracilis",0,0
"290","Layia",0,0
"291","Layia glandulosa",0,0
"292","Layia platyglossa",0,0
"293","Layia platyglossa",0,0
"294","Layia platyglossa",0,0
"295","Lepidospartum squamatum",1,1
"296","Leptosyne gigantea",0,0
"297","Lessingia filaginifolia",0,0
"298","Logfia arizonica",0,0
"299","Logfia filaginoides",0,0
"300","Logfia gallica",0,0
"301","Madia",0,0
"302","Madia exigua",0,0
"303","Madia gracilis",0,0
"304","Madia sativa",0,0
"305","Malacothrix",0,1
"306","Malacothrix coulteri",0,0
"307","Malacothrix foliosa",0,0
"308","Malacothrix indecora",0,0
"309","Malacothrix saxatilis",0,0
"310","Malacothrix saxatilis",0,0
"311","Malacothrix saxatilis",0,0
"312","Matricaria matricarioides",0,0
"313","Micropus",0,0
"314","Micropus californicus",0,0
"315","Micropus californicus",0,0
"316","Microseris",0,0
"317","Microseris douglasii",0,0
"318","Microseris douglasii",0,0
"319","Microseris douglasii",0,0
"320","Microseris douglasii",0,0
"322","Microseris elegans",0,0
"323","Microseris heterocarpa",0,0
"324","Microseris lindleyi",0,0
"325","Microseris linearifolia",0,0
"327","Perezia microcephala",0,0
"328","Perityle",0,0
"329","Perityle emoryi",0,0
"330","Pluchea odorata",0,0
"331","Pluchea odorata",0,0
"332","Pluchea purpurascens",0,0
"333","Pseudognaphalium",0,1
"334","Pseudognaphalium beneolens",0,0
"335","Pseudognaphalium biolettii",0,0
"336","Pseudognaphalium californicum",0,0
"337","Pseudognaphalium canescens",0,0
"338","Pseudognaphalium luteoalbum",0,0
"339","Pseudognaphalium microcephalum",0,0
"340","Pseudognaphalium ramosissimum",0,0
"341","Pseudognaphalium stramineum",0,0
"342","Psilocarphus tenellus",0,0
"343","Psilocarphus tenellus",0,0
"344","Rafinesquia californica",0,0
"348","Senecio aphanactis",0,0
"349","Senecio douglasii",0,0
"351","Senecio flaccidus",0,0
"352","Senecio flaccidus",0,0
"353","Senecio glomeratus",0,0
"354","Senecio mikanioides",0,0
"355","Senecio vulgaris",0,0
"356","Silybum marianum",1,1
"357","Solidago californica",0,0
"358","Solidago spathulata",0,0
"360","Sonchus asper",0,0
"361","Sonchus oleraceus",0,0
"362","Stebbinsoseris heterocarpa",0,0
"363","Stephanomeria",0,0
"364","Stephanomeria cichoriacea",0,0
"365","Stephanomeria diegensis",0,0
"366","Stephanomeria exigua",0,0
"367","Stephanomeria exigua",0,0
"368","Stephanomeria virgata",0,0
"369","Stephanomeria virgata",0,0
"370","Stylocline gnaphalioides",0,0
"371","Stylocline gnaphaloides",0,0
"372","Symphyotrichum chilense",1,1
"373","Symphyotrichum subspicatum",0,0
"374","Symphyotrichum subulatum",0,0
"375","Symphyotrichum subulatum",0,0
"376","Symphyotrichum subulatum",0,0
"377","Taraxacum",0,1
"378","Taraxacum erythrospermum",0,0
"379","Taraxacum laevigatum",0,0
"380","Taraxacum officinale",1,1
"381","Tragopogon",0,1
"382","Tragopogon porrifolius",0,0
"383","Uropappus lindleyi",0,0
"384","Venegasia carpesioides",0,0
"388","Xanthium spinosum",0,0
"389","Xanthium strumarium",0,0
"391","Batis maritima",0,0
"392","Berberis pinnata",0,0
"393","Berberis pinnata",0,0
"394","Berberis pinnata",0,0
"395","Mahonia pinnata",0,0
"396","Mahonia pinnata",0,0
"397","Mahonia pinnata",0,0
"398","Woodwardia",0,0
"399","Woodwardia fimbriata",0,0
"400","Ochroma lagopus",0,0
"401","Amsinckia intermedia",0,0
"402","Amsinckia",0,0
"403","Amsinckia intermedia",0,0
"404","Amsinckia menziesii",0,0
"405","Amsinckia menziesii",0,0
"406","Amsinckia menziesii",0,0
"407","Amsinckia retrorsa",0,0
"408","Amsinckia spectabilis",0,0
"409","Amsinckia spectabilis",0,0
"411","Cordia",0,1
"413","Cryptantha",0,0
"414","Cryptantha clevelandii",0,0
"415","Cryptantha clevelandii",0,0
"416","Cryptantha clevelandii",0,0
"418","Cryptantha leiocarpa",0,0
"419","Cryptantha maritima",0,0
"420","Cryptantha micromeres",0,0
"421","Cryptantha microstachys",0,0
"422","Cryptantha muricata",0,0
"423","Cryptantha muricata",0,0
"424","Emmenanthe penduliflora",0,0
"425","Eucrypta chrysanthemifolia",0,0
"426","Eucrypta chrysanthemifolia",0,0
"428","Heliotropium angiospermum",0,0
"429","Heliotropium curassavicum",1,1
"430","Heliotropium curassavicum",1,1
"431","Nemophila pedunculata",0,0
"432","Pectocarya heterocarpa",0,0
"433","Pectocarya linearis",0,0
"434","Pectocarya linearis",0,0
"435","Pectocarya linearis",0,0
"436","Pectocarya penicillata",0,0
"437","Phacelia cicutaria",0,0
"438","Phacelia cicutaria",0,0
"439","Phacelia cicutaria",0,0
"440","Phacelia distans",1,1
"441","Phacelia grandiflora",0,0
"442","Phacelia ramosissima",0,0
"443","Phacelia ramosissima",0,0
"444","Phacelia ramosissima",0,0
"445","Phacelia tanacetifolia",0,0
"446","Phacelia viscida",0,0
"448","Pholistoma auritum",0,0
"449","Pholistoma auritum",0,0
"450","Pholistoma racemosum",0,0
"451","Plagiobothrys",0,0
"452","Plagiobothrys acanthocarpus",0,0
"453","Plagiobothrys bracteatus",0,0
"454","Plagiobothrys californicus",0,0
"455","Plagiobothrys californicus",0,0
"456","Plagiobothrys canescens",0,0
"457","Plagiobothrys canescens",0,0
"458","Plagiobothrys canescens",0,0
"459","Plagiobothrys collinus",0,0
"460","Plagiobothrys collinus",0,0
"461","Plagiobothrys collinus",0,0
"462","Plagiobothrys collinus",0,0
"467","Arabis glabra",0,0
"468","Arabis maxima",0,0
"469","Athysanus pusillus",0,0
"470","Brassica",0,1
"471","Brassica geniculata",0,0
"472","Brassica juncea",0,0
"473","Brassica kaber",0,0
"474","Brassica nigra",1,1
"475","Brassica rapa",0,0
"476","Brassica rapa",0,0
"477","Cakile maritima",0,0
"478","Cakile maritima",0,0
"479","Capsella bursa-pastoris",1,1
"480","Cardamine californica",0,0
"481","Cardamine californica",0,0
"482","Cardamine californica",0,0
"483","Cardamine oligosperma",0,0
"484","Cardaria",0,0
"485","Cardaria draba",0,0
"487","Caulanthus inflatus",0,0
"488","Caulanthus lasiophyllus",0,0
"489","Dentaria californica",0,0
"490","Dentaria integrifolia",0,0
"491","Descurainia pinnata",1,1
"492","Descurainia pinnata",1,1
"493","Descurainia pinnata",1,1
"494","Draba cuneifolia",0,0
"495","Erysimum insulare",0,0
"496","Guillenia lasiophylla",0,0
"497","Hirschfeldia incana",0,0
"498","Hornungia procumbens",0,0
"499","Hutchinsia procumbens",0,0
"500","Lepidium draba",0,0
"501","Lepidium draba",0,0
"502","Lepidium lasiocarpum",0,0
"503","Lepidium latipes",0,0
"504","Lepidium latipes",0,0
"505","Lepidium nitidum",0,0
"506","Lepidium nitidum",0,0
"507","Lepidium oblongum",0,0
"508","Lepidium oblongum",0,0
"509","Lepidium oblongum",0,0
"510","Lepidium strictum",0,0
"511","Lepidium virginicum",1,1
"512","Lepidium virginicum",1,1
"513","Lepidium virginicum",1,1
"514","Nasturtium officinale",0,0
"515","Raphanus",0,1
"516","Raphanus raphanistrum",1,1
"517","Raphanus sativus",1,1
"519","Sinapis arvensis",0,0
"520","Sisymbrium officinale",0,0
"521","Thelypodium lasiophyllum",0,0
"523","Thysanocarpus",0,0
"524","Thysanocarpus curvipes",0,0
"525","Thysanocarpus curvipes",0,0
"526","Thysanocarpus curvipes",0,0
"527","Thysanocarpus curvipes",0,0
"529","Thysanocarpus laciniatus",0,0
"530","Thysanocarpus laciniatus",0,0
"531","Thysanocarpus laciniatus",0,0
"532","Turritis glabra",0,0
"535","Cylindropuntia alcahes",0,0
"536","Cylindropuntia prolifera",0,0
"538","Echinocereus brandegeei",0,0
"539","Ferocactus diguetii",0,0
"542","Opuntia ficus-indica",0,0
"543","Opuntia littoralis",0,0
"544","Opuntia oricola",0,0
"545","Opuntia prolifera",0,0
"546","Githopsis diffusa",0,0
"547","Lobelia erinus",0,0
"548","Triodanis biflora",0,0
"549","Cannabis sativa",0,0
"550","Centranthus ruber",0,0
"551","Kentranthus ruber",0,0
"552","Lonicera hispidula",0,0
"553","Lonicera hispidula",0,0
"554","Lonicera interrupta",0,0
"555","Lonicera subspicata",0,0
"556","Lonicera subspicata",0,0
"557","Lonicera subspicata",0,0
"558","Lonicera subspicata",0,0
"559","Plectritis ciliosa",0,0
"560","Sambucus nigra",1,1
"561","Symphoricarpos",0,1
"562","Symphoricarpos mollis",1,1
"563","Arenaria congesta",0,0
"564","Arenaria douglasii",0,0
"565","Cardionema",0,0
"567","Cardionema ramosissimum",0,0
"568","Cerastium",0,1
"569","Cerastium arvense",0,0
"570","Cerastium glomeratum",0,0
"571","Minuartia",0,1
"572","Minuartia douglasii",0,0
"573","Polycarpon depressum",0,0
"574","Polycarpon tetraphyllum",0,0
"575","Polycarpon tetraphyllum",0,0
"577","Sagina",0,0
"578","Sagina apetala",0,0
"579","Sagina decumbens",0,0
"580","Sagina decumbens",0,0
"581","Sagina occidentalis",0,0
"582","Silene",0,1
"583","Silene antirrhina",0,0
"584","Silene gallica",0,0
"585","Silene laciniata",0,0
"586","Silene laciniata",0,0
"587","Silene laciniata",0,0
"588","Silene multinervia",0,0
"589","Spergularia",0,0
"591","Spergularia bocconi",0,0
"592","Spergularia bocconii",0,0
"593","Spergularia macrotheca",0,0
"594","Spergularia macrotheca",0,0
"595","Spergularia marina",0,0
"596","Spergularia platensis",0,0
"597","Spergularia rubra",0,0
"598","Spergularia salina",0,0
"599","Spergularia villosa",0,0
"600","Stellaria media",1,1
"601","Stellaria neglecta",0,0
"602","Stellaria nitens",0,0
"603","Stellaria pallida",0,0
"607","Atriplex",0,1
"608","Atriplex argentea",0,0
"609","Atriplex barclayana",0,0
"610","Atriplex lentiformis",1,1
"611","Atriplex lentiformis",1,1
"612","Atriplex leucophylla",0,0
"613","Atriplex prostrata",0,0
"614","Atriplex semibaccata",0,0
"615","Atriplex serenana",0,0
"616","Atriplex triangularis",0,0
"617","Atriplex watsonii",0,0
"618","Beta macrocarpa",0,0
"619","Beta vulgaris",0,0
"621","Chenopodium album",1,1
"622","Chenopodium berlandieri",0,0
"624","Chenopodium berlandieri",0,0
"625","Chenopodium californicum",0,0
"626","Chenopodium murale",0,0
"627","Dysphania ambrosioides",0,0
"628","Extriplex californica",0,0
"629","Salicornia pacifica",0,0
"630","Salsola australis",0,0
"631","Salsola tragus",0,0
"632","Suaeda californica",0,0
"633","Suaeda taxifolia",0,0
"634","Chenopodium californicum",0,0
"638","Helianthemum scoparium",0,0
"640","Helianthemum scoparium",0,0
"641","Ambrosia chamissonis",0,0
"642","Baccharis plummerae",0,0
"643","Centaurea solstitialis",1,1
"644","Hazardia cana",0,0
"645","Layia platyglossa",0,0
"646","Perityle emoryi",0,0
"647","Calystegia macrostegia",0,0
"648","Calystegia macrostegia",0,0
"649","Calystegia macrostegia",0,0
"650","Calystegia macrostegia",0,0
"651","Calystegia macrostegia",0,0
"652","Calystegia soldanella",1,1
"653","Convolvulus",0,1
"654","Convolvulus arvensis",1,1
"655","Convolvulus simulans",0,0
"656","Cressa truxillensis",0,0
"657","Cuscuta",0,1
"658","Cuscuta californica",0,0
"659","Cuscuta ceanothi",0,0
"662","Cuscuta salina",0,0
"663","Cuscuta salina",0,0
"664","Cuscuta subinclusa",0,0
"665","Dichondra",0,0
"666","Dichondra occidentalis",0,0
"668","Crassula connata",0,0
"669","Crassula connata",0,0
"670","Crassula erecta",0,0
"672","Dudleya cespitosa",0,0
"674","Cucurbita foetidissima",1,1
"676","Marah",0,0
"677","Marah fabacea",0,0
"678","Marah fabaceus",0,0
"679","Marah fabaceus",0,0
"680","Marah guadalupensis",0,0
"681","Marah macrocarpa",0,0
"682","Marah macrocarpa",0,0
"683","Marah macrocarpus",0,0
"684","Marah macrocarpus",0,0
"687","Cupressus macrocarpa",0,0
"689","Bolboschoenus maritimus",0,0
"690","Bolboschoenus maritimus",0,0
"691","Carex",0,0
"692","Carex barbarae",0,0
"693","Carex globosa",0,0
"694","Carex gracilior",0,0
"695","Carex harfordii",0,0
"696","Carex praegracilis",0,0
"697","Carex schottii",0,0
"698","Carex senta",0,0
"699","Carex subbracteata",0,0
"701","Carex subfusca",0,0
"702","Carex triquetra",0,0
"703","Carex tumulicola",0,0
"704","Cyperus",0,0
"705","Cyperus alternifolius",0,0
"706","Cyperus eragrostis",0,0
"707","Cyperus odoratus",0,0
"708","Schoenoplectus californicus",0,0
"709","Schoenoplectus maritimus",0,0
"710","Schoenoplectus pungens",0,0
"711","Schoenoplectus pungens",0,0
"712","Scirpus",0,0
"713","Scirpus californicus",0,0
"714","Scirpus maritimus",0,0
"715","Pteridium aquilinum",0,0
"716","Pteridium aquilinum",0,0
"717","Dryopteris arguta",0,0
"718","Athyrium filix-femina",0,0
"719","Athyrium filix-femina",0,0
"720","Athyrium filix-femina",0,0
"721","Cystopteris fragilis",0,0
"722","Dryopteris arguta",0,0
"723","Polystichum munitum",0,0
"725","Equisetum hyemale",0,0
"726","Equisetum hyemale",0,0
"727","Equisetum laevigatum",0,0
"728","Equisetum telmateia",0,0
"729","Equisetum telmateia",0,0
"730","Equisetum telmateia",0,0
"731","Comarostaphylis diversifolia",0,0
"732","Arbutus menziesii",0,0
"733","Arctostaphylos",0,0
"734","Arctostaphylos catalinae",0,0
"735","Arctostaphylos crustacea",0,0
"736","Arctostaphylos crustacea",0,0
"737","Arctostaphylos crustacea",0,0
"738","Arctostaphylos crustacea",0,0
"739","Arctostaphylos glandulosa",0,0
"740","Arctostaphylos insularis",0,0
"742","Arctostaphylos insularis",0,0
"744","Arctostaphylos pechoensis",0,0
"745","Arctostaphylos subcordata",0,0
"746","Arctostaphylos tomentosa",0,0
"747","Arctostaphylos tomentosa",0,0
"748","Arctostaphylos tomentosa",0,0
"749","Arctostaphylos tomentosa",0,0
"750","Arctostaphylos tomentosa",0,0
"752","Arctostaphylos viridissima",0,0
"753","Comarostaphylis diversifolia",0,0
"754","Comarostaphylis diversifolia",0,0
"755","Comarostaphylis diversifolia",0,0
"756","Comarostaphylis diversifolia",0,0
"757","Vaccinium ovatum",0,0
"758","Croton setigerus",0,0
"759","Acalypha californica",0,0
"760","Bernardia viridis",0,0
"761","Chamaesyce maculata",0,0
"763","Croton setiger",1,1
"764","Croton setigerus",0,0
"765","Ditaxis lanceolata",0,0
"766","Eremocarpus setiger",0,0
"767","Eremocarpus setigerus",0,0
"768","Euphorbia",0,1
"769","Euphorbia lomelii",0,0
"770","Euphorbia maculata",0,0
"771","Euphorbia misella",0,0
"772","Euphorbia misera",0,0
"773","Euphorbia peplus",1,1
"774","Euphorbia polycarpa",0,0
"775","Euphorbia spathulata",0,0
"776","Jatropha cinerea",0,0
"777","Jatropha cuneata",0,0
"778","Stillingia linearifolia",0,0
"779","Acacia",0,1
"780","Acacia baileyana",0,0
"781","Acacia dealbata",0,0
"782","Acacia decurrens",0,0
"783","Acacia mearnsii",0,0
"784","Acacia melanoxylon",0,0
"786","Acmispon",0,1
"787","Acmispon americanus",1,1
"788","Acmispon americanus",1,1
"789","Acmispon argophyllus",0,0
"790","Acmispon argophyllus",0,0
"791","Acmispon argophyllus",0,0
"792","Acmispon argophyllus",0,0
"794","Acmispon dendroideus",0,0
"795","Acmispon dendroideus",0,0
"796","Acmispon dendroideus",0,0
"799","Acmispon grandiflorus",0,0
"800","Acmispon grandiflorus",0,0
"801","Acmispon maritimus",0,0
"802","Acmispon maritimus",0,0
"803","Acmispon micranthus",0,0
"804","Acmispon parviflorus",0,0
"805","Acmispon strigosus",0,0
"806","Acmispon wrangelianus",0,0
"807","Albizia distachya",0,0
"808","Albizia lophantha",0,0
"809","Astragalus",0,1
"810","Astragalus didymocarpus",0,0
"811","Astragalus didymocarpus",0,0
"812","Astragalus gambelianus",0,0
"813","Astragalus lentiginosus",0,0
"814","Astragalus miguelensis",0,0
"815","Astragalus trichopodus",0,0
"816","Astragalus trichopodus",0,0
"817","Astragalus trichopodus",0,0
"818","Astragalus trichopodus",0,0
"820","Ebenopsis confinis",0,0
"821","Genista monspessulana",0,0
"822","Lathyrus",0,1
"823","Lathyrus laetiflorus",0,0
"824","Lathyrus vestitus",0,0
"825","Lathyrus vestitus",0,0
"826","Lathyrus vestitus",0,0
"827","Lathyrus vestitus",0,0
"828","Lathyrus vestitus",0,0
"829","Lathyrus vestitus",0,0
"830","Lotus",0,1
"831","Lotus argophyllus",0,0
"832","Lotus argophyllus",0,0
"833","Lotus argophyllus",0,0
"834","Lotus argophyllus",0,0
"835","Lotus corniculatus",1,1
"836","Lotus dendroideus",0,0
"837","Lotus dendroideus",0,0
"838","Lotus grandiflorus",0,0
"839","Lotus grandiflorus",0,0
"840","Lotus hamatus",0,0
"841","Lotus micranthus",0,0
"843","Lotus salsuginosus",0,0
"844","Lotus salsuginosus",0,0
"845","Lotus scoparius",0,0
"847","Lotus scoparius",0,0
"848","Lotus scoparius",0,0
"849","Lotus strigosus",0,0
"850","Lotus strigosus",0,0
"851","Lotus subpinnatus",0,0
"852","Lotus unifoliolatus",0,0
"853","Lotus wrangelianus",0,0
"854","Lupinus",0,1
"855","Lupinus agardhianus",0,0
"856","Lupinus albifrons",0,0
"857","Lupinus albifrons",0,0
"858","Lupinus albifrons",0,0
"859","Lupinus arboreus",0,0
"860","Lupinus bicolor",0,0
"861","Lupinus bicolor",0,0
"862","Lupinus bicolor",0,0
"863","Lupinus bicolor",0,0
"864","Lupinus bicolor",0,0
"865","Lupinus bicolor",0,0
"866","Lupinus chamissonis",0,0
"867","Lupinus concinnus",0,0
"868","Lupinus concinnus",0,0
"869","Lupinus concinnus",0,0
"870","Lupinus densiflorus",0,0
"871","Lupinus densiflorus",0,0
"872","Lupinus densiflorus",0,0
"873","Lupinus hirsutissimus",0,0
"874","Lupinus microcarpus",0,0
"876","Lupinus microcarpus",0,0
"878","Lupinus subvexus",0,0
"879","Lupinus succulentus",0,0
"880","Lupinus truncatus",0,0
"882","Lysiloma candidum",0,0
"883","Medicago polymorpha",1,1
"884","Medicago polymorpha",1,1
"886","Medicago sativa",1,1
"887","Melilotus albus",1,1
"888","Melilotus indicus",0,0
"889","Parkinsonia florida",1,1
"890","Pickeringia montana",0,0
"891","Pickeringia montana",0,0
"892","Pisum sativum",0,0
"893","Robinia",0,1
"894","Robinia pseudoacacia",1,1
"895","Spartium junceum",0,0
"897","Trifolium",0,1
"898","Trifolium albopurpureum",0,0
"899","Trifolium amplectens",0,0
"901","Trifolium amplectens",0,0
"902","Trifolium barbigerum",0,0
"903","Trifolium ciliolatum",0,0
"904","Trifolium depauperatum",0,0
"906","Trifolium depauperatum",0,0
"907","Trifolium depauperatum",0,0
"908","Trifolium fucatum",0,0
"909","Trifolium fucatum",0,0
"910","Trifolium gambelii",0,0
"911","Trifolium gracilentum",0,0
"912","Trifolium gracilentum",0,0
"913","Trifolium macraei",0,0
"914","Trifolium macrocephalum",0,0
"915","Trifolium microcephalum",0,0
"916","Trifolium microdon",0,0
"917","Trifolium obtusiflorum",0,0
"918","Trifolium tridentatum",0,0
"919","Trifolium tridentatum",0,0
"921","Trifolium truncatum",0,0
"922","Trifolium variegatum",0,0
"923","Trifolium variegatum",0,0
"925","Trifolium willdenovii",0,0
"926","Vicia",0,1
"927","Vicia americana",1,1
"928","Vicia americana",1,1
"929","Vicia americana",1,1
"930","Vicia benghalensis",0,0
"931","Vicia exigua",0,0
"932","Vicia exigua",0,0
"933","Vicia hassei",0,0
"934","Vicia ludoviciana",0,0
"935","Vicia ludoviciana",0,0
"936","Vicia sativa",1,1
"937","Vicia villosa",1,1
"938","Vicia villosa",1,1
"939","Quercus",0,1
"940","Quercus agrifolia",0,0
"941","Quercus agrifolia",0,0
"942","Quercus berberidifolia",0,0
"943","Quercus chrysolepis",0,0
"944","Quercus douglasii",0,0
"945","Quercus durata",0,0
"946","Quercus kelloggii",0,0
"947","Quercus lobata",0,0
"951","Quercus pacifica",0,0
"952","Quercus parvula",0,0
"953","Quercus parvula",0,0
"954","Quercus parvula",0,0
"956","Quercus tomentella",0,0
"958","Quercus vacciniifolia",0,0
"959","Quercus wislizeni",0,0
"961","Quercus wislizeni",0,0
"962","Quercus wislizenii",0,0
"963","Quercus X jolonensis",0,0
"964","Quercus X macdonaldii",0,0
"967","Frankenia",0,0
"968","Frankenia grandifolia",0,0
"970","Frankenia salina",0,0
"971","Garrya",0,0
"972","Garrya elliptica",0,0
"973","Garrya veatchii",0,0
"974","Centaurium",0,0
"975","Centaurium davyi",0,0
"976","Centaurium venustum",0,0
"977","Zeltnera davyi",0,0
"978","Zeltnera venusta",0,0
"979","Erodium",0,1
"980","Erodium botrys",0,0
"981","Erodium brachycarpum",0,0
"982","Erodium cicutarium",1,1
"983","Erodium macrophyllum",0,0
"984","Erodium moschatum",0,0
"985","Geranium",0,1
"986","Geranium carolinianum",1,1
"987","Geranium dissectum",0,0
"988","Geranium molle",0,0
"989","Pelargonium",0,0
"990","Pelargonium X hortorum",0,0
"991","Ribes",0,1
"992","Ribes indecorum",0,0
"993","Ribes malvaceum",0,0
"994","Ribes malvaceum",0,0
"995","Ribes menziesii",0,0
"997","Ribes menziesii",0,0
"998","Ribes menziesii",0,0
"999","Ribes thatcherianum",0,0
"1000","Haplopappus squarrosus",0,0
"1001","Heliotropium curassavicum",1,1
"1002","Heliotropium curassavicum",1,1
"1003","Emmenanthe penduliflora",0,0
"1004","Eucrypta chrysanthemifolia",0,0
"1005","Eucrypta chrysanthemifolia",0,0
"1006","Heliotropium curassavicum",1,1
"1007","Nemophila pedunculata",0,0
"1008","Phacelia",0,1
"1009","Phacelia cicutaria",0,0
"1010","Phacelia cicutaria",0,0
"1011","Phacelia cicutaria",0,0
"1012","Phacelia distans",1,1
"1013","Phacelia grandiflora",0,0
"1015","Phacelia ramosissima",0,0
"1016","Phacelia ramosissima",0,0
"1017","Phacelia ramosissima",0,0
"1018","Phacelia tanacetifolia",0,0
"1019","Phacelia viscida",0,0
"1021","Pholistoma auritum",0,0
"1022","Pholistoma auritum",0,0
"1023","Pholistoma racemosum",0,0
"1024","Iris",0,1
"1025","Sisyrinchium",0,1
"1026","Sisyrinchium bellum",0,0
"1027","Juglans",0,0
"1028","Juglans californica",0,0
"1029","Juglans regia",0,0
"1030","Juncus",0,1
"1031","Juncus balticus",0,0
"1032","Juncus bufonius",0,0
"1033","Juncus bufonius",0,0
"1034","Juncus bufonius",0,0
"1035","Juncus mexicanus",0,0
"1036","Juncus patens",0,0
"1037","Juncus xiphioides",0,0
"1038","Luzula",0,0
"1039","Luzula comosa",0,0
"1040","Luzula subsessilis",0,0
"1041","Clinopodium douglasii",0,0
"1042","Lamium amplexicaule",0,0
"1043","Lepechinia calycina",1,1
"1044","Lepechinia fragrans",0,0
"1045","Marrubium vulgare",1,1
"1046","Mentha",0,1
"1047","Mentha spicata",1,1
"1048","Salvia columbariae",0,0
"1049","Salvia columbariae",0,0
"1050","Salvia leucophylla",0,0
"1051","Salvia mellifera",0,0
"1052","Satureja douglasii",0,0
"1053","Scutellaria tuberosa",0,0
"1054","Scutellaria tuberosa",0,0
"1056","Stachys",0,1
"1057","Stachys bullata",0,0
"1059","Lotus scoparius",0,0
"1060","Allium praecox",0,0
"1061","Bloomeria crocea",0,0
"1062","Calochortus albus",0,0
"1063","Calochortus albus",0,0
"1064","Calochortus catalinae",0,0
"1065","Calochortus luteus",0,0
"1066","Dichelostemma capitatum",0,0
"1067","Dichelostemma capitatum",0,0
"1068","Lilium humboldtii",0,0
"1069","Lilium humboldtii",0,0
"1070","Lilium humboldtii",0,0
"1071","Lilium humboldtii",0,0
"1072","Toxicoscordion fremontii",0,0
"1073","Zigadenus fremontii",0,0
"1074","Mentzelia affinis",0,0
"1075","Mentzelia micrantha",0,0
"1076","Lythrum",0,1
"1077","Lythrum californicum",0,0
"1078","Lythrum hyssopifolia",0,0
"1080","Abutilon californicum",0,0
"1081","Alcea rosea",0,0
"1082","Althaea rosea",0,0
"1083","Lavatera assurgentiflora",0,0
"1084","Lavatera assurgentiflora",0,0
"1085","Lavatera assurgentiflora",0,0
"1086","Malacothamnus fasciculatus",0,0
"1087","Malacothamnus fasciculatus",0,0
"1088","Malva nicaeensis",0,0
"1089","Malva parviflora",1,1
"1090","Malvastrum davidsonii",0,0
"1091","Malvastrum nesioticum",0,0
"1093","Melochia tomentosa",0,0
"1094","Sidalcea",0,0
"1095","Sidalcea malvaeflora",0,0
"1096","Sidalcea malviflora",0,0
"1097","Sidalcea malviflora",0,0
"1098","Sidalcea neomexicana",0,0
"1099","Toxicoscordion fremontii",0,0
"1100","Zigadenus fremontii",0,0
"1101","Zigadenus fremontii",0,0
"1104","Calandrinia breweri",0,0
"1105","Calandrinia ciliata",0,0
"1106","Calandrinia ciliata",0,0
"1107","Calandrinia maritima",0,0
"1109","Calyptridium monandrum",0,0
"1110","Cistanthe maritima",0,0
"1111","Claytonia parviflora",0,0
"1112","Claytonia perfoliata",0,0
"1113","Claytonia perfoliata",0,0
"1114","Claytonia perfoliata",0,0
"1115","Montia fontana",0,0
"1116","Ficus carica",0,0
"1117","Anagallis arvensis",0,0
"1119","Eucalyptus",0,0
"1120","Eucalyptus camaldulensis",0,0
"1122","Eucalyptus camaldulensis",0,0
"1123","Eucalyptus globulus",0,0
"1124","Eucalyptus rudis",0,0
"1125","Eucalyptus sideroxylon",0,0
"1126","Eucalyptus tereticornis",0,0
"1167","Abronia",0,0
"1168","Abronia maritima",0,0
"1169","Abronia umbellata",0,0
"1170","Abronia umbellata",0,0
"1171","Abronia umbellata",0,0
"1172","Abronia villosa",0,0
"1173","Mirabilis californica",0,0
"1174","Mirabilis californica",0,0
"1175","Mirabilis laevis",0,0
"1176","Mirabilis laevis",0,0
"1177","Olea europaea",0,0
"1178","Camissonia",0,0
"1179","Camissonia andina",0,0
"1180","Camissonia californica",0,0
"1181","Camissonia cheiranthifolia",0,0
"1182","Camissonia cheiranthifolia",0,0
"1183","Camissonia hirtella",0,0
"1184","Camissonia ignota",0,0
"1185","Camissonia intermedia",0,0
"1186","Camissonia micrantha",0,0
"1187","Camissonia robusta",0,0
"1188","Camissoniopsis cheiranthifolia",0,0
"1189","Camissoniopsis cheiranthifolia",0,0
"1190","Camissoniopsis hirtella",0,0
"1191","Camissoniopsis ignota",0,0
"1192","Camissoniopsis intermedia",0,0
"1193","Camissoniopsis micrantha",0,0
"1194","Camissoniopsis robusta",0,0
"1195","Clarkia",0,0
"1196","Clarkia epilobioides",0,0
"1197","Clarkia purpurea",0,0
"1198","Clarkia purpurea",0,0
"1199","Clarkia unguiculata",0,0
"1200","Epilobium adenocaulon",0,0
"1201","Epilobium brachycarpum",0,0
"1202","Epilobium californicum",0,0
"1203","Epilobium canum",1,1
"1204","Epilobium canum",1,1
"1205","Epilobium canum",1,1
"1206","Epilobium ciliatum",1,1
"1207","Epilobium ciliatum",1,1
"1208","Eulobus californicus",0,0
"1209","Gaura drummondii",0,0
"1210","Ludwigia peploides",1,1
"1211","Ludwigia peploides",1,1
"1212","Ludwigia repens",0,0
"1213","Oenothera elata",1,1
"1214","Oenothera elata",1,1
"1215","Oenothera elata",1,1
"1217","Oenothera micrantha",0,0
"1218","Zauschneria californica",0,0
"1219","Zauschneria cana",0,0
"1221","Epipactis gigantea",0,0
"1222","Habenaria elegans",0,0
"1223","Piperia",0,0
"1224","Piperia elongata",0,0
"1225","Piperia michaelii",0,0
"1226","Aphyllon fasciculatum",0,0
"1229","Aphyllon tuberosum",0,0
"1230","Castilleja affinis",0,0
"1231","Castilleja affinis",0,0
"1232","Castilleja affinis",0,0
"1233","Castilleja attenuata",0,0
"1234","Castilleja densiflora",0,0
"1235","Castilleja densiflora",0,0
"1236","Castilleja densiflora",0,0
"1237","Castilleja exserta",0,0
"1238","Castilleja exserta",0,0
"1239","Castilleja foliolosa",0,0
"1240","Castilleja lanata",0,0
"1241","Castilleja wightii",0,0
"1242","Orobanche bulbosa",0,0
"1243","Orobanche fasciculata",0,0
"1244","Orobanche fasciculata",0,0
"1245","Orobanche parishii",0,0
"1246","Orobanche parishii",0,0
"1247","Orobanche uniflora",1,1
"1248","Orobanche uniflora",1,1
"1249","Orthocarpus",0,0
"1250","Orthocarpus densiflorus",0,0
"1251","Orthocarpus densiflorus",0,0
"1252","Orthocarpus densiflorus",0,0
"1253","Orthocarpus purpurascens",0,0
"1254","Orthocarpus purpurascens",0,0
"1255","Orthocarpus purpurascens",0,0
"1256","Oxalis",0,1
"1257","Oxalis albicans",0,0
"1258","Oxalis albicans",0,0
"1259","Oxalis californica",0,0
"1260","Oxalis corniculata",1,1
"1262","Oxalis pes-caprae",1,1
"1263","Oxalis pilosa",0,0
"1264","Dendromecon harfordii",0,0
"1266","Dendromecon harfordii",0,0
"1267","Dendromecon rigida",0,0
"1268","Dendromecon rigida",0,0
"1269","Eschscholzia",0,1
"1270","Eschscholzia californica",1,1
"1271","Eschscholzia californica",1,1
"1273","Eschscholzia californica",1,1
"1274","Eschscholzia californica",1,1
"1276","Eschscholzia ramosa",0,0
"1278","Meconella denticulata",0,0
"1279","Papaver californicum",0,0
"1280","Papaver somniferum",0,0
"1281","Platystemon californicus",0,0
"1282","Platystemon californicus",0,0
"1283","Platystemon californicus",0,0
"1284","Stylomecon heterophylla",0,0
"1286","Diplacus aurantiacus",0,0
"1287","Diplacus latifolius",0,0
"1288","Diplacus longiflorus",0,0
"1290","Diplacus parviflorus",0,0
"1291","Erythranthe cardinalis",0,0
"1295","Mimulus",0,1
"1296","Mimulus aurantiacus",0,0
"1297","Mimulus aurantiacus",0,0
"1301","Mimulus cardinalis",0,0
"1302","Mimulus flemingii",0,0
"1303","Mimulus guttatus",0,0
"1305","Mimulus guttatus",0,0
"1306","Mimulus guttatus",0,0
"1307","Mimulus latifolius",0,0
"1308","Mimulus longiflorus",0,0
"1309","Mimulus nasutus",0,0
"1310","Mimulus parviflorus",0,0
"1313","Mimulus cardinalis",0,0
"1314","Mimulus guttatus",0,0
"1315","Pinus",0,0
"1316","Pinus muricata",0,0
"1317","Pinus muricata",0,0
"1318","Pinus muricata",0,0
"1319","Pinus muricata",0,0
"1320","Pinus pinea",0,0
"1321","Pinus radiata",0,0
"1322","Pinus remorata",0,0
"1323","Pinus remorata",0,0
"1326","Antirrhinum kelloggii",0,0
"1327","Antirrhinum multiflorum",0,0
"1328","Antirrhinum nuttallianum",0,0
"1329","Antirrhinum nuttallianum",0,0
"1330","Antirrhinum nuttallianum",0,0
"1332","Keckiella",0,0
"1333","Keckiella cordifolia",0,0
"1334","Linaria canadensis",0,0
"1335","Nuttallanthus canadensis",0,0
"1336","Nuttallanthus texanus",0,0
"1337","Penstemon cordifolius",0,0
"1338","Plantago",0,1
"1339","Plantago bigelovii",0,0
"1340","Plantago erecta",0,0
"1342","Plantago hirtella",0,0
"1343","Plantago insularis",0,0
"1344","Plantago lanceolata",0,0
"1345","Plantago major",1,1
"1347","Plantago subnuda",0,0
"1348","Veronica anagallis-aquatica",0,0
"1349","Veronica catenata",0,0
"1350","Platanus racemosa",0,0
"1351","Achnatherum diegoense",0,0
"1352","Aegilops cylindrica",0,0
"1353","Agrostis",0,0
"1354","Agrostis diegoensis",0,0
"1355","Agrostis exarata",0,0
"1356","Agrostis pallens",0,0
"1357","Agrostis semiverticillata",0,0
"1358","Agrostis viridis",0,0
"1359","Ammophila arenaria",0,0
"1360","Andropogon glomeratus",0,0
"1361","Andropogon glomeratus",0,0
"1362","Andropogon glomeratus",0,0
"1363","Aristida",0,0
"1364","Aristida adscensionis",0,0
"1365","Aristida divaricata",0,0
"1366","Aristida hamulosa",0,0
"1367","Aristida purpurea",0,0
"1368","Aristida repens",0,0
"1369","Aristida ternipes",0,0
"1370","Aristida ternipes",0,0
"1371","Aristida ternipes",0,0
"1372","Arundo donax",0,0
"1373","Avena barbata",0,0
"1374","Avena fatua",0,0
"1375","Avena sativa",0,0
"1376","Bouteloua disticha",0,0
"1377","Bouteloua reflexa",0,0
"1378","Brachypodium",0,0
"1379","Brachypodium distachyon",0,0
"1381","Bromus",0,0
"1382","Bromus arizonicus",0,0
"1383","Bromus berteroanus",0,0
"1384","Bromus carinatus",0,0
"1385","Bromus carinatus",0,0
"1386","Bromus carinatus",0,0
"1387","Bromus catharticus",0,0
"1388","Bromus catharticus",0,0
"1390","Bromus diandrus",0,0
"1391","Bromus hordeaceus",0,0
"1392","Bromus laevipes",0,0
"1393","Bromus madritensis",0,0
"1395","Bromus madritensis",0,0
"1396","Bromus marginatus",0,0
"1397","Bromus maritimus",0,0
"1398","Bromus mollis",0,0
"1399","Bromus pseudolaevipes",0,0
"1400","Bromus rigidus",0,0
"1401","Bromus rubens",0,0
"1402","Bromus sitchensis",0,0
"1403","Bromus stamineus",0,0
"1404","Bromus sterilis",0,0
"1405","Bromus trinii",0,0
"1406","Calamagrostis",0,0
"1407","Calamagrostis rubescens",0,0
"1408","Cenchrus clandestinus",0,0
"1409","Cortaderia selloana",0,0
"1410","Cynodon dactylon",0,0
"1411","Dactylis glomerata",0,0
"1412","Digitaria horizontalis",0,0
"1413","Distichlis spicata",0,0
"1414","Distichlis spicata",0,0
"1415","Distichlis spicata",0,0
"1416","Echinochloa crus-galli",0,0
"1417","Ehrharta",0,0
"1418","Ehrharta erecta",0,0
"1419","Elymus",0,0
"1420","Elymus condensatus",0,0
"1421","Elymus glaucus",0,0
"1422","Elymus glaucus",0,0
"1423","Elymus triticoides",0,0
"1424","Elymus triticoides",0,0
"1425","Elymus triticoides",0,0
"1427","Festuca",0,0
"1428","Festuca arundinacea",0,0
"1429","Festuca bromoides",0,0
"1430","Festuca dertonensis",0,0
"1431","Festuca megalura",0,0
"1432","Festuca microstachys",0,0
"1433","Festuca myuros",0,0
"1434","Festuca octoflora",0,0
"1435","Festuca octoflora",0,0
"1438","Gastridium",0,0
"1439","Gastridium phleoides",0,0
"1440","Gastridium ventricosum",0,0
"1441","Hainardia cylindrica",0,0
"1442","Hordeum",0,0
"1443","Hordeum brachyantherum",0,0
"1444","Hordeum brachyantherum",0,0
"1445","Hordeum californicum",0,0
"1446","Hordeum depressum",0,0
"1447","Hordeum glaucum",0,0
"1448","Hordeum intercedens",0,0
"1449","Hordeum leporinum",0,0
"1450","Hordeum marinum",0,0
"1451","Hordeum marinum",0,0
"1452","Hordeum murinum",0,0
"1453","Hordeum murinum",0,0
"1454","Hordeum murinum",0,0
"1455","Hordeum pusillum",0,0
"1456","Hordeum vulgare",0,0
"1457","Koeleria",0,0
"1458","Koeleria gerardii",0,0
"1459","Koeleria macrantha",0,0
"1460","Koeleria phleoides",0,0
"1461","Koeleria pyramidata",0,0
"1462","Lamarckia aurea",0,0
"1463","Leymus condensatus",0,0
"1464","Leymus triticoides",0,0
"1465","Lolium",0,0
"1466","Lolium multiflorum",0,0
"1467","Lolium perenne",0,0
"1468","Lolium perenne",0,0
"1469","Lolium perenne",0,0
"1470","Lolium rigidum",0,0
"1471","Lolium temulentum",0,0
"1472","Melica",0,0
"1473","Melica imperfecta",0,0
"1474","Melica imperfecta",0,0
"1475","Muhlenbergia",0,0
"1476","Muhlenbergia microsperma",0,0
"1477","Nassella cernua",0,0
"1478","Nassella lepida",0,0
"1479","Nassella pulchra",0,0
"1480","Oryzopsis miliacea",0,0
"1481","Panicum dichotomiflorum",0,0
"1482","Parapholis incurva",0,0
"1483","Paspalum",0,0
"1484","Paspalum conjugatum",0,0
"1485","Paspalum distichum",0,0
"1486","Pennisetum clandestinum",0,0
"1487","Phalaris",0,0
"1488","Phalaris aquatica",0,0
"1489","Phalaris caroliniana",0,0
"1490","Phalaris minor",0,0
"1491","Phalaris paradoxa",0,0
"1492","Piptatherum miliaceum",0,0
"1493","Piptatherum miliaceum",0,0
"1494","Poa",0,1
"1495","Poa annua",0,0
"1496","Poa bolanderi",0,0
"1497","Poa infirma",0,0
"1498","Poa nevadensis",0,0
"1499","Poa scabrella",0,0
"1500","Poa secunda",0,0
"1501","Poa secunda",0,0
"1502","Polypogon",0,0
"1503","Polypogon interruptus",0,0
"1504","Polypogon monspeliensis",0,0
"1505","Polypogon semiverticillatus",0,0
"1506","Polypogon viridis",0,0
"1507","Schedonorus arundinaceus",0,0
"1508","Schedonorus pratensis",0,0
"1509","Schismus",0,0
"1510","Schismus arabicus",0,0
"1511","Schismus barbatus",0,0
"1512","Setaria setosa",0,0
"1513","Sporobolus virginicus",0,0
"1514","Stipa",0,0
"1515","Stipa cernua",0,0
"1516","Stipa coronata",0,0
"1517","Stipa diegoensis",0,0
"1518","Stipa lepida",0,0
"1519","Stipa lepida",0,0
"1520","Stipa lepida",0,0
"1521","Stipa miliacea",0,0
"1523","Stipa pulchra",0,0
"1525","Urochloa fusca",0,0
"1526","Urochloa mutica",0,0
"1527","Vulpia",0,0
"1528","Vulpia bromoides",0,0
"1529","Vulpia dertonensis",0,0
"1530","Vulpia microstachys",0,0
"1531","Vulpia microstachys",0,0
"1532","Vulpia microstachys",0,0
"1533","Vulpia myuros",0,0
"1534","Vulpia myuros",0,0
"1535","Vulpia myuros",0,0
"1536","Vulpia myuros",0,0
"1537","Vulpia octoflora",0,0
"1538","Vulpia octoflora",0,0
"1539","Vulpia octoflora",0,0
"1540","Zea mays",1,1
"1541","Hordeum intercedens",0,0
"1542","Eriastrum filifolium",0,0
"1543","Gilia",0,0
"1544","Gilia achilleifolia",0,0
"1545","Gilia angelensis",0,0
"1546","Gilia capitata",0,0
"1547","Gilia capitata",0,0
"1548","Gilia clivorum",0,0
"1549","Gilia nevinii",0,0
"1550","Gilia tricolor",0,0
"1551","Leptosiphon androsaceus",0,0
"1552","Leptosiphon bicolor",0,0
"1553","Leptosiphon parviflorus",0,0
"1554","Linanthus dianthiflorus",0,0
"1555","Linanthus dianthiflorus",0,0
"1556","Linanthus parviflorus",0,0
"1557","Navarretia atractyloides",0,0
"1558","Navarretia hamata",0,0
"1559","Navarretia squarrosa",0,0
"1560","Polygala californica",0,0
"1561","Chorizanthe",0,0
"1563","Chorizanthe staticoides",0,0
"1564","Chorizanthe wheeleri",0,0
"1567","Eriogonum arborescens",0,0
"1569","Eriogonum giganteum",0,0
"1570","Eriogonum giganteum",0,0
"1571","Eriogonum grande",0,0
"1572","Eriogonum grande",0,0
"1573","Eriogonum grande",0,0
"1574","Eriogonum grande",0,0
"1575","Eriogonum latifolium",0,0
"1576","Eriogonum X blissianum",0,0
"1577","Lastarriaea coriacea",0,0
"1578","Persicaria lapathifolia",0,0
"1579","Polygonum",0,1
"1580","Polygonum arenastrum",1,1
"1581","Polygonum argyrocoleon",0,0
"1582","Polygonum aviculare",0,0
"1583","Polygonum aviculare",0,0
"1584","Polygonum aviculare",0,0
"1585","Polygonum lapathifolium",0,0
"1586","Pterostegia drymarioides",0,0
"1587","Rumex",0,0
"1588","Rumex acetosella",0,0
"1589","Rumex angiocarpus",0,0
"1590","Rumex conglomeratus",0,0
"1591","Rumex crispus",0,0
"1592","Rumex pulcher",0,0
"1593","Rumex salicifolius",0,0
"1594","Rumex salicifolius",0,0
"1595","Polypodium californicum",0,0
"1597","Polypodium calirhiza",0,0
"1598","Polypodium scouleri",0,0
"1599","Calandrinia breweri",0,0
"1600","Calandrinia ciliata",0,0
"1601","Calandrinia ciliata",0,0
"1602","Calandrinia maritima",0,0
"1604","Cistanthe maritima",0,0
"1605","Claytonia perfoliata",0,0
"1606","Claytonia perfoliata",0,0
"1607","Claytonia perfoliata",0,0
"1608","Portulaca oleracea",1,1
"1609","Potamogeton pectinatus",0,0
"1610","Ruppia maritima",0,0
"1611","Stuckenia pectinata",0,0
"1612","Zannichellia palustris",0,0
"1613","Anagallis arvensis",0,0
"1614","Centunculus minimus",0,0
"1616","Dodecatheon clevelandii",0,0
"1617","Dodecatheon clevelandii",0,0
"1619","Primula",0,1
"1621","Primula clevelandii",0,0
"1622","Samolus parviflorus",0,0
"1623","Adiantum aleuticum",0,0
"1624","Adiantum capillus-veneris",0,0
"1626","Adiantum jordanii",0,0
"1627","Adiantum pedatum",0,0
"1628","Adiantum pedatum",0,0
"1629","Aspidotis californica",0,0
"1630","Cheilanthes clevelandii",0,0
"1635","Notholaena californica",0,0
"1636","Pellaea andromedifolia",0,0
"1638","Pellaea mucronata",0,0
"1639","Pellaea mucronata",0,0
"1640","Pellaea mucronata",0,0
"1641","Pentagramma",0,0
"1642","Pentagramma triangularis",0,0
"1643","Pentagramma triangularis",0,0
"1644","Pentagramma triangularis",0,0
"1645","Pentagramma triangularis",0,0
"1646","Pentagramma triangularis",0,0
"1648","Pityrogramma triangularis",0,0
"1650","Pityrogramma triangularis",0,0
"1651","Pityrogramma triangularis",0,0
"1652","Pityrogramma viscosa",0,0
"1653","Ramalina menziesii",0,0
"1655","Clematis",0,1
"1657","Clematis lasiantha",0,0
"1658","Clematis ligusticifolia",0,0
"1659","Clematis pauciflora",0,0
"1660","Delphinium",0,1
"1661","Delphinium parryi",0,0
"1662","Delphinium parryi",0,0
"1663","Delphinium parryi",0,0
"1664","Ranunculus californicus",0,0
"1665","Ranunculus californicus",0,0
"1666","Ranunculus californicus",0,0
"1667","Ranunculus hebecarpus",0,0
"1668","Oligomeris",0,0
"1669","Oligomeris linifolia",0,0
"1670","Ceanothus arboreus",0,0
"1673","Ceanothus cuneatus",1,1
"1674","Ceanothus insularis",0,0
"1675","Ceanothus megacarpus",0,0
"1676","Ceanothus megacarpus",0,0
"1677","Ceanothus megacarpus",0,0
"1678","Ceanothus megacarpus",0,0
"1679","Ceanothus megacarpus",0,0
"1680","Frangula californica",1,1
"1681","Frangula californica",1,1
"1682","Frangula californica",1,1
"1683","Rhamnus californica",1,1
"1684","Rhamnus pirifolia",0,0
"1685","Rhamnus tomentella",0,0
"1686","Rubus ursinus",1,1
"1687","Adenostoma fasciculatum",0,0
"1688","Adenostoma fasciculatum",0,0
"1689","Adenostoma fasciculatum",0,0
"1690","Alchemilla",0,0
"1691","Alchemilla occidentalis",0,0
"1692","Aphanes",0,0
"1693","Aphanes arvensis",0,0
"1695","Aphanes occidentalis",0,0
"1696","Cercocarpus",0,0
"1697","Cercocarpus betulifolius",0,0
"1698","Cercocarpus betuloides",0,0
"1699","Cercocarpus betuloides",0,0
"1700","Cercocarpus betuloides",0,0
"1701","Cercocarpus betuloides",0,0
"1702","Cercocarpus betuloides",0,0
"1703","Fragaria",0,1
"1704","Heteromeles",0,1
"1705","Heteromeles arbutifolia",1,1
"1706","Holodiscus discolor",1,1
"1707","Holodiscus discolor",1,1
"1709","Lyonothamnus aspleniifolius",0,0
"1710","Lyonothamnus floribundus",0,0
"1713","Lyonothamnus floribundus",0,0
"1714","Lyonothamnus floribundus",0,0
"1715","Photinia arbutifolia",0,0
"1716","Potentilla anserina",1,1
"1718","Prunus",0,1
"1719","Prunus ilicifolia",1,1
"1720","Prunus ilicifolia",1,1
"1721","Prunus lyonii",0,0
"1722","Rosa",0,1
"1723","Rosa californica",1,1
"1724","Rubus ursinus",1,1
"1725","Rubus vitifolius",0,0
"1726","Galium",0,1
"1727","Galium angustifolium",0,0
"1728","Galium angustifolium",0,0
"1729","Galium angustifolium",0,0
"1730","Galium angustifolium",0,0
"1731","Galium aparine",1,1
"1732","Galium californicum",0,0
"1733","Galium californicum",0,0
"1734","Galium nuttallii",0,0
"1735","Galium nuttallii",0,0
"1738","Galium parisiense",0,0
"1739","Galium porrigens",0,0
"1740","Galium porrigens",0,0
"1741","Lonicera hispidula",0,0
"1742","Lonicera hispidula",0,0
"1743","Ruppia",0,0
"1744","Ruppia maritima",0,0
"1745","Ruta graveolens",0,0
"1746","Populus balsamifera",0,0
"1747","Populus fremontii",0,0
"1748","Populus fremontii",0,0
"1749","Populus trichocarpa",0,0
"1751","Salix",0,1
"1752","Salix bonplandiana",0,0
"1753","Salix exigua",0,0
"1754","Salix hindsiana",0,0
"1755","Salix laevigata",0,0
"1757","Salix lasiandra",0,0
"1758","Salix lasiolepis",0,0
"1759","Salix lasiolepis",0,0
"1760","Salix lasiolepis",0,0
"1761","Salix lucida",0,0
"1762","Acer macrophyllum",0,0
"1763","Cardiospermum corindum",0,0
"1764","Anemopsis californica",0,0
"1765","Heuchera abramsii",0,0
"1766","Jepsonia malvifolia",0,0
"1767","Lithophragma",0,0
"1768","Lithophragma cymbalaria",0,0
"1769","Micranthes californica",0,0
"1770","Saxifraga",0,0
"1771","Saxifraga californica",0,0
"1774","Nuttallanthus texanus",0,0
"1775","Castilleja",0,1
"1776","Castilleja affinis",0,0
"1777","Castilleja affinis",0,0
"1778","Castilleja densiflora",0,0
"1779","Castilleja exserta",0,0
"1781","Diplacus longiflorus",0,0
"1782","Diplacus parviflorus",0,0
"1784","Keckiella cordifolia",0,0
"1785","Linaria canadensis",0,0
"1788","Mimulus flemingii",0,0
"1789","Myoporum laetum",0,0
"1790","Verbascum thapsus",1,1
"1791","Selaginella bigelovii",0,0
"1792","Solanum wallacei",0,0
"1793","Datura meteloides",0,0
"1794","Datura wrightii",1,1
"1795","Lycium californicum",0,0
"1796","Lycopersicon esculentum",0,0
"1797","Nicotiana",0,0
"1798","Nicotiana clevelandii",0,0
"1799","Nicotiana glauca",0,0
"1800","Physalis philadelphica",0,0
"1801","Solanum americanum",1,1
"1803","Solanum cheesmaniae",0,0
"1804","Solanum clokeyi",0,0
"1805","Solanum douglasii",0,0
"1806","Solanum elaeagnifolium",0,0
"1807","Solanum pimpinellifolium",0,0
"1808","Solanum umbelliferum",0,0
"1809","Solanum wallacei",0,0
"1810","Solanum wallacei",0,0
"1811","Solanum wallacei",0,0
"1812","Solanum xanti",0,0
"1813","Solanum xanti",0,0
"1814","Tamarix",0,1
"1815","Tamarix ramosissima",0,0
"1816","Bloomeria",0,0
"1817","Bloomeria crocea",0,0
"1818","Bloomeria crocea",0,0
"1819","Bloomeria crocea",0,0
"1820","Brodiaea jolonensis",0,0
"1821","Dichelostemma capitatum",0,0
"1822","Dichelostemma capitatum",0,0
"1825","Typha",0,0
"1826","Typha angustifolia",0,0
"1827","Typha domingensis",0,0
"1828","Typha latifolia",0,0
"1829","Ulmus minor",0,0
"1830","Ulmus procera",0,0
"1831","Ulmus thomasii",0,0
"1832","Hesperocnide tenella",0,0
"1833","Parietaria",0,0
"1834","Parietaria floridana",0,0
"1835","Parietaria hespera",0,0
"1836","Parietaria hespera",0,0
"1837","Parietaria hespera",0,0
"1838","Urtica dioica",0,0
"1839","Urtica dioica",0,0
"1840","Urtica dioica",0,0
"1841","Urtica gracilis",0,0
"1842","Urtica holosericea",0,0
"1843","Urtica urens",0,0
"1844","Centranthus ruber",0,0
"1845","Lippia nodiflora",0,0
"1846","Phyla nodiflora",1,1
"1847","Verbena",0,1
"1848","Verbena lasiostachys",0,0
"1849","Verbena lasiostachys",0,0
"1850","Verbena lasiostachys",0,0
"1851","Verbena robusta",0,0
"1852","Viola pedunculata",0,0
"1854","Vitis",0,1
"1855","Vitis vinifera",0,0
"1856","Athyrium filix-femina",0,0
"1857","Athyrium filix-femina",0,0
"1858","Athyrium filix-femina",0,0
"1859","Athyrium filix-femina",0,0
"1860","Cystopteris fragilis",0,0
"1861","Zannichellia palustris",0,0
"1862","Phyllospadix torreyi",0,0
"1863","Phyllospadix",0,0
"1864","Phyllospadix scouleri",0,0
"1865","Phyllospadix torreyi",0,0
"1866","Zostera",0,0
"1867","Zostera marina",0,0
"1868","Zostera marina",0,0
"1869","Zostera pacifica",0,0
