"","beeID","plantID","monthID","y","inter","beeName","plantName","Bee.Jan","Bee.Feb","Bee.Mar","Bee.Apr","Bee.May","Bee.Jun","Bee.Jul","Bee.Aug","Bee.Sep","Bee.Oct","Bee.Nov","Bee.Dec","Plant.Jan","Plant.Feb","Plant.Mar","Plant.Apr","Plant.May","Plant.Jun","Plant.Jul","Plant.Aug","Plant.Sep","Plant.Oct","Plant.Nov","Plant.Dec"
"7122",2,292,6,1,NA,"Andrena anisochlora","Claytonia perfoliata",1,1,1,1,1,1,0,0,0,0,0,0,0,0,0,1,1,0,0,0,0,0,0,0
"14569",5,7,1,1,NA,"Andrena caerulea","Rhus ovata",1,1,1,1,1,1,1,1,0,0,0,0,0,0,0,1,1,0,0,0,0,0,0,0
"14653",5,14,1,1,NA,"Andrena caerulea","Lomatium utriculatum",1,1,1,1,1,1,1,1,0,0,0,0,0,0,1,1,0,0,0,0,0,0,0,0
"17461",5,248,1,1,NA,"Andrena caerulea","Holodiscus discolor",1,1,1,1,1,1,1,1,0,0,0,0,0,0,0,0,1,1,1,0,0,0,0,0
"18277",6,14,1,1,NA,"Andrena candida","Lomatium utriculatum",1,1,1,1,1,1,1,1,0,0,0,0,0,0,1,1,0,0,0,0,0,0,0,0
"18410",6,25,2,1,NA,"Andrena candida","Baccharis pilularis",1,1,1,1,1,1,1,1,0,0,0,0,1,0,0,0,0,0,0,0,0,1,1,1
"21568",6,288,4,1,NA,"Andrena candida","Adenostoma fasciculatum",1,1,1,1,1,1,1,1,0,0,0,0,0,0,0,0,0,1,1,1,0,0,0,0
"21698",6,299,2,1,NA,"Andrena candida","Quercus chrysolepis",1,1,1,1,1,1,1,1,0,0,0,0,0,0,0,0,0,0,0,0,0,0,0,0
"68677",19,288,1,1,NA,"Andrena principalis","Adenostoma fasciculatum",1,1,1,1,1,1,1,0,0,0,0,0,0,0,0,0,0,1,1,1,0,0,0,0
"68712",19,290,12,1,NA,"Andrena principalis","Arctostaphylos crustacea",1,1,1,1,1,1,1,0,0,0,0,0,1,1,1,1,1,1,0,0,0,0,0,1
"69017",20,14,5,1,NA,"Andrena prunorum","Lomatium utriculatum",0,1,1,1,1,1,1,0,0,0,0,0,0,0,1,1,0,0,0,0,0,0,0,0
"69061",20,18,1,1,NA,"Andrena prunorum","Achillea millefolium",0,1,1,1,1,1,1,0,0,0,0,0,0,0,0,1,1,1,1,1,0,0,0,0
"69070",20,18,10,1,NA,"Andrena prunorum","Achillea millefolium",0,1,1,1,1,1,1,0,0,0,0,0,0,0,0,1,1,1,1,1,0,0,0,0
"69072",20,18,12,1,NA,"Andrena prunorum","Achillea millefolium",0,1,1,1,1,1,1,0,0,0,0,0,0,0,0,1,1,1,1,1,0,0,0,0
"69423",20,48,3,1,NA,"Andrena prunorum","Helianthus annuus",0,1,1,1,1,1,1,0,0,0,0,0,0,0,0,0,0,1,1,1,0,0,0,0
"69808",20,80,4,1,NA,"Andrena prunorum","Taraxacum officinale",0,1,1,1,1,1,1,0,0,0,0,0,0,1,1,0,0,0,0,0,0,0,0,0
"69810",20,80,6,1,NA,"Andrena prunorum","Taraxacum officinale",0,1,1,1,1,1,1,0,0,0,0,0,0,1,1,0,0,0,0,0,0,0,0,0
"69925",20,90,1,1,NA,"Andrena prunorum","Cakile maritima",0,1,1,1,1,1,1,0,0,0,0,0,1,1,1,1,1,1,1,1,1,1,1,1
"69996",20,95,12,1,NA,"Andrena prunorum","Lepidium draba",0,1,1,1,1,1,1,0,0,0,0,0,0,0,1,1,1,1,1,1,0,0,0,0
"70616",20,147,8,1,NA,"Andrena prunorum","Melilotus albus",0,1,1,1,1,1,1,0,0,0,0,0,0,0,0,0,1,1,1,1,1,0,0,0
"71821",20,248,1,1,NA,"Andrena prunorum","Holodiscus discolor",0,1,1,1,1,1,1,0,0,0,0,0,0,0,0,0,1,1,1,0,0,0,0,0
"71831",20,248,11,1,NA,"Andrena prunorum","Holodiscus discolor",0,1,1,1,1,1,1,0,0,0,0,0,0,0,0,0,1,1,1,0,0,0,0,0
"71933",20,257,5,1,NA,"Andrena prunorum","Salix exigua",0,1,1,1,1,1,1,0,0,0,0,0,0,1,1,1,0,0,0,0,0,0,0,0
"72637",21,14,1,1,NA,"Andrena sola","Lomatium utriculatum",0,0,1,1,1,1,0,0,0,0,0,0,0,0,1,1,0,0,0,0,0,0,0,0
"73429",21,80,1,1,NA,"Andrena sola","Taraxacum officinale",0,0,1,1,1,1,0,0,0,0,0,0,0,1,1,0,0,0,0,0,0,0,0,0
"73474",21,83,10,1,NA,"Andrena sola","Venegasia carpesioides",0,0,1,1,1,1,0,0,0,0,0,0,0,1,1,1,1,0,0,0,0,0,0,0
"115615",32,273,7,1,NA,"Anthophora californica","Phyla nodiflora",0,1,1,1,1,1,1,1,1,1,1,0,0,0,0,0,1,1,0,0,0,0,0,0
"117397",33,120,1,1,NA,"Anthophora edwardsii","Arbutus menziesii",0,1,1,1,1,1,1,1,0,0,0,0,0,0,0,1,1,0,0,0,0,0,0,0
"119521",33,297,1,1,NA,"Anthophora edwardsii","Lupinus albifrons",0,1,1,1,1,1,1,1,0,0,0,0,0,0,0,1,1,1,1,0,0,0,0,0
"120165",34,48,9,1,NA,"Anthophora urbana","Helianthus annuus",1,1,1,1,1,1,1,1,1,1,1,1,0,0,0,0,0,1,1,1,0,0,0,0
"121337",34,146,5,1,NA,"Anthophora urbana","Medicago sativa",1,1,1,1,1,1,1,1,1,1,1,1,0,0,0,0,0,1,1,1,0,0,0,0
"121785",34,183,9,1,NA,"Anthophora urbana","Marrubium vulgare",1,1,1,1,1,1,1,1,1,1,1,1,0,0,0,0,1,1,1,1,0,0,0,0
"122669",34,257,5,1,NA,"Anthophora urbana","Salix exigua",1,1,1,1,1,1,1,1,1,1,1,1,0,1,1,1,0,0,0,0,0,0,0,0
"122830",34,270,10,1,NA,"Anthophora urbana","Tamarix ramosissima",1,1,1,1,1,1,1,1,1,1,1,1,0,0,0,1,1,1,1,1,0,0,0,0
"122865",34,273,9,1,NA,"Anthophora urbana","Phyla nodiflora",1,1,1,1,1,1,1,1,1,1,1,1,0,0,0,0,1,1,0,0,0,0,0,0
"123123",34,295,3,1,NA,"Anthophora urbana","Isocoma menziesii",1,1,1,1,1,1,1,1,1,1,1,1,0,0,0,1,1,1,1,1,1,1,1,0
"123275",35,5,11,1,NA,"Bombus californicus","Mesembryanthemum crystallinum",1,1,1,1,1,1,1,1,1,1,1,1,0,0,1,1,1,1,1,1,1,1,0,0
"123432",35,18,12,1,NA,"Bombus californicus","Achillea millefolium",1,1,1,1,1,1,1,1,1,1,1,1,0,0,0,1,1,1,1,1,0,0,0,0
"123574",35,30,10,1,NA,"Bombus californicus","Centaurea solstitialis",1,1,1,1,1,1,1,1,1,1,1,1,0,0,0,1,1,1,1,1,1,0,0,0
"123576",35,30,12,1,NA,"Bombus californicus","Centaurea solstitialis",1,1,1,1,1,1,1,1,1,1,1,1,0,0,0,1,1,1,1,1,1,0,0,0
"123597",35,32,9,1,NA,"Bombus californicus","Cichorium intybus",1,1,1,1,1,1,1,1,1,1,1,1,0,0,0,0,0,0,1,1,0,0,0,0
"123613",35,34,1,1,NA,"Bombus californicus","Cirsium vulgare",1,1,1,1,1,1,1,1,1,1,1,1,0,0,0,0,0,1,1,1,1,0,0,0
"123617",35,34,5,1,NA,"Bombus californicus","Cirsium vulgare",1,1,1,1,1,1,1,1,1,1,1,1,0,0,0,0,0,1,1,1,1,0,0,0
"123622",35,34,10,1,NA,"Bombus californicus","Cirsium vulgare",1,1,1,1,1,1,1,1,1,1,1,1,0,0,0,0,0,1,1,1,1,0,0,0
"123624",35,34,12,1,NA,"Bombus californicus","Cirsium vulgare",1,1,1,1,1,1,1,1,1,1,1,1,0,0,0,0,0,1,1,1,1,0,0,0
"123648",35,36,12,1,NA,"Bombus californicus","Cynara cardunculus",1,1,1,1,1,1,1,1,1,1,1,1,0,0,0,1,1,1,1,0,0,0,0,0
"123667",35,38,7,1,NA,"Bombus californicus","Ericameria ericoides",1,1,1,1,1,1,1,1,1,1,1,1,0,0,0,0,0,0,0,0,1,1,1,0
"123743",35,44,11,1,NA,"Bombus californicus","Eriophyllum confertiflorum",1,1,1,1,1,1,1,1,1,1,1,1,0,0,0,1,1,1,1,1,0,0,0,0
"124104",35,74,12,1,NA,"Bombus californicus","Stephanomeria diegensis",1,1,1,1,1,1,1,1,1,1,1,1,0,0,0,0,0,0,0,1,1,1,1,0
"124134",35,77,6,1,NA,"Bombus californicus","Symphyotrichum chilense",1,1,1,1,1,1,1,1,1,1,1,1,0,0,0,0,0,0,1,1,0,0,0,0
"124165",35,80,1,1,NA,"Bombus californicus","Taraxacum officinale",1,1,1,1,1,1,1,1,1,1,1,1,0,1,1,0,0,0,0,0,0,0,0,0
"124168",35,80,4,1,NA,"Bombus californicus","Taraxacum officinale",1,1,1,1,1,1,1,1,1,1,1,1,0,1,1,0,0,0,0,0,0,0,0,0
"124263",35,88,3,1,NA,"Bombus californicus","Brassica nigra",1,1,1,1,1,1,1,1,1,1,1,1,0,0,0,1,1,1,1,0,0,0,0,0
"124450",35,103,10,1,NA,"Bombus californicus","Opuntia littoralis",1,1,1,1,1,1,1,1,1,1,1,1,0,0,0,0,1,1,0,0,0,0,0,0
"124645",35,120,1,1,NA,"Bombus californicus","Arbutus menziesii",1,1,1,1,1,1,1,1,1,1,1,1,0,0,0,1,1,0,0,0,0,0,0,0
"124834",35,135,10,1,NA,"Bombus californicus","Astragalus trichopodus",1,1,1,1,1,1,1,1,1,1,1,1,0,1,1,1,1,1,0,0,0,0,0,0
"124836",35,135,12,1,NA,"Bombus californicus","Astragalus trichopodus",1,1,1,1,1,1,1,1,1,1,1,1,0,1,1,1,1,1,0,0,0,0,0,0
"124842",35,136,6,1,NA,"Bombus californicus","Lathyrus vestitus",1,1,1,1,1,1,1,1,1,1,1,1,0,0,1,1,1,0,0,0,0,0,0,0
"124843",35,136,7,1,NA,"Bombus californicus","Lathyrus vestitus",1,1,1,1,1,1,1,1,1,1,1,1,0,0,1,1,1,0,0,0,0,0,0,0
"124847",35,136,11,1,NA,"Bombus californicus","Lathyrus vestitus",1,1,1,1,1,1,1,1,1,1,1,1,0,0,1,1,1,0,0,0,0,0,0,0
"124912",35,142,4,1,NA,"Bombus californicus","Lupinus microcarpus",1,1,1,1,1,1,1,1,1,1,1,1,0,0,0,0,1,1,0,0,0,0,0,0
"124932",35,143,12,1,NA,"Bombus californicus","Lupinus succulentus",1,1,1,1,1,1,1,1,1,1,1,1,0,1,1,1,1,0,0,0,0,0,0,0
"124969",35,147,1,1,NA,"Bombus californicus","Melilotus albus",1,1,1,1,1,1,1,1,1,1,1,1,0,0,0,0,1,1,1,1,1,0,0,0
"125084",35,156,8,1,NA,"Bombus californicus","Trifolium variegatum",1,1,1,1,1,1,1,1,1,1,1,1,0,0,1,1,1,1,1,0,0,0,0,0
"125089",35,157,1,1,NA,"Bombus californicus","Trifolium willdenovii",1,1,1,1,1,1,1,1,1,1,1,1,0,0,0,1,1,0,0,0,0,0,0,0
"125107",35,158,7,1,NA,"Bombus californicus","Vicia americana",1,1,1,1,1,1,1,1,1,1,1,1,0,0,0,0,1,1,0,0,0,0,0,0
"125137",35,161,1,1,NA,"Bombus californicus","Vicia sativa",1,1,1,1,1,1,1,1,1,1,1,1,0,1,1,0,0,0,0,0,0,0,0,0
"125141",35,161,5,1,NA,"Bombus californicus","Vicia sativa",1,1,1,1,1,1,1,1,1,1,1,1,0,1,1,0,0,0,0,0,0,0,0,0
"125326",35,176,10,1,NA,"Bombus californicus","Phacelia cicutaria",1,1,1,1,1,1,1,1,1,1,1,1,0,0,1,1,1,0,0,0,0,0,0,0
"125444",35,186,8,1,NA,"Bombus californicus","Salvia leucophylla",1,1,1,1,1,1,1,1,1,1,1,1,0,0,0,1,1,1,1,0,0,0,0,0
"125448",35,186,12,1,NA,"Bombus californicus","Salvia leucophylla",1,1,1,1,1,1,1,1,1,1,1,1,0,0,0,1,1,1,1,0,0,0,0,0
"125705",35,208,5,1,NA,"Bombus californicus","Clarkia unguiculata",1,1,1,1,1,1,1,1,1,1,1,1,0,0,0,0,0,1,1,1,1,0,0,0
"125727",35,210,3,1,NA,"Bombus californicus","Epilobium canum",1,1,1,1,1,1,1,1,1,1,1,1,0,0,0,0,0,0,0,1,1,1,0,0
"125788",35,215,4,1,NA,"Bombus californicus","Castilleja affinis",1,1,1,1,1,1,1,1,1,1,1,1,0,0,0,0,0,1,0,0,0,0,0,0
"125815",35,217,7,1,NA,"Bombus californicus","Castilleja densiflora",1,1,1,1,1,1,1,1,1,1,1,1,0,0,1,1,1,0,0,0,0,0,0,0
"125817",35,217,9,1,NA,"Bombus californicus","Castilleja densiflora",1,1,1,1,1,1,1,1,1,1,1,1,0,0,1,1,1,0,0,0,0,0,0,0
"125821",35,218,1,1,NA,"Bombus californicus","Castilleja exserta",1,1,1,1,1,1,1,1,1,1,1,1,0,0,1,1,1,1,0,0,0,0,0,0
"125827",35,218,7,1,NA,"Bombus californicus","Castilleja exserta",1,1,1,1,1,1,1,1,1,1,1,1,0,0,1,1,1,1,0,0,0,0,0,0
"125831",35,218,11,1,NA,"Bombus californicus","Castilleja exserta",1,1,1,1,1,1,1,1,1,1,1,1,0,0,1,1,1,1,0,0,0,0,0,0
"125869",35,222,1,1,NA,"Bombus californicus","Eschscholzia californica",1,1,1,1,1,1,1,1,1,1,1,1,0,1,1,1,1,1,1,1,1,0,0,0
"125879",35,222,11,1,NA,"Bombus californicus","Eschscholzia californica",1,1,1,1,1,1,1,1,1,1,1,1,0,1,1,1,1,1,1,1,1,0,0,0
"125880",35,222,12,1,NA,"Bombus californicus","Eschscholzia californica",1,1,1,1,1,1,1,1,1,1,1,1,0,1,1,1,1,1,1,1,1,0,0,0
"125925",35,226,9,1,NA,"Bombus californicus","Erythranthe guttata",1,1,1,1,1,1,1,1,1,1,1,1,0,0,0,1,1,1,0,0,0,0,0,0
"125928",35,226,12,1,NA,"Bombus californicus","Erythranthe guttata",1,1,1,1,1,1,1,1,1,1,1,1,0,0,0,1,1,1,0,0,0,0,0,0
"126005",35,233,5,1,NA,"Bombus californicus","Gilia capitata",1,1,1,1,1,1,1,1,1,1,1,1,0,1,1,1,0,0,0,0,0,0,0,0
"126007",35,233,7,1,NA,"Bombus californicus","Gilia capitata",1,1,1,1,1,1,1,1,1,1,1,1,0,1,1,1,0,0,0,0,0,0,0,0
"126396",35,265,12,1,NA,"Bombus californicus","Datura wrightii",1,1,1,1,1,1,1,1,1,1,1,1,0,1,1,1,1,1,1,1,1,1,0,0
"126732",35,293,12,1,NA,"Bombus californicus","Delphinium parryi",1,1,1,1,1,1,1,1,1,1,1,1,0,0,0,1,1,0,0,0,0,0,0,0
"130537",37,7,1,1,NA,"Bombus melanopygus","Rhus ovata",1,1,1,1,1,1,1,1,1,1,1,1,0,0,0,1,1,0,0,0,0,0,0,0
"130572",37,9,12,1,NA,"Bombus melanopygus","Toxicodendron diversilobum",1,1,1,1,1,1,1,1,1,1,1,1,0,0,1,1,1,1,0,0,0,0,0,0
"130621",37,14,1,1,NA,"Bombus melanopygus","Lomatium utriculatum",1,1,1,1,1,1,1,1,1,1,1,1,0,0,1,1,0,0,0,0,0,0,0,0
"130625",37,14,5,1,NA,"Bombus melanopygus","Lomatium utriculatum",1,1,1,1,1,1,1,1,1,1,1,1,0,0,1,1,0,0,0,0,0,0,0,0
"130669",37,18,1,1,NA,"Bombus melanopygus","Achillea millefolium",1,1,1,1,1,1,1,1,1,1,1,1,0,0,0,1,1,1,1,1,0,0,0,0
"130671",37,18,3,1,NA,"Bombus melanopygus","Achillea millefolium",1,1,1,1,1,1,1,1,1,1,1,1,0,0,0,1,1,1,1,1,0,0,0,0
"130678",37,18,10,1,NA,"Bombus melanopygus","Achillea millefolium",1,1,1,1,1,1,1,1,1,1,1,1,0,0,0,1,1,1,1,1,0,0,0,0
"130680",37,18,12,1,NA,"Bombus melanopygus","Achillea millefolium",1,1,1,1,1,1,1,1,1,1,1,1,0,0,0,1,1,1,1,1,0,0,0,0
"130865",37,34,5,1,NA,"Bombus melanopygus","Cirsium vulgare",1,1,1,1,1,1,1,1,1,1,1,1,0,0,0,0,0,1,1,1,1,0,0,0
"130871",37,34,11,1,NA,"Bombus melanopygus","Cirsium vulgare",1,1,1,1,1,1,1,1,1,1,1,1,0,0,0,0,0,1,1,1,1,0,0,0
"130965",37,42,9,1,NA,"Bombus melanopygus","Erigeron glaucus",1,1,1,1,1,1,1,1,1,1,1,1,1,1,1,1,1,1,1,1,0,0,0,0
"130967",37,42,11,1,NA,"Bombus melanopygus","Erigeron glaucus",1,1,1,1,1,1,1,1,1,1,1,1,1,1,1,1,1,1,1,1,0,0,0,0
"131016",37,46,12,1,NA,"Bombus melanopygus","Glebionis coronaria",1,1,1,1,1,1,1,1,1,1,1,1,0,0,1,1,1,1,1,0,0,0,0,0
"131037",37,48,9,1,NA,"Bombus melanopygus","Helianthus annuus",1,1,1,1,1,1,1,1,1,1,1,1,0,0,0,0,0,1,1,1,0,0,0,0
"131041",37,49,1,1,NA,"Bombus melanopygus","Helminthotheca echioides",1,1,1,1,1,1,1,1,1,1,1,1,0,0,0,0,0,1,1,1,1,1,1,1
"131131",37,56,7,1,NA,"Bombus melanopygus","Layia platyglossa",1,1,1,1,1,1,1,1,1,1,1,1,0,1,1,1,1,0,0,0,0,0,0,0
"131134",37,56,10,1,NA,"Bombus melanopygus","Layia platyglossa",1,1,1,1,1,1,1,1,1,1,1,1,0,1,1,1,1,0,0,0,0,0,0,0
"131135",37,56,11,1,NA,"Bombus melanopygus","Layia platyglossa",1,1,1,1,1,1,1,1,1,1,1,1,0,1,1,1,1,0,0,0,0,0,0,0
"131413",37,80,1,1,NA,"Bombus melanopygus","Taraxacum officinale",1,1,1,1,1,1,1,1,1,1,1,1,0,1,1,0,0,0,0,0,0,0,0,0
"131417",37,80,5,1,NA,"Bombus melanopygus","Taraxacum officinale",1,1,1,1,1,1,1,1,1,1,1,1,0,1,1,0,0,0,0,0,0,0,0,0
"131422",37,80,10,1,NA,"Bombus melanopygus","Taraxacum officinale",1,1,1,1,1,1,1,1,1,1,1,1,0,1,1,0,0,0,0,0,0,0,0,0
"131435",37,81,11,1,NA,"Bombus melanopygus","Tragopogon porrifolius",1,1,1,1,1,1,1,1,1,1,1,1,0,0,0,1,1,0,0,0,0,0,0,0
"131459",37,83,11,1,NA,"Bombus melanopygus","Venegasia carpesioides",1,1,1,1,1,1,1,1,1,1,1,1,0,1,1,1,1,0,0,0,0,0,0,0
"131628",37,97,12,1,NA,"Bombus melanopygus","Nasturtium officinale",1,1,1,1,1,1,1,1,1,1,1,1,0,0,0,0,1,1,1,1,1,0,0,0
"131842",37,115,10,1,NA,"Bombus melanopygus","Calystegia macrostegia",1,1,1,1,1,1,1,1,1,1,1,1,0,1,1,1,1,1,1,0,0,0,0,0
"131893",37,120,1,1,NA,"Bombus melanopygus","Arbutus menziesii",1,1,1,1,1,1,1,1,1,1,1,1,0,0,0,1,1,0,0,0,0,0,0,0
"131895",37,120,3,1,NA,"Bombus melanopygus","Arbutus menziesii",1,1,1,1,1,1,1,1,1,1,1,1,0,0,0,1,1,0,0,0,0,0,0,0
"131917",37,122,1,1,NA,"Bombus melanopygus","Vaccinium ovatum",1,1,1,1,1,1,1,1,1,1,1,1,0,1,1,1,1,1,0,0,0,0,0,0
"132086",37,136,2,1,NA,"Bombus melanopygus","Lathyrus vestitus",1,1,1,1,1,1,1,1,1,1,1,1,0,0,1,1,1,0,0,0,0,0,0,0
"132090",37,136,6,1,NA,"Bombus melanopygus","Lathyrus vestitus",1,1,1,1,1,1,1,1,1,1,1,1,0,0,1,1,1,0,0,0,0,0,0,0
"132093",37,136,9,1,NA,"Bombus melanopygus","Lathyrus vestitus",1,1,1,1,1,1,1,1,1,1,1,1,0,0,1,1,1,0,0,0,0,0,0,0
"132094",37,136,10,1,NA,"Bombus melanopygus","Lathyrus vestitus",1,1,1,1,1,1,1,1,1,1,1,1,0,0,1,1,1,0,0,0,0,0,0,0
"132097",37,137,1,1,NA,"Bombus melanopygus","Lotus corniculatus",1,1,1,1,1,1,1,1,1,1,1,1,0,0,0,0,1,1,1,0,0,0,0,0
"132130",37,139,10,1,NA,"Bombus melanopygus","Lupinus bicolor",1,1,1,1,1,1,1,1,1,1,1,1,0,0,1,1,1,1,0,0,0,0,0,0
"132131",37,139,11,1,NA,"Bombus melanopygus","Lupinus bicolor",1,1,1,1,1,1,1,1,1,1,1,1,0,0,1,1,1,1,0,0,0,0,0,0
"132157",37,142,1,1,NA,"Bombus melanopygus","Lupinus microcarpus",1,1,1,1,1,1,1,1,1,1,1,1,0,0,0,0,1,1,0,0,0,0,0,0
"132175",37,143,7,1,NA,"Bombus melanopygus","Lupinus succulentus",1,1,1,1,1,1,1,1,1,1,1,1,0,1,1,1,1,0,0,0,0,0,0,0
"132180",37,143,12,1,NA,"Bombus melanopygus","Lupinus succulentus",1,1,1,1,1,1,1,1,1,1,1,1,0,1,1,1,1,0,0,0,0,0,0,0
"132338",37,157,2,1,NA,"Bombus melanopygus","Trifolium willdenovii",1,1,1,1,1,1,1,1,1,1,1,1,0,0,0,1,1,0,0,0,0,0,0,0
"132385",37,161,1,1,NA,"Bombus melanopygus","Vicia sativa",1,1,1,1,1,1,1,1,1,1,1,1,0,1,1,0,0,0,0,0,0,0,0,0
"132529",37,173,1,1,NA,"Bombus melanopygus","Geranium molle",1,1,1,1,1,1,1,1,1,1,1,1,0,1,1,1,1,1,1,0,0,0,0,0
"132550",37,174,10,1,NA,"Bombus melanopygus","Ribes malvaceum",1,1,1,1,1,1,1,1,1,1,1,1,1,1,1,0,0,0,0,0,0,0,0,1
"132574",37,176,10,1,NA,"Bombus melanopygus","Phacelia cicutaria",1,1,1,1,1,1,1,1,1,1,1,1,0,0,1,1,1,0,0,0,0,0,0,0
"132601",37,179,1,1,NA,"Bombus melanopygus","Phacelia viscida",1,1,1,1,1,1,1,1,1,1,1,1,0,0,1,1,1,1,0,0,0,0,0,0
"132614",37,180,2,1,NA,"Bombus melanopygus","Pholistoma auritum",1,1,1,1,1,1,1,1,1,1,1,1,0,0,1,1,1,0,0,0,0,0,0,0
"132622",37,180,10,1,NA,"Bombus melanopygus","Pholistoma auritum",1,1,1,1,1,1,1,1,1,1,1,1,0,0,1,1,1,0,0,0,0,0,0,0
"132649",37,183,1,1,NA,"Bombus melanopygus","Marrubium vulgare",1,1,1,1,1,1,1,1,1,1,1,1,0,0,0,0,1,1,1,1,0,0,0,0
"132650",37,183,2,1,NA,"Bombus melanopygus","Marrubium vulgare",1,1,1,1,1,1,1,1,1,1,1,1,0,0,0,0,1,1,1,1,0,0,0,0
"132652",37,183,4,1,NA,"Bombus melanopygus","Marrubium vulgare",1,1,1,1,1,1,1,1,1,1,1,1,0,0,0,0,1,1,1,1,0,0,0,0
"132685",37,186,1,1,NA,"Bombus melanopygus","Salvia leucophylla",1,1,1,1,1,1,1,1,1,1,1,1,0,0,0,1,1,1,1,0,0,0,0,0
"132687",37,186,3,1,NA,"Bombus melanopygus","Salvia leucophylla",1,1,1,1,1,1,1,1,1,1,1,1,0,0,0,1,1,1,1,0,0,0,0,0
"132692",37,186,8,1,NA,"Bombus melanopygus","Salvia leucophylla",1,1,1,1,1,1,1,1,1,1,1,1,0,0,0,1,1,1,1,0,0,0,0,0
"132696",37,186,12,1,NA,"Bombus melanopygus","Salvia leucophylla",1,1,1,1,1,1,1,1,1,1,1,1,0,0,0,1,1,1,1,0,0,0,0,0
"132706",37,187,10,1,NA,"Bombus melanopygus","Salvia mellifera",1,1,1,1,1,1,1,1,1,1,1,1,0,0,1,1,1,1,1,0,0,0,0,0
"132720",37,188,12,1,NA,"Bombus melanopygus","Stachys bullata",1,1,1,1,1,1,1,1,1,1,1,1,0,0,0,1,1,1,1,1,1,0,0,0
"132910",37,204,10,1,NA,"Bombus melanopygus","Mirabilis laevis",1,1,1,1,1,1,1,1,1,1,1,1,1,1,1,1,1,1,0,0,0,0,0,1
"133102",37,220,10,1,NA,"Bombus melanopygus","Oxalis pes-caprae",1,1,1,1,1,1,1,1,1,1,1,1,1,1,1,1,1,1,0,0,0,0,0,1
"133126",37,222,10,1,NA,"Bombus melanopygus","Eschscholzia californica",1,1,1,1,1,1,1,1,1,1,1,1,0,1,1,1,1,1,1,1,1,0,0,0
"133381",37,244,1,1,NA,"Bombus melanopygus","Ceanothus arboreus",1,1,1,1,1,1,1,1,1,1,1,1,0,1,1,1,0,0,0,0,0,0,0,0
"133385",37,244,5,1,NA,"Bombus melanopygus","Ceanothus arboreus",1,1,1,1,1,1,1,1,1,1,1,1,0,1,1,1,0,0,0,0,0,0,0,0
"133398",37,245,6,1,NA,"Bombus melanopygus","Frangula californica",1,1,1,1,1,1,1,1,1,1,1,1,0,0,0,1,1,0,0,0,0,0,0,0
"133425",37,247,9,1,NA,"Bombus melanopygus","Heteromeles arbutifolia",1,1,1,1,1,1,1,1,1,1,1,1,0,0,0,0,0,1,1,1,0,0,0,0
"133426",37,247,10,1,NA,"Bombus melanopygus","Heteromeles arbutifolia",1,1,1,1,1,1,1,1,1,1,1,1,0,0,0,0,0,1,1,1,0,0,0,0
"133427",37,247,11,1,NA,"Bombus melanopygus","Heteromeles arbutifolia",1,1,1,1,1,1,1,1,1,1,1,1,0,0,0,0,0,1,1,1,0,0,0,0
"133429",37,248,1,1,NA,"Bombus melanopygus","Holodiscus discolor",1,1,1,1,1,1,1,1,1,1,1,1,0,0,0,0,1,1,1,0,0,0,0,0
"133465",37,251,1,1,NA,"Bombus melanopygus","Prunus ilicifolia",1,1,1,1,1,1,1,1,1,1,1,1,0,0,0,0,1,1,0,0,0,0,0,0
"133489",37,253,1,1,NA,"Bombus melanopygus","Rubus ursinus",1,1,1,1,1,1,1,1,1,1,1,1,0,1,1,1,1,0,0,0,0,0,0,0
"133494",37,253,6,1,NA,"Bombus melanopygus","Rubus ursinus",1,1,1,1,1,1,1,1,1,1,1,1,0,1,1,1,1,0,0,0,0,0,0,0
"133495",37,253,7,1,NA,"Bombus melanopygus","Rubus ursinus",1,1,1,1,1,1,1,1,1,1,1,1,0,1,1,1,1,0,0,0,0,0,0,0
"133498",37,253,10,1,NA,"Bombus melanopygus","Rubus ursinus",1,1,1,1,1,1,1,1,1,1,1,1,0,1,1,1,1,0,0,0,0,0,0,0
"133499",37,253,11,1,NA,"Bombus melanopygus","Rubus ursinus",1,1,1,1,1,1,1,1,1,1,1,1,0,1,1,1,1,0,0,0,0,0,0,0
"133587",37,261,3,1,NA,"Bombus melanopygus","Acer macrophyllum",1,1,1,1,1,1,1,1,1,1,1,1,0,0,0,1,1,0,0,0,0,0,0,0
"133596",37,261,12,1,NA,"Bombus melanopygus","Acer macrophyllum",1,1,1,1,1,1,1,1,1,1,1,1,0,0,0,1,1,0,0,0,0,0,0,0
"133606",37,262,10,1,NA,"Bombus melanopygus","Heuchera maxima",1,1,1,1,1,1,1,1,1,1,1,1,0,1,1,1,1,0,0,0,0,0,0,0
"133717",37,272,1,1,NA,"Bombus melanopygus","Centranthus ruber",1,1,1,1,1,1,1,1,1,1,1,1,0,0,0,1,1,1,1,1,0,0,0,0
"133725",37,272,9,1,NA,"Bombus melanopygus","Centranthus ruber",1,1,1,1,1,1,1,1,1,1,1,1,0,0,0,1,1,1,1,1,0,0,0,0
"133801",37,279,1,1,NA,"Bombus melanopygus","Sisyrinchium bellum",1,1,1,1,1,1,1,1,1,1,1,1,0,0,1,1,1,0,0,0,0,0,0,0
"133872",37,284,12,1,NA,"Bombus melanopygus","Dipterostemon capitatus",1,1,1,1,1,1,1,1,1,1,1,1,0,1,1,1,0,0,0,0,0,0,0,0
"133873",37,285,1,1,NA,"Bombus melanopygus","Triteleia hyacinthina",1,1,1,1,1,1,1,1,1,1,1,1,0,0,0,1,1,1,0,0,0,0,0,0
"133874",37,285,2,1,NA,"Bombus melanopygus","Triteleia hyacinthina",1,1,1,1,1,1,1,1,1,1,1,1,0,0,0,1,1,1,0,0,0,0,0,0
"133913",37,288,5,1,NA,"Bombus melanopygus","Adenostoma fasciculatum",1,1,1,1,1,1,1,1,1,1,1,1,0,0,0,0,0,1,1,1,0,0,0,0
"133943",37,290,11,1,NA,"Bombus melanopygus","Arctostaphylos crustacea",1,1,1,1,1,1,1,1,1,1,1,1,1,1,1,1,1,1,0,0,0,0,0,1
"134017",37,297,1,1,NA,"Bombus melanopygus","Lupinus albifrons",1,1,1,1,1,1,1,1,1,1,1,1,0,0,0,1,1,1,1,0,0,0,0,0
"134019",37,297,3,1,NA,"Bombus melanopygus","Lupinus albifrons",1,1,1,1,1,1,1,1,1,1,1,1,0,0,0,1,1,1,1,0,0,0,0,0
"134028",37,297,12,1,NA,"Bombus melanopygus","Lupinus albifrons",1,1,1,1,1,1,1,1,1,1,1,1,0,0,0,1,1,1,1,0,0,0,0,0
"134088",37,302,12,1,NA,"Bombus melanopygus","Cirsium occidentale",1,1,1,1,1,1,1,1,1,1,1,1,0,0,0,0,1,1,1,0,0,0,0,0
"135042",38,80,6,1,NA,"Bombus occidentalis","Taraxacum officinale",1,1,1,1,1,1,1,1,1,1,1,1,0,1,1,0,0,0,0,0,0,0,0,0
"136750",38,222,10,1,NA,"Bombus occidentalis","Eschscholzia californica",1,1,1,1,1,1,1,1,1,1,1,1,0,1,1,1,1,1,1,1,1,0,0,0
"136845",38,230,9,1,NA,"Bombus occidentalis","Plantago lanceolata",1,1,1,1,1,1,1,1,1,1,1,1,0,0,1,1,1,1,1,1,0,0,0,0
"137053",38,248,1,1,NA,"Bombus occidentalis","Holodiscus discolor",1,1,1,1,1,1,1,1,1,1,1,1,0,0,0,0,1,1,1,0,0,0,0,0
"137118",38,253,6,1,NA,"Bombus occidentalis","Rubus ursinus",1,1,1,1,1,1,1,1,1,1,1,1,0,1,1,1,1,0,0,0,0,0,0,0
"137771",39,5,11,1,NA,"Bombus vosnesenskii","Mesembryanthemum crystallinum",1,1,1,1,1,1,1,1,1,1,1,1,0,0,1,1,1,1,1,1,1,1,0,0
"137808",39,8,12,1,NA,"Bombus vosnesenskii","Schinus molle",1,1,1,1,1,1,1,1,1,1,1,1,0,0,1,1,1,1,0,0,0,0,0,0
"137815",39,9,7,1,NA,"Bombus vosnesenskii","Toxicodendron diversilobum",1,1,1,1,1,1,1,1,1,1,1,1,0,0,1,1,1,1,0,0,0,0,0,0
"137818",39,9,10,1,NA,"Bombus vosnesenskii","Toxicodendron diversilobum",1,1,1,1,1,1,1,1,1,1,1,1,0,0,1,1,1,1,0,0,0,0,0,0
"137833",39,11,1,1,NA,"Bombus vosnesenskii","Conium maculatum",1,1,1,1,1,1,1,1,1,1,1,1,0,0,0,1,1,1,1,1,1,0,0,0
"137857",39,13,1,1,NA,"Bombus vosnesenskii","Foeniculum vulgare",1,1,1,1,1,1,1,1,1,1,1,1,0,0,0,0,1,1,1,1,1,0,0,0
"137858",39,13,2,1,NA,"Bombus vosnesenskii","Foeniculum vulgare",1,1,1,1,1,1,1,1,1,1,1,1,0,0,0,0,1,1,1,1,1,0,0,0
"137866",39,13,10,1,NA,"Bombus vosnesenskii","Foeniculum vulgare",1,1,1,1,1,1,1,1,1,1,1,1,0,0,0,0,1,1,1,1,1,0,0,0
"137869",39,14,1,1,NA,"Bombus vosnesenskii","Lomatium utriculatum",1,1,1,1,1,1,1,1,1,1,1,1,0,0,1,1,0,0,0,0,0,0,0,0
"137910",39,17,6,1,NA,"Bombus vosnesenskii","Vinca major",1,1,1,1,1,1,1,1,1,1,1,1,1,1,1,1,1,0,0,0,0,0,0,0
"137928",39,18,12,1,NA,"Bombus vosnesenskii","Achillea millefolium",1,1,1,1,1,1,1,1,1,1,1,1,0,0,0,1,1,1,1,1,0,0,0,0
"138062",39,30,2,1,NA,"Bombus vosnesenskii","Centaurea solstitialis",1,1,1,1,1,1,1,1,1,1,1,1,0,0,0,1,1,1,1,1,1,0,0,0
"138071",39,30,11,1,NA,"Bombus vosnesenskii","Centaurea solstitialis",1,1,1,1,1,1,1,1,1,1,1,1,0,0,0,1,1,1,1,1,1,0,0,0
"138072",39,30,12,1,NA,"Bombus vosnesenskii","Centaurea solstitialis",1,1,1,1,1,1,1,1,1,1,1,1,0,0,0,1,1,1,1,1,1,0,0,0
"138085",39,32,1,1,NA,"Bombus vosnesenskii","Cichorium intybus",1,1,1,1,1,1,1,1,1,1,1,1,0,0,0,0,0,0,1,1,0,0,0,0
"138089",39,32,5,1,NA,"Bombus vosnesenskii","Cichorium intybus",1,1,1,1,1,1,1,1,1,1,1,1,0,0,0,0,0,0,1,1,0,0,0,0
"138090",39,32,6,1,NA,"Bombus vosnesenskii","Cichorium intybus",1,1,1,1,1,1,1,1,1,1,1,1,0,0,0,0,0,0,1,1,0,0,0,0
"138093",39,32,9,1,NA,"Bombus vosnesenskii","Cichorium intybus",1,1,1,1,1,1,1,1,1,1,1,1,0,0,0,0,0,0,1,1,0,0,0,0
"138095",39,32,11,1,NA,"Bombus vosnesenskii","Cichorium intybus",1,1,1,1,1,1,1,1,1,1,1,1,0,0,0,0,0,0,1,1,0,0,0,0
"138109",39,34,1,1,NA,"Bombus vosnesenskii","Cirsium vulgare",1,1,1,1,1,1,1,1,1,1,1,1,0,0,0,0,0,1,1,1,1,0,0,0
"138110",39,34,2,1,NA,"Bombus vosnesenskii","Cirsium vulgare",1,1,1,1,1,1,1,1,1,1,1,1,0,0,0,0,0,1,1,1,1,0,0,0
"138111",39,34,3,1,NA,"Bombus vosnesenskii","Cirsium vulgare",1,1,1,1,1,1,1,1,1,1,1,1,0,0,0,0,0,1,1,1,1,0,0,0
"138113",39,34,5,1,NA,"Bombus vosnesenskii","Cirsium vulgare",1,1,1,1,1,1,1,1,1,1,1,1,0,0,0,0,0,1,1,1,1,0,0,0
"138118",39,34,10,1,NA,"Bombus vosnesenskii","Cirsium vulgare",1,1,1,1,1,1,1,1,1,1,1,1,0,0,0,0,0,1,1,1,1,0,0,0
"138119",39,34,11,1,NA,"Bombus vosnesenskii","Cirsium vulgare",1,1,1,1,1,1,1,1,1,1,1,1,0,0,0,0,0,1,1,1,1,0,0,0
"138120",39,34,12,1,NA,"Bombus vosnesenskii","Cirsium vulgare",1,1,1,1,1,1,1,1,1,1,1,1,0,0,0,0,0,1,1,1,1,0,0,0
"138131",39,35,11,1,NA,"Bombus vosnesenskii","Corethrogyne filaginifolia",1,1,1,1,1,1,1,1,1,1,1,1,0,0,0,0,0,1,1,1,1,1,0,0
"138132",39,35,12,1,NA,"Bombus vosnesenskii","Corethrogyne filaginifolia",1,1,1,1,1,1,1,1,1,1,1,1,0,0,0,0,0,1,1,1,1,1,0,0
"138141",39,36,9,1,NA,"Bombus vosnesenskii","Cynara cardunculus",1,1,1,1,1,1,1,1,1,1,1,1,0,0,0,1,1,1,1,0,0,0,0,0
"138143",39,36,11,1,NA,"Bombus vosnesenskii","Cynara cardunculus",1,1,1,1,1,1,1,1,1,1,1,1,0,0,0,1,1,1,1,0,0,0,0,0
"138155",39,37,11,1,NA,"Bombus vosnesenskii","Deinandra fasciculata",1,1,1,1,1,1,1,1,1,1,1,1,0,0,0,0,1,1,1,1,1,1,0,0
"138156",39,37,12,1,NA,"Bombus vosnesenskii","Deinandra fasciculata",1,1,1,1,1,1,1,1,1,1,1,1,0,0,0,0,1,1,1,1,1,1,0,0
"138163",39,38,7,1,NA,"Bombus vosnesenskii","Ericameria ericoides",1,1,1,1,1,1,1,1,1,1,1,1,0,0,0,0,0,0,0,0,1,1,1,0
"138164",39,38,8,1,NA,"Bombus vosnesenskii","Ericameria ericoides",1,1,1,1,1,1,1,1,1,1,1,1,0,0,0,0,0,0,0,0,1,1,1,0
"138213",39,42,9,1,NA,"Bombus vosnesenskii","Erigeron glaucus",1,1,1,1,1,1,1,1,1,1,1,1,1,1,1,1,1,1,1,1,0,0,0,0
"138215",39,42,11,1,NA,"Bombus vosnesenskii","Erigeron glaucus",1,1,1,1,1,1,1,1,1,1,1,1,1,1,1,1,1,1,1,1,0,0,0,0
"138216",39,42,12,1,NA,"Bombus vosnesenskii","Erigeron glaucus",1,1,1,1,1,1,1,1,1,1,1,1,1,1,1,1,1,1,1,1,0,0,0,0
"138249",39,45,9,1,NA,"Bombus vosnesenskii","Eriophyllum staechadifolium",1,1,1,1,1,1,1,1,1,1,1,1,0,0,0,0,1,1,1,1,0,0,0,0
"138252",39,45,12,1,NA,"Bombus vosnesenskii","Eriophyllum staechadifolium",1,1,1,1,1,1,1,1,1,1,1,1,0,0,0,0,1,1,1,1,0,0,0,0
"138285",39,48,9,1,NA,"Bombus vosnesenskii","Helianthus annuus",1,1,1,1,1,1,1,1,1,1,1,1,0,0,0,0,0,1,1,1,0,0,0,0
"138324",39,51,12,1,NA,"Bombus vosnesenskii","Hypochaeris glabra",1,1,1,1,1,1,1,1,1,1,1,1,0,0,1,1,1,1,0,0,0,0,0,0
"138332",39,52,8,1,NA,"Bombus vosnesenskii","Jaumea carnosa",1,1,1,1,1,1,1,1,1,1,1,1,0,0,0,0,1,1,1,0,0,0,0,0
"138600",39,74,12,1,NA,"Bombus vosnesenskii","Stephanomeria diegensis",1,1,1,1,1,1,1,1,1,1,1,1,0,0,0,0,0,0,0,1,1,1,1,0
"138625",39,77,1,1,NA,"Bombus vosnesenskii","Symphyotrichum chilense",1,1,1,1,1,1,1,1,1,1,1,1,0,0,0,0,0,0,1,1,0,0,0,0
"138630",39,77,6,1,NA,"Bombus vosnesenskii","Symphyotrichum chilense",1,1,1,1,1,1,1,1,1,1,1,1,0,0,0,0,0,0,1,1,0,0,0,0
"138634",39,77,10,1,NA,"Bombus vosnesenskii","Symphyotrichum chilense",1,1,1,1,1,1,1,1,1,1,1,1,0,0,0,0,0,0,1,1,0,0,0,0
"138661",39,80,1,1,NA,"Bombus vosnesenskii","Taraxacum officinale",1,1,1,1,1,1,1,1,1,1,1,1,0,1,1,0,0,0,0,0,0,0,0,0
"138664",39,80,4,1,NA,"Bombus vosnesenskii","Taraxacum officinale",1,1,1,1,1,1,1,1,1,1,1,1,0,1,1,0,0,0,0,0,0,0,0,0
"138665",39,80,5,1,NA,"Bombus vosnesenskii","Taraxacum officinale",1,1,1,1,1,1,1,1,1,1,1,1,0,1,1,0,0,0,0,0,0,0,0,0
"138668",39,80,8,1,NA,"Bombus vosnesenskii","Taraxacum officinale",1,1,1,1,1,1,1,1,1,1,1,1,0,1,1,0,0,0,0,0,0,0,0,0
"138672",39,80,12,1,NA,"Bombus vosnesenskii","Taraxacum officinale",1,1,1,1,1,1,1,1,1,1,1,1,0,1,1,0,0,0,0,0,0,0,0,0
"138979",39,106,7,1,NA,"Bombus vosnesenskii","Cerastium glomeratum",1,1,1,1,1,1,1,1,1,1,1,1,0,1,1,1,1,0,0,0,0,0,0,0
"139089",39,115,9,1,NA,"Bombus vosnesenskii","Calystegia macrostegia",1,1,1,1,1,1,1,1,1,1,1,1,0,1,1,1,1,1,1,0,0,0,0,0
"139091",39,115,11,1,NA,"Bombus vosnesenskii","Calystegia macrostegia",1,1,1,1,1,1,1,1,1,1,1,1,0,1,1,1,1,1,1,0,0,0,0,0
"139124",39,118,8,1,NA,"Bombus vosnesenskii","Cressa truxillensis",1,1,1,1,1,1,1,1,1,1,1,1,0,0,0,0,1,1,0,0,0,0,0,0
"139141",39,120,1,1,NA,"Bombus vosnesenskii","Arbutus menziesii",1,1,1,1,1,1,1,1,1,1,1,1,0,0,0,1,1,0,0,0,0,0,0,0
"139272",39,130,12,1,NA,"Bombus vosnesenskii","Acmispon maritimus",1,1,1,1,1,1,1,1,1,1,1,1,0,0,1,1,1,1,0,0,0,0,0,0
"139327",39,135,7,1,NA,"Bombus vosnesenskii","Astragalus trichopodus",1,1,1,1,1,1,1,1,1,1,1,1,0,1,1,1,1,1,0,0,0,0,0,0
"139330",39,135,10,1,NA,"Bombus vosnesenskii","Astragalus trichopodus",1,1,1,1,1,1,1,1,1,1,1,1,0,1,1,1,1,1,0,0,0,0,0,0
"139332",39,135,12,1,NA,"Bombus vosnesenskii","Astragalus trichopodus",1,1,1,1,1,1,1,1,1,1,1,1,0,1,1,1,1,1,0,0,0,0,0,0
"139334",39,136,2,1,NA,"Bombus vosnesenskii","Lathyrus vestitus",1,1,1,1,1,1,1,1,1,1,1,1,0,0,1,1,1,0,0,0,0,0,0,0
"139344",39,136,12,1,NA,"Bombus vosnesenskii","Lathyrus vestitus",1,1,1,1,1,1,1,1,1,1,1,1,0,0,1,1,1,0,0,0,0,0,0,0
"139345",39,137,1,1,NA,"Bombus vosnesenskii","Lotus corniculatus",1,1,1,1,1,1,1,1,1,1,1,1,0,0,0,0,1,1,1,0,0,0,0,0
"139347",39,137,3,1,NA,"Bombus vosnesenskii","Lotus corniculatus",1,1,1,1,1,1,1,1,1,1,1,1,0,0,0,0,1,1,1,0,0,0,0,0
"139352",39,137,8,1,NA,"Bombus vosnesenskii","Lotus corniculatus",1,1,1,1,1,1,1,1,1,1,1,1,0,0,0,0,1,1,1,0,0,0,0,0
"139357",39,138,1,1,NA,"Bombus vosnesenskii","Lupinus arboreus",1,1,1,1,1,1,1,1,1,1,1,1,0,0,0,1,1,0,0,0,0,0,0,0
"139362",39,138,6,1,NA,"Bombus vosnesenskii","Lupinus arboreus",1,1,1,1,1,1,1,1,1,1,1,1,0,0,0,1,1,0,0,0,0,0,0,0
"139363",39,138,7,1,NA,"Bombus vosnesenskii","Lupinus arboreus",1,1,1,1,1,1,1,1,1,1,1,1,0,0,0,1,1,0,0,0,0,0,0,0
"139364",39,138,8,1,NA,"Bombus vosnesenskii","Lupinus arboreus",1,1,1,1,1,1,1,1,1,1,1,1,0,0,0,1,1,0,0,0,0,0,0,0
"139365",39,138,9,1,NA,"Bombus vosnesenskii","Lupinus arboreus",1,1,1,1,1,1,1,1,1,1,1,1,0,0,0,1,1,0,0,0,0,0,0,0
"139366",39,138,10,1,NA,"Bombus vosnesenskii","Lupinus arboreus",1,1,1,1,1,1,1,1,1,1,1,1,0,0,0,1,1,0,0,0,0,0,0,0
"139367",39,138,11,1,NA,"Bombus vosnesenskii","Lupinus arboreus",1,1,1,1,1,1,1,1,1,1,1,1,0,0,0,1,1,0,0,0,0,0,0,0
"139370",39,139,2,1,NA,"Bombus vosnesenskii","Lupinus bicolor",1,1,1,1,1,1,1,1,1,1,1,1,0,0,1,1,1,1,0,0,0,0,0,0
"139377",39,139,9,1,NA,"Bombus vosnesenskii","Lupinus bicolor",1,1,1,1,1,1,1,1,1,1,1,1,0,0,1,1,1,1,0,0,0,0,0,0
"139379",39,139,11,1,NA,"Bombus vosnesenskii","Lupinus bicolor",1,1,1,1,1,1,1,1,1,1,1,1,0,0,1,1,1,1,0,0,0,0,0,0
"139405",39,142,1,1,NA,"Bombus vosnesenskii","Lupinus microcarpus",1,1,1,1,1,1,1,1,1,1,1,1,0,0,0,0,1,1,0,0,0,0,0,0
"139408",39,142,4,1,NA,"Bombus vosnesenskii","Lupinus microcarpus",1,1,1,1,1,1,1,1,1,1,1,1,0,0,0,0,1,1,0,0,0,0,0,0
"139411",39,142,7,1,NA,"Bombus vosnesenskii","Lupinus microcarpus",1,1,1,1,1,1,1,1,1,1,1,1,0,0,0,0,1,1,0,0,0,0,0,0
"139416",39,142,12,1,NA,"Bombus vosnesenskii","Lupinus microcarpus",1,1,1,1,1,1,1,1,1,1,1,1,0,0,0,0,1,1,0,0,0,0,0,0
"139422",39,143,6,1,NA,"Bombus vosnesenskii","Lupinus succulentus",1,1,1,1,1,1,1,1,1,1,1,1,0,1,1,1,1,0,0,0,0,0,0,0
"139424",39,143,8,1,NA,"Bombus vosnesenskii","Lupinus succulentus",1,1,1,1,1,1,1,1,1,1,1,1,0,1,1,1,1,0,0,0,0,0,0,0
"139426",39,143,10,1,NA,"Bombus vosnesenskii","Lupinus succulentus",1,1,1,1,1,1,1,1,1,1,1,1,0,1,1,1,1,0,0,0,0,0,0,0
"139428",39,143,12,1,NA,"Bombus vosnesenskii","Lupinus succulentus",1,1,1,1,1,1,1,1,1,1,1,1,0,1,1,1,1,0,0,0,0,0,0,0
"139475",39,147,11,1,NA,"Bombus vosnesenskii","Melilotus albus",1,1,1,1,1,1,1,1,1,1,1,1,0,0,0,0,1,1,1,1,1,0,0,0
"139488",39,148,12,1,NA,"Bombus vosnesenskii","Melilotus indicus",1,1,1,1,1,1,1,1,1,1,1,1,0,0,0,1,1,1,1,1,1,1,0,0
"139497",39,149,9,1,NA,"Bombus vosnesenskii","Pickeringia montana",1,1,1,1,1,1,1,1,1,1,1,1,0,0,0,0,1,1,1,1,0,0,0,0
"139590",39,157,6,1,NA,"Bombus vosnesenskii","Trifolium willdenovii",1,1,1,1,1,1,1,1,1,1,1,1,0,0,0,1,1,0,0,0,0,0,0,0
"139633",39,161,1,1,NA,"Bombus vosnesenskii","Vicia sativa",1,1,1,1,1,1,1,1,1,1,1,1,0,1,1,0,0,0,0,0,0,0,0,0
"139692",39,165,12,1,NA,"Bombus vosnesenskii","Frankenia salina",1,1,1,1,1,1,1,1,1,1,1,1,0,0,0,0,1,1,1,1,1,1,0,0
"139729",39,169,1,1,NA,"Bombus vosnesenskii","Erodium cicutarium",1,1,1,1,1,1,1,1,1,1,1,1,0,1,1,1,1,1,0,0,0,0,0,0
"139785",39,173,9,1,NA,"Bombus vosnesenskii","Geranium molle",1,1,1,1,1,1,1,1,1,1,1,1,0,1,1,1,1,1,1,0,0,0,0,0
"139798",39,174,10,1,NA,"Bombus vosnesenskii","Ribes malvaceum",1,1,1,1,1,1,1,1,1,1,1,1,1,1,1,0,0,0,0,0,0,0,0,1
"139807",39,175,7,1,NA,"Bombus vosnesenskii","Heliotropium curassavicum",1,1,1,1,1,1,1,1,1,1,1,1,0,0,0,0,1,1,0,0,0,0,0,0
"139808",39,175,8,1,NA,"Bombus vosnesenskii","Heliotropium curassavicum",1,1,1,1,1,1,1,1,1,1,1,1,0,0,0,0,1,1,0,0,0,0,0,0
"139822",39,176,10,1,NA,"Bombus vosnesenskii","Phacelia cicutaria",1,1,1,1,1,1,1,1,1,1,1,1,0,0,1,1,1,0,0,0,0,0,0,0
"139846",39,178,10,1,NA,"Bombus vosnesenskii","Phacelia ramosissima",1,1,1,1,1,1,1,1,1,1,1,1,0,0,0,0,1,1,1,1,0,0,0,0
"139848",39,178,12,1,NA,"Bombus vosnesenskii","Phacelia ramosissima",1,1,1,1,1,1,1,1,1,1,1,1,0,0,0,0,1,1,1,1,0,0,0,0
"139935",39,186,3,1,NA,"Bombus vosnesenskii","Salvia leucophylla",1,1,1,1,1,1,1,1,1,1,1,1,0,0,0,1,1,1,1,0,0,0,0,0
"139940",39,186,8,1,NA,"Bombus vosnesenskii","Salvia leucophylla",1,1,1,1,1,1,1,1,1,1,1,1,0,0,0,1,1,1,1,0,0,0,0,0
"139944",39,186,12,1,NA,"Bombus vosnesenskii","Salvia leucophylla",1,1,1,1,1,1,1,1,1,1,1,1,0,0,0,1,1,1,1,0,0,0,0,0
"139945",39,187,1,1,NA,"Bombus vosnesenskii","Salvia mellifera",1,1,1,1,1,1,1,1,1,1,1,1,0,0,1,1,1,1,1,0,0,0,0,0
"139954",39,187,10,1,NA,"Bombus vosnesenskii","Salvia mellifera",1,1,1,1,1,1,1,1,1,1,1,1,0,0,1,1,1,1,1,0,0,0,0,0
"139966",39,188,10,1,NA,"Bombus vosnesenskii","Stachys bullata",1,1,1,1,1,1,1,1,1,1,1,1,0,0,0,1,1,1,1,1,1,0,0,0
"139967",39,188,11,1,NA,"Bombus vosnesenskii","Stachys bullata",1,1,1,1,1,1,1,1,1,1,1,1,0,0,0,1,1,1,1,1,1,0,0,0
"139968",39,188,12,1,NA,"Bombus vosnesenskii","Stachys bullata",1,1,1,1,1,1,1,1,1,1,1,1,0,0,0,1,1,1,1,1,1,0,0,0
"140000",39,191,8,1,NA,"Bombus vosnesenskii","Malacothamnus fasciculatus",1,1,1,1,1,1,1,1,1,1,1,1,0,0,0,1,1,1,1,0,0,0,0,0
"140197",39,208,1,1,NA,"Bombus vosnesenskii","Clarkia unguiculata",1,1,1,1,1,1,1,1,1,1,1,1,0,0,0,0,0,1,1,1,1,0,0,0
"140201",39,208,5,1,NA,"Bombus vosnesenskii","Clarkia unguiculata",1,1,1,1,1,1,1,1,1,1,1,1,0,0,0,0,0,1,1,1,1,0,0,0
"140208",39,208,12,1,NA,"Bombus vosnesenskii","Clarkia unguiculata",1,1,1,1,1,1,1,1,1,1,1,1,0,0,0,0,0,1,1,1,1,0,0,0
"140304",39,216,12,1,NA,"Bombus vosnesenskii","Castilleja attenuata",1,1,1,1,1,1,1,1,1,1,1,1,0,0,1,1,1,0,0,0,0,0,0,0
"140310",39,217,6,1,NA,"Bombus vosnesenskii","Castilleja densiflora",1,1,1,1,1,1,1,1,1,1,1,1,0,0,1,1,1,0,0,0,0,0,0,0
"140315",39,217,11,1,NA,"Bombus vosnesenskii","Castilleja densiflora",1,1,1,1,1,1,1,1,1,1,1,1,0,0,1,1,1,0,0,0,0,0,0,0
"140347",39,220,7,1,NA,"Bombus vosnesenskii","Oxalis pes-caprae",1,1,1,1,1,1,1,1,1,1,1,1,1,1,1,1,1,1,0,0,0,0,0,1
"140365",39,222,1,1,NA,"Bombus vosnesenskii","Eschscholzia californica",1,1,1,1,1,1,1,1,1,1,1,1,0,1,1,1,1,1,1,1,1,0,0,0
"140374",39,222,10,1,NA,"Bombus vosnesenskii","Eschscholzia californica",1,1,1,1,1,1,1,1,1,1,1,1,0,1,1,1,1,1,1,1,1,0,0,0
"140375",39,222,11,1,NA,"Bombus vosnesenskii","Eschscholzia californica",1,1,1,1,1,1,1,1,1,1,1,1,0,1,1,1,1,1,1,1,1,0,0,0
"140376",39,222,12,1,NA,"Bombus vosnesenskii","Eschscholzia californica",1,1,1,1,1,1,1,1,1,1,1,1,0,1,1,1,1,1,1,1,1,0,0,0
"140421",39,226,9,1,NA,"Bombus vosnesenskii","Erythranthe guttata",1,1,1,1,1,1,1,1,1,1,1,1,0,0,0,1,1,1,0,0,0,0,0,0
"140423",39,226,11,1,NA,"Bombus vosnesenskii","Erythranthe guttata",1,1,1,1,1,1,1,1,1,1,1,1,0,0,0,1,1,1,0,0,0,0,0,0
"140501",39,233,5,1,NA,"Bombus vosnesenskii","Gilia capitata",1,1,1,1,1,1,1,1,1,1,1,1,0,1,1,1,0,0,0,0,0,0,0,0
"140506",39,233,10,1,NA,"Bombus vosnesenskii","Gilia capitata",1,1,1,1,1,1,1,1,1,1,1,1,0,1,1,1,0,0,0,0,0,0,0,0
"140508",39,233,12,1,NA,"Bombus vosnesenskii","Gilia capitata",1,1,1,1,1,1,1,1,1,1,1,1,0,1,1,1,0,0,0,0,0,0,0,0
"140623",39,243,7,1,NA,"Bombus vosnesenskii","Ranunculus californicus",1,1,1,1,1,1,1,1,1,1,1,1,0,1,1,1,1,0,0,0,0,0,0,0
"140629",39,244,1,1,NA,"Bombus vosnesenskii","Ceanothus arboreus",1,1,1,1,1,1,1,1,1,1,1,1,0,1,1,1,0,0,0,0,0,0,0,0
"140636",39,244,8,1,NA,"Bombus vosnesenskii","Ceanothus arboreus",1,1,1,1,1,1,1,1,1,1,1,1,0,1,1,1,0,0,0,0,0,0,0,0
"140646",39,245,6,1,NA,"Bombus vosnesenskii","Frangula californica",1,1,1,1,1,1,1,1,1,1,1,1,0,0,0,1,1,0,0,0,0,0,0,0
"140649",39,245,9,1,NA,"Bombus vosnesenskii","Frangula californica",1,1,1,1,1,1,1,1,1,1,1,1,0,0,0,1,1,0,0,0,0,0,0,0
"140674",39,247,10,1,NA,"Bombus vosnesenskii","Heteromeles arbutifolia",1,1,1,1,1,1,1,1,1,1,1,1,0,0,0,0,0,1,1,1,0,0,0,0
"140675",39,247,11,1,NA,"Bombus vosnesenskii","Heteromeles arbutifolia",1,1,1,1,1,1,1,1,1,1,1,1,0,0,0,0,0,1,1,1,0,0,0,0
"140677",39,248,1,1,NA,"Bombus vosnesenskii","Holodiscus discolor",1,1,1,1,1,1,1,1,1,1,1,1,0,0,0,0,1,1,1,0,0,0,0,0
"140680",39,248,4,1,NA,"Bombus vosnesenskii","Holodiscus discolor",1,1,1,1,1,1,1,1,1,1,1,1,0,0,0,0,1,1,1,0,0,0,0,0
"140724",39,251,12,1,NA,"Bombus vosnesenskii","Prunus ilicifolia",1,1,1,1,1,1,1,1,1,1,1,1,0,0,0,0,1,1,0,0,0,0,0,0
"140728",39,252,4,1,NA,"Bombus vosnesenskii","Rosa californica",1,1,1,1,1,1,1,1,1,1,1,1,0,0,0,0,1,1,1,1,0,0,0,0
"140734",39,252,10,1,NA,"Bombus vosnesenskii","Rosa californica",1,1,1,1,1,1,1,1,1,1,1,1,0,0,0,0,1,1,1,1,0,0,0,0
"140742",39,253,6,1,NA,"Bombus vosnesenskii","Rubus ursinus",1,1,1,1,1,1,1,1,1,1,1,1,0,1,1,1,1,0,0,0,0,0,0,0
"140856",39,262,12,1,NA,"Bombus vosnesenskii","Heuchera maxima",1,1,1,1,1,1,1,1,1,1,1,1,0,1,1,1,1,0,0,0,0,0,0,0
"140965",39,272,1,1,NA,"Bombus vosnesenskii","Centranthus ruber",1,1,1,1,1,1,1,1,1,1,1,1,0,0,0,1,1,1,1,1,0,0,0,0
"140974",39,272,10,1,NA,"Bombus vosnesenskii","Centranthus ruber",1,1,1,1,1,1,1,1,1,1,1,1,0,0,0,1,1,1,1,1,0,0,0,0
"140977",39,273,1,1,NA,"Bombus vosnesenskii","Phyla nodiflora",1,1,1,1,1,1,1,1,1,1,1,1,0,0,0,0,1,1,0,0,0,0,0,0
"140990",39,274,2,1,NA,"Bombus vosnesenskii","Verbena lasiostachys",1,1,1,1,1,1,1,1,1,1,1,1,0,0,0,0,1,1,1,1,1,0,0,0
"140992",39,274,4,1,NA,"Bombus vosnesenskii","Verbena lasiostachys",1,1,1,1,1,1,1,1,1,1,1,1,0,0,0,0,1,1,1,1,1,0,0,0
"141025",39,277,1,1,NA,"Bombus vosnesenskii","Narcissus tazetta",1,1,1,1,1,1,1,1,1,1,1,1,0,0,0,0,0,0,0,0,0,0,0,0
"141091",39,282,7,1,NA,"Bombus vosnesenskii","Calochortus luteus",1,1,1,1,1,1,1,1,1,1,1,1,0,0,0,0,1,1,0,0,0,0,0,0
"141121",39,285,1,1,NA,"Bombus vosnesenskii","Triteleia hyacinthina",1,1,1,1,1,1,1,1,1,1,1,1,0,0,0,1,1,1,0,0,0,0,0,0
"141161",39,288,5,1,NA,"Bombus vosnesenskii","Adenostoma fasciculatum",1,1,1,1,1,1,1,1,1,1,1,1,0,0,0,0,0,1,1,1,0,0,0,0
"141168",39,288,12,1,NA,"Bombus vosnesenskii","Adenostoma fasciculatum",1,1,1,1,1,1,1,1,1,1,1,1,0,0,0,0,0,1,1,1,0,0,0,0
"141240",39,294,12,1,NA,"Bombus vosnesenskii","Eriogonum grande",1,1,1,1,1,1,1,1,1,1,1,1,0,0,0,1,1,1,1,1,1,1,0,0
"141241",39,295,1,1,NA,"Bombus vosnesenskii","Isocoma menziesii",1,1,1,1,1,1,1,1,1,1,1,1,0,0,0,1,1,1,1,1,1,1,1,0
"141256",39,296,4,1,NA,"Bombus vosnesenskii","Lonicera subspicata",1,1,1,1,1,1,1,1,1,1,1,1,0,0,0,0,1,1,1,1,0,0,0,0
"141266",39,297,2,1,NA,"Bombus vosnesenskii","Lupinus albifrons",1,1,1,1,1,1,1,1,1,1,1,1,0,0,0,1,1,1,1,0,0,0,0,0
"141275",39,297,11,1,NA,"Bombus vosnesenskii","Lupinus albifrons",1,1,1,1,1,1,1,1,1,1,1,1,0,0,0,1,1,1,1,0,0,0,0,0
"141493",40,14,1,1,NA,"Ceratina acantha","Lomatium utriculatum",1,1,1,1,1,1,1,1,1,1,1,1,0,0,1,1,0,0,0,0,0,0,0,0
"141541",40,18,1,1,NA,"Ceratina acantha","Achillea millefolium",1,1,1,1,1,1,1,1,1,1,1,1,0,0,0,1,1,1,1,1,0,0,0,0
"141632",40,25,8,1,NA,"Ceratina acantha","Baccharis pilularis",1,1,1,1,1,1,1,1,1,1,1,1,1,0,0,0,0,0,0,0,0,1,1,1
"141937",40,51,1,1,NA,"Ceratina acantha","Hypochaeris glabra",1,1,1,1,1,1,1,1,1,1,1,1,0,0,1,1,1,1,0,0,0,0,0,0
"142285",40,80,1,1,NA,"Ceratina acantha","Taraxacum officinale",1,1,1,1,1,1,1,1,1,1,1,1,0,1,1,0,0,0,0,0,0,0,0,0
"142765",40,120,1,1,NA,"Ceratina acantha","Arbutus menziesii",1,1,1,1,1,1,1,1,1,1,1,1,0,0,0,1,1,0,0,0,0,0,0,0
"143401",40,173,1,1,NA,"Ceratina acantha","Geranium molle",1,1,1,1,1,1,1,1,1,1,1,1,0,1,1,1,1,1,1,0,0,0,0,0
"143857",40,211,1,1,NA,"Ceratina acantha","Epilobium ciliatum",1,1,1,1,1,1,1,1,1,1,1,1,0,0,0,0,0,1,1,1,1,0,0,0
"143989",40,222,1,1,NA,"Ceratina acantha","Eschscholzia californica",1,1,1,1,1,1,1,1,1,1,1,1,0,1,1,1,1,1,1,1,1,0,0,0
"144109",40,232,1,1,NA,"Ceratina acantha","Veronica anagallis-aquatica",1,1,1,1,1,1,1,1,1,1,1,1,0,0,0,0,1,1,1,1,1,0,0,0
"144301",40,248,1,1,NA,"Ceratina acantha","Holodiscus discolor",1,1,1,1,1,1,1,1,1,1,1,1,0,0,0,0,1,1,1,0,0,0,0,0
"144313",40,249,1,1,NA,"Ceratina acantha","Lyonothamnus floribundus",1,1,1,1,1,1,1,1,1,1,1,1,0,0,0,0,1,1,1,0,0,0,0,0
"144361",40,253,1,1,NA,"Ceratina acantha","Rubus ursinus",1,1,1,1,1,1,1,1,1,1,1,1,0,1,1,1,1,0,0,0,0,0,0,0
"144745",40,285,1,1,NA,"Ceratina acantha","Triteleia hyacinthina",1,1,1,1,1,1,1,1,1,1,1,1,0,0,0,1,1,1,0,0,0,0,0,0
"149796",42,101,12,1,NA,"Diadasia australis","Cylindropuntia prolifera",0,0,0,1,1,1,1,1,1,1,1,0,0,0,0,1,1,1,1,0,0,0,0,0
"149802",42,102,6,1,NA,"Diadasia australis","Opuntia ficus-indica",0,0,0,1,1,1,1,1,1,1,1,0,0,0,0,0,0,0,1,1,0,0,0,0
"149810",42,103,2,1,NA,"Diadasia australis","Opuntia littoralis",0,0,0,1,1,1,1,1,1,1,1,0,0,0,0,0,1,1,0,0,0,0,0,0
"149815",42,103,7,1,NA,"Diadasia australis","Opuntia littoralis",0,0,0,1,1,1,1,1,1,1,1,0,0,0,0,0,1,1,0,0,0,0,0,0
"152609",43,34,5,1,NA,"Diadasia bituberculata","Cirsium vulgare",0,0,0,1,1,1,1,1,0,0,0,0,0,0,0,0,0,1,1,1,1,0,0,0
"153579",43,115,3,1,NA,"Diadasia bituberculata","Calystegia macrostegia",0,0,0,1,1,1,1,1,0,0,0,0,0,1,1,1,1,1,1,0,0,0,0,0
"155761",43,297,1,1,NA,"Diadasia bituberculata","Lupinus albifrons",0,0,0,1,1,1,1,1,0,0,0,0,0,0,0,1,1,1,1,0,0,0,0,0
"158152",44,194,4,1,NA,"Diadasia nigrifrons","Sidalcea malviflora",0,0,0,1,1,1,0,0,0,0,0,0,0,0,0,0,1,1,1,1,0,0,0,0
"164457",46,115,9,1,NA,"Diadasia ochracea","Calystegia macrostegia",0,0,0,1,1,1,1,1,1,0,0,0,0,1,1,1,1,1,1,0,0,0,0,0
"164458",46,115,10,1,NA,"Diadasia ochracea","Calystegia macrostegia",0,0,0,1,1,1,1,1,1,0,0,0,0,1,1,1,1,1,1,0,0,0,0,0
"165361",46,191,1,1,NA,"Diadasia ochracea","Malacothamnus fasciculatus",0,0,0,1,1,1,1,1,1,0,0,0,0,0,0,1,1,1,1,0,0,0,0,0
"165368",46,191,8,1,NA,"Diadasia ochracea","Malacothamnus fasciculatus",0,0,0,1,1,1,1,1,1,0,0,0,0,0,0,1,1,1,1,0,0,0,0,0
"166345",46,273,1,1,NA,"Diadasia ochracea","Phyla nodiflora",0,0,0,1,1,1,1,1,1,0,0,0,0,0,0,0,1,1,0,0,0,0,0,0
"167277",47,48,9,1,NA,"Diadasia rinconis","Helianthus annuus",0,0,0,1,1,1,1,1,1,1,0,0,0,0,0,0,0,1,1,1,0,0,0,0
"170533",48,18,1,1,NA,"Epeolus minimus","Achillea millefolium",0,0,0,0,1,1,1,1,1,0,0,0,0,0,0,1,1,1,1,1,0,0,0,0
"173293",48,248,1,1,NA,"Epeolus minimus","Holodiscus discolor",0,0,0,0,1,1,1,1,1,0,0,0,0,0,0,0,1,1,1,0,0,0,0,0
"182259",51,89,3,1,NA,"Eucera edwardsii","Brassica rapa",0,0,0,1,1,1,0,0,0,0,0,0,1,1,1,1,1,1,0,0,0,0,0,0
"184107",51,243,3,1,NA,"Eucera edwardsii","Ranunculus californicus",0,0,0,1,1,1,0,0,0,0,0,0,0,1,1,1,1,0,0,0,0,0,0,0
"185153",52,28,5,1,NA,"Eucera frater","Carduus pycnocephalus",0,0,1,1,0,0,0,0,0,0,0,0,0,1,1,1,1,1,0,0,0,0,0,0
"185773",52,80,1,1,NA,"Eucera frater","Taraxacum officinale",0,0,1,1,0,0,0,0,0,0,0,0,0,1,1,0,0,0,0,0,0,0,0,0
"186449",52,136,5,1,NA,"Eucera frater","Lathyrus vestitus",0,0,1,1,0,0,0,0,0,0,0,0,0,0,1,1,1,0,0,0,0,0,0,0
"186712",52,158,4,1,NA,"Eucera frater","Vicia americana",0,0,1,1,0,0,0,0,0,0,0,0,0,0,0,0,1,1,0,0,0,0,0,0
"186713",52,158,5,1,NA,"Eucera frater","Vicia americana",0,0,1,1,0,0,0,0,0,0,0,0,0,0,0,0,1,1,0,0,0,0,0,0
"186714",52,158,6,1,NA,"Eucera frater","Vicia americana",0,0,1,1,0,0,0,0,0,0,0,0,0,0,0,0,1,1,0,0,0,0,0,0
"186725",52,159,5,1,NA,"Eucera frater","Vicia benghalensis",0,0,1,1,0,0,0,0,0,0,0,0,0,0,1,1,1,1,0,0,0,0,0,0
"186745",52,161,1,1,NA,"Eucera frater","Vicia sativa",0,0,1,1,0,0,0,0,0,0,0,0,0,1,1,0,0,0,0,0,0,0,0,0
"186748",52,161,4,1,NA,"Eucera frater","Vicia sativa",0,0,1,1,0,0,0,0,0,0,0,0,0,1,1,0,0,0,0,0,0,0,0,0
"186749",52,161,5,1,NA,"Eucera frater","Vicia sativa",0,0,1,1,0,0,0,0,0,0,0,0,0,1,1,0,0,0,0,0,0,0,0,0
"187145",52,194,5,1,NA,"Eucera frater","Sidalcea malviflora",0,0,1,1,0,0,0,0,0,0,0,0,0,0,0,0,1,1,1,1,0,0,0,0
"191111",53,222,11,1,NA,"Eucera lunata","Eschscholzia californica",0,1,1,1,1,1,0,0,0,0,0,0,0,1,1,1,1,1,1,1,1,0,0,0
"195769",55,7,1,1,NA,"Habropoda depressa","Rhus ovata",0,1,1,1,1,1,0,0,0,0,0,0,0,0,0,1,1,0,0,0,0,0,0,0
"195909",55,18,9,1,NA,"Habropoda depressa","Achillea millefolium",0,1,1,1,1,1,0,0,0,0,0,0,0,0,0,1,1,1,1,1,0,0,0,0
"197854",55,180,10,1,NA,"Habropoda depressa","Pholistoma auritum",0,1,1,1,1,1,0,0,0,0,0,0,0,0,1,1,1,0,0,0,0,0,0,0
"197884",55,183,4,1,NA,"Habropoda depressa","Marrubium vulgare",0,1,1,1,1,1,0,0,0,0,0,0,0,0,0,0,1,1,1,1,0,0,0,0
"197918",55,186,2,1,NA,"Habropoda depressa","Salvia leucophylla",0,1,1,1,1,1,0,0,0,0,0,0,0,0,0,1,1,1,1,0,0,0,0,0
"197919",55,186,3,1,NA,"Habropoda depressa","Salvia leucophylla",0,1,1,1,1,1,0,0,0,0,0,0,0,0,0,1,1,1,1,0,0,0,0,0
"197923",55,186,7,1,NA,"Habropoda depressa","Salvia leucophylla",0,1,1,1,1,1,0,0,0,0,0,0,0,0,0,1,1,1,1,0,0,0,0,0
"198646",55,246,10,1,NA,"Habropoda depressa","Cercocarpus betuloides",0,1,1,1,1,1,0,0,0,0,0,0,0,1,1,1,1,0,0,0,0,0,0,0
"199249",55,297,1,1,NA,"Habropoda depressa","Lupinus albifrons",0,1,1,1,1,1,0,0,0,0,0,0,0,0,0,1,1,1,1,0,0,0,0,0
"202936",56,302,4,1,NA,"Habropoda miserabilis","Cirsium occidentale",0,0,1,1,1,1,1,0,0,0,0,0,0,0,0,0,1,1,1,0,0,0,0,0
"203277",57,28,9,1,NA,"Melecta separata","Carduus pycnocephalus",0,1,1,1,0,0,0,0,0,0,0,0,0,1,1,1,1,1,0,0,0,0,0,0
"204375",57,120,3,1,NA,"Melecta separata","Arbutus menziesii",0,1,1,1,0,0,0,0,0,0,0,0,0,0,0,1,1,0,0,0,0,0,0,0
"206346",57,284,6,1,NA,"Melecta separata","Dipterostemon capitatus",0,1,1,1,0,0,0,0,0,0,0,0,0,1,1,1,0,0,0,0,0,0,0,0
"206865",58,25,9,1,NA,"Melissodes lupinus","Baccharis pilularis",0,0,1,1,1,1,1,1,1,1,0,0,1,0,0,0,0,0,0,0,0,1,1,1
"206899",58,28,7,1,NA,"Melissodes lupinus","Carduus pycnocephalus",0,0,1,1,1,1,1,1,1,1,0,0,0,1,1,1,1,1,0,0,0,0,0,0
"206900",58,28,8,1,NA,"Melissodes lupinus","Carduus pycnocephalus",0,0,1,1,1,1,1,1,1,1,0,0,0,1,1,1,1,1,0,0,0,0,0,0
"207141",58,48,9,1,NA,"Melissodes lupinus","Helianthus annuus",0,0,1,1,1,1,1,1,1,1,0,0,0,0,0,0,0,1,1,1,0,0,0,0
"207142",58,48,10,1,NA,"Melissodes lupinus","Helianthus annuus",0,0,1,1,1,1,1,1,1,1,0,0,0,0,0,0,0,1,1,1,0,0,0,0
"207149",58,49,5,1,NA,"Melissodes lupinus","Helminthotheca echioides",0,0,1,1,1,1,1,1,1,1,0,0,0,0,0,0,0,1,1,1,1,1,1,1
"207490",58,77,10,1,NA,"Melissodes lupinus","Symphyotrichum chilense",0,0,1,1,1,1,1,1,1,1,0,0,0,0,0,0,0,0,1,1,0,0,0,0
"208664",58,175,8,1,NA,"Melissodes lupinus","Heliotropium curassavicum",0,0,1,1,1,1,1,1,1,1,0,0,0,0,0,0,1,1,0,0,0,0,0,0
"241280",67,175,8,1,NA,"Triepeolus utahensis","Heliotropium curassavicum",0,0,0,0,0,1,1,1,1,1,0,0,0,0,0,0,1,1,0,0,0,0,0,0
"243333",68,44,9,1,NA,"Brachymelecta californica","Eriophyllum confertiflorum",0,0,1,1,1,1,1,1,1,1,1,0,0,0,0,1,1,1,1,1,0,0,0,0
"243375",68,48,3,1,NA,"Brachymelecta californica","Helianthus annuus",0,0,1,1,1,1,1,1,1,1,1,0,0,0,0,0,0,1,1,1,0,0,0,0
"243729",68,77,9,1,NA,"Brachymelecta californica","Symphyotrichum chilense",0,0,1,1,1,1,1,1,1,1,1,0,0,0,0,0,0,0,1,1,0,0,0,0
"244905",68,175,9,1,NA,"Brachymelecta californica","Heliotropium curassavicum",0,0,1,1,1,1,1,1,1,1,1,0,0,0,0,0,1,1,0,0,0,0,0,0
"246729",69,25,9,1,NA,"Colletes hyalinus","Baccharis pilularis",0,0,0,1,1,1,1,1,1,1,0,0,1,0,0,0,0,0,0,0,0,1,1,1
"246887",69,38,11,1,NA,"Colletes hyalinus","Ericameria ericoides",0,0,0,1,1,1,1,1,1,1,0,0,0,0,0,0,0,0,0,0,1,1,1,0
"250201",70,13,1,1,NA,"Colletes kincaidii","Foeniculum vulgare",0,1,1,1,1,1,1,1,1,0,0,0,0,0,0,0,1,1,1,1,1,0,0,0
"253021",70,248,1,1,NA,"Colletes kincaidii","Holodiscus discolor",0,1,1,1,1,1,1,1,1,0,0,0,0,0,0,0,1,1,1,0,0,0,0,0
"253987",71,26,7,1,NA,"Colletes slevini","Baccharis salicifolia",0,1,1,1,1,1,1,1,1,1,1,0,0,0,0,0,1,1,0,0,0,0,0,0
"253988",71,26,8,1,NA,"Colletes slevini","Baccharis salicifolia",0,1,1,1,1,1,1,1,1,1,1,0,0,0,0,0,1,1,0,0,0,0,0,0
"256757",71,257,5,1,NA,"Colletes slevini","Salix exigua",0,1,1,1,1,1,1,1,1,1,1,0,0,1,1,1,0,0,0,0,0,0,0,0
"257452",72,13,4,1,NA,"Hylaeus mesillae","Foeniculum vulgare",0,0,1,1,1,1,1,1,1,1,0,0,0,0,0,0,1,1,1,1,1,0,0,0
"257489",72,16,5,1,NA,"Hylaeus mesillae","Asclepias fascicularis",0,0,1,1,1,1,1,1,1,1,0,0,0,0,0,0,0,1,1,1,1,0,0,0
"257600",72,25,8,1,NA,"Hylaeus mesillae","Baccharis pilularis",0,0,1,1,1,1,1,1,1,1,0,0,1,0,0,0,0,0,0,0,0,1,1,1
"257601",72,25,9,1,NA,"Hylaeus mesillae","Baccharis pilularis",0,0,1,1,1,1,1,1,1,1,0,0,1,0,0,0,0,0,0,0,0,1,1,1
"257612",72,26,8,1,NA,"Hylaeus mesillae","Baccharis salicifolia",0,0,1,1,1,1,1,1,1,1,0,0,0,0,0,0,1,1,0,0,0,0,0,0
"258125",72,69,5,1,NA,"Hylaeus mesillae","Senecio flaccidus",0,0,1,1,1,1,1,1,1,1,0,0,0,0,0,0,0,1,1,1,1,1,0,0
"258225",72,77,9,1,NA,"Hylaeus mesillae","Symphyotrichum chilense",0,0,1,1,1,1,1,1,1,1,0,0,0,0,0,0,0,0,1,1,0,0,0,0
"258735",72,120,3,1,NA,"Hylaeus mesillae","Arbutus menziesii",0,0,1,1,1,1,1,1,1,1,0,0,0,0,0,1,1,0,0,0,0,0,0,0
"259060",72,147,4,1,NA,"Hylaeus mesillae","Melilotus albus",0,0,1,1,1,1,1,1,1,1,0,0,0,0,0,0,1,1,1,1,1,0,0,0
"259396",72,175,4,1,NA,"Hylaeus mesillae","Heliotropium curassavicum",0,0,1,1,1,1,1,1,1,1,0,0,0,0,0,0,1,1,0,0,0,0,0,0
"260261",72,247,5,1,NA,"Hylaeus mesillae","Heteromeles arbutifolia",0,0,1,1,1,1,1,1,1,1,0,0,0,0,0,0,0,1,1,1,0,0,0,0
"260308",72,251,4,1,NA,"Hylaeus mesillae","Prunus ilicifolia",0,0,1,1,1,1,1,1,1,1,0,0,0,0,0,0,1,1,0,0,0,0,0,0
"260381",72,257,5,1,NA,"Hylaeus mesillae","Salix exigua",0,0,1,1,1,1,1,1,1,1,0,0,0,1,1,1,0,0,0,0,0,0,0,0
"261232",73,26,4,1,NA,"Hylaeus polifolii","Baccharis salicifolia",0,0,1,1,1,1,1,1,1,1,0,0,0,0,0,0,1,1,0,0,0,0,0,0
"262237",73,110,1,1,NA,"Hylaeus polifolii","Stellaria media",0,0,1,1,1,1,1,1,1,1,0,0,0,1,1,1,1,1,1,1,1,0,0,0
"263056",73,178,4,1,NA,"Hylaeus polifolii","Phacelia ramosissima",0,0,1,1,1,1,1,1,1,1,0,0,0,0,0,0,1,1,1,1,0,0,0,0
"264757",74,18,1,1,NA,"Hylaeus rudbeckiae","Achillea millefolium",0,0,1,1,1,1,1,1,1,1,0,0,0,0,0,1,1,1,1,1,0,0,0,0
"267509",74,247,5,1,NA,"Hylaeus rudbeckiae","Heteromeles arbutifolia",0,0,1,1,1,1,1,1,1,1,0,0,0,0,0,0,0,1,1,1,0,0,0,0
"268249",75,7,1,1,NA,"Agapostemon texanus","Rhus ovata",1,1,1,1,1,1,1,1,1,1,1,1,0,0,0,1,1,0,0,0,0,0,0,0
"268381",75,18,1,1,NA,"Agapostemon texanus","Achillea millefolium",1,1,1,1,1,1,1,1,1,1,1,1,0,0,0,1,1,1,1,1,0,0,0,0
"268472",75,25,8,1,NA,"Agapostemon texanus","Baccharis pilularis",1,1,1,1,1,1,1,1,1,1,1,1,1,0,0,0,0,0,0,0,0,1,1,1
"268473",75,25,9,1,NA,"Agapostemon texanus","Baccharis pilularis",1,1,1,1,1,1,1,1,1,1,1,1,1,0,0,0,0,0,0,0,0,1,1,1
"268536",75,30,12,1,NA,"Agapostemon texanus","Centaurea solstitialis",1,1,1,1,1,1,1,1,1,1,1,1,0,0,0,1,1,1,1,1,1,0,0,0
"268557",75,32,9,1,NA,"Agapostemon texanus","Cichorium intybus",1,1,1,1,1,1,1,1,1,1,1,1,0,0,0,0,0,0,1,1,0,0,0,0
"268573",75,34,1,1,NA,"Agapostemon texanus","Cirsium vulgare",1,1,1,1,1,1,1,1,1,1,1,1,0,0,0,0,0,1,1,1,1,0,0,0
"268582",75,34,10,1,NA,"Agapostemon texanus","Cirsium vulgare",1,1,1,1,1,1,1,1,1,1,1,1,0,0,0,0,0,1,1,1,1,0,0,0
"268583",75,34,11,1,NA,"Agapostemon texanus","Cirsium vulgare",1,1,1,1,1,1,1,1,1,1,1,1,0,0,0,0,0,1,1,1,1,0,0,0
"268589",75,35,5,1,NA,"Agapostemon texanus","Corethrogyne filaginifolia",1,1,1,1,1,1,1,1,1,1,1,1,0,0,0,0,0,1,1,1,1,1,0,0
"268595",75,35,11,1,NA,"Agapostemon texanus","Corethrogyne filaginifolia",1,1,1,1,1,1,1,1,1,1,1,1,0,0,0,0,0,1,1,1,1,1,0,0
"268596",75,35,12,1,NA,"Agapostemon texanus","Corethrogyne filaginifolia",1,1,1,1,1,1,1,1,1,1,1,1,0,0,0,0,0,1,1,1,1,1,0,0
"268627",75,38,7,1,NA,"Agapostemon texanus","Ericameria ericoides",1,1,1,1,1,1,1,1,1,1,1,1,0,0,0,0,0,0,0,0,1,1,1,0
"268677",75,42,9,1,NA,"Agapostemon texanus","Erigeron glaucus",1,1,1,1,1,1,1,1,1,1,1,1,1,1,1,1,1,1,1,1,0,0,0,0
"268678",75,42,10,1,NA,"Agapostemon texanus","Erigeron glaucus",1,1,1,1,1,1,1,1,1,1,1,1,1,1,1,1,1,1,1,1,0,0,0,0
"268679",75,42,11,1,NA,"Agapostemon texanus","Erigeron glaucus",1,1,1,1,1,1,1,1,1,1,1,1,1,1,1,1,1,1,1,1,0,0,0,0
"268717",75,46,1,1,NA,"Agapostemon texanus","Glebionis coronaria",1,1,1,1,1,1,1,1,1,1,1,1,0,0,1,1,1,1,1,0,0,0,0,0
"268726",75,46,10,1,NA,"Agapostemon texanus","Glebionis coronaria",1,1,1,1,1,1,1,1,1,1,1,1,0,0,1,1,1,1,1,0,0,0,0,0
"268742",75,48,2,1,NA,"Agapostemon texanus","Helianthus annuus",1,1,1,1,1,1,1,1,1,1,1,1,0,0,0,0,0,1,1,1,0,0,0,0
"268745",75,48,5,1,NA,"Agapostemon texanus","Helianthus annuus",1,1,1,1,1,1,1,1,1,1,1,1,0,0,0,0,0,1,1,1,0,0,0,0
"268749",75,48,9,1,NA,"Agapostemon texanus","Helianthus annuus",1,1,1,1,1,1,1,1,1,1,1,1,0,0,0,0,0,1,1,1,0,0,0,0
"268750",75,48,10,1,NA,"Agapostemon texanus","Helianthus annuus",1,1,1,1,1,1,1,1,1,1,1,1,0,0,0,0,0,1,1,1,0,0,0,0
"268757",75,49,5,1,NA,"Agapostemon texanus","Helminthotheca echioides",1,1,1,1,1,1,1,1,1,1,1,1,0,0,0,0,0,1,1,1,1,1,1,1
"268837",75,56,1,1,NA,"Agapostemon texanus","Layia platyglossa",1,1,1,1,1,1,1,1,1,1,1,1,0,1,1,1,1,0,0,0,0,0,0,0
"268901",75,61,5,1,NA,"Agapostemon texanus","Malacothrix saxatilis",1,1,1,1,1,1,1,1,1,1,1,1,0,0,0,0,0,1,1,1,1,1,1,1
"269029",75,72,1,1,NA,"Agapostemon texanus","Sonchus asper",1,1,1,1,1,1,1,1,1,1,1,1,0,1,1,1,1,1,1,1,1,1,0,0
"269053",75,74,1,1,NA,"Agapostemon texanus","Stephanomeria diegensis",1,1,1,1,1,1,1,1,1,1,1,1,0,0,0,0,0,0,0,1,1,1,1,0
"269057",75,74,5,1,NA,"Agapostemon texanus","Stephanomeria diegensis",1,1,1,1,1,1,1,1,1,1,1,1,0,0,0,0,0,0,0,1,1,1,1,0
"269090",75,77,2,1,NA,"Agapostemon texanus","Symphyotrichum chilense",1,1,1,1,1,1,1,1,1,1,1,1,0,0,0,0,0,0,1,1,0,0,0,0
"269097",75,77,9,1,NA,"Agapostemon texanus","Symphyotrichum chilense",1,1,1,1,1,1,1,1,1,1,1,1,0,0,0,0,0,0,1,1,0,0,0,0
"269098",75,77,10,1,NA,"Agapostemon texanus","Symphyotrichum chilense",1,1,1,1,1,1,1,1,1,1,1,1,0,0,0,0,0,0,1,1,0,0,0,0
"269099",75,77,11,1,NA,"Agapostemon texanus","Symphyotrichum chilense",1,1,1,1,1,1,1,1,1,1,1,1,0,0,0,0,0,0,1,1,0,0,0,0
"269134",75,80,10,1,NA,"Agapostemon texanus","Taraxacum officinale",1,1,1,1,1,1,1,1,1,1,1,1,0,1,1,0,0,0,0,0,0,0,0,0
"269142",75,81,6,1,NA,"Agapostemon texanus","Tragopogon porrifolius",1,1,1,1,1,1,1,1,1,1,1,1,0,0,0,1,1,0,0,0,0,0,0,0
"269146",75,81,10,1,NA,"Agapostemon texanus","Tragopogon porrifolius",1,1,1,1,1,1,1,1,1,1,1,1,0,0,0,1,1,0,0,0,0,0,0,0
"269443",75,106,7,1,NA,"Agapostemon texanus","Cerastium glomeratum",1,1,1,1,1,1,1,1,1,1,1,1,0,1,1,1,1,0,0,0,0,0,0,0
"269494",75,110,10,1,NA,"Agapostemon texanus","Stellaria media",1,1,1,1,1,1,1,1,1,1,1,1,0,1,1,1,1,1,1,1,1,0,0,0
"269554",75,115,10,1,NA,"Agapostemon texanus","Calystegia macrostegia",1,1,1,1,1,1,1,1,1,1,1,1,0,1,1,1,1,1,1,0,0,0,0,0
"269555",75,115,11,1,NA,"Agapostemon texanus","Calystegia macrostegia",1,1,1,1,1,1,1,1,1,1,1,1,0,1,1,1,1,1,1,0,0,0,0,0
"269579",75,117,11,1,NA,"Agapostemon texanus","Convolvulus arvensis",1,1,1,1,1,1,1,1,1,1,1,1,0,0,0,1,1,1,1,1,1,0,0,0
"269651",75,123,11,1,NA,"Agapostemon texanus","Croton setiger",1,1,1,1,1,1,1,1,1,1,1,1,0,0,0,0,1,1,1,1,1,1,0,0
"270459",75,191,3,1,NA,"Agapostemon texanus","Malacothamnus fasciculatus",1,1,1,1,1,1,1,1,1,1,1,1,0,0,0,1,1,1,1,0,0,0,0,0
"270468",75,191,12,1,NA,"Agapostemon texanus","Malacothamnus fasciculatus",1,1,1,1,1,1,1,1,1,1,1,1,0,0,0,1,1,1,1,0,0,0,0,0
"270495",75,194,3,1,NA,"Agapostemon texanus","Sidalcea malviflora",1,1,1,1,1,1,1,1,1,1,1,1,0,0,0,0,1,1,1,1,0,0,0,0
"270496",75,194,4,1,NA,"Agapostemon texanus","Sidalcea malviflora",1,1,1,1,1,1,1,1,1,1,1,1,0,0,0,0,1,1,1,1,0,0,0,0
"270649",75,207,1,1,NA,"Agapostemon texanus","Clarkia purpurea",1,1,1,1,1,1,1,1,1,1,1,1,0,0,0,1,1,1,1,0,0,0,0,0
"270839",75,222,11,1,NA,"Agapostemon texanus","Eschscholzia californica",1,1,1,1,1,1,1,1,1,1,1,1,0,1,1,1,1,1,1,1,1,0,0,0
"271207",75,253,7,1,NA,"Agapostemon texanus","Rubus ursinus",1,1,1,1,1,1,1,1,1,1,1,1,0,1,1,1,1,0,0,0,0,0,0,0
"271705",75,295,1,1,NA,"Agapostemon texanus","Isocoma menziesii",1,1,1,1,1,1,1,1,1,1,1,1,0,0,0,1,1,1,1,1,1,1,1,0
"272097",76,25,9,1,NA,"Augochlorella pomoniella","Baccharis pilularis",1,1,1,1,1,1,1,1,1,1,1,1,1,0,0,0,0,0,0,0,0,1,1,1
"272109",76,26,9,1,NA,"Augochlorella pomoniella","Baccharis salicifolia",1,1,1,1,1,1,1,1,1,1,1,1,0,0,0,0,1,1,0,0,0,0,0,0
"272151",76,30,3,1,NA,"Augochlorella pomoniella","Centaurea solstitialis",1,1,1,1,1,1,1,1,1,1,1,1,0,0,0,1,1,1,1,1,1,0,0,0
"272209",76,35,1,1,NA,"Augochlorella pomoniella","Corethrogyne filaginifolia",1,1,1,1,1,1,1,1,1,1,1,1,0,0,0,0,0,1,1,1,1,1,0,0
"272317",76,44,1,1,NA,"Augochlorella pomoniella","Eriophyllum confertiflorum",1,1,1,1,1,1,1,1,1,1,1,1,0,0,0,1,1,1,1,1,0,0,0,0
"272524",76,61,4,1,NA,"Augochlorella pomoniella","Malacothrix saxatilis",1,1,1,1,1,1,1,1,1,1,1,1,0,0,0,0,0,1,1,1,1,1,1,1
"272681",76,74,5,1,NA,"Augochlorella pomoniella","Stephanomeria diegensis",1,1,1,1,1,1,1,1,1,1,1,1,0,0,0,0,0,0,0,1,1,1,1,0
"272682",76,74,6,1,NA,"Augochlorella pomoniella","Stephanomeria diegensis",1,1,1,1,1,1,1,1,1,1,1,1,0,0,0,0,0,0,0,1,1,1,1,0
"272683",76,74,7,1,NA,"Augochlorella pomoniella","Stephanomeria diegensis",1,1,1,1,1,1,1,1,1,1,1,1,0,0,0,0,0,0,0,1,1,1,1,0
"272689",76,75,1,1,NA,"Augochlorella pomoniella","Stephanomeria exigua",1,1,1,1,1,1,1,1,1,1,1,1,0,0,0,0,0,1,1,1,1,1,1,0
"272711",76,76,11,1,NA,"Augochlorella pomoniella","Stephanomeria virgata",1,1,1,1,1,1,1,1,1,1,1,1,0,0,0,0,0,0,0,1,1,1,0,0
"273033",76,103,9,1,NA,"Augochlorella pomoniella","Opuntia littoralis",1,1,1,1,1,1,1,1,1,1,1,1,0,0,0,0,1,1,0,0,0,0,0,0
"273177",76,115,9,1,NA,"Augochlorella pomoniella","Calystegia macrostegia",1,1,1,1,1,1,1,1,1,1,1,1,0,1,1,1,1,1,1,0,0,0,0,0
"273275",76,123,11,1,NA,"Augochlorella pomoniella","Croton setiger",1,1,1,1,1,1,1,1,1,1,1,1,0,0,0,0,1,1,1,1,1,1,0,0
"273297",76,125,9,1,NA,"Augochlorella pomoniella","Euphorbia misera",1,1,1,1,1,1,1,1,1,1,1,1,1,1,1,1,1,1,1,1,0,0,0,1
"273889",76,175,1,1,NA,"Augochlorella pomoniella","Heliotropium curassavicum",1,1,1,1,1,1,1,1,1,1,1,1,0,0,0,0,1,1,0,0,0,0,0,0
"273896",76,175,8,1,NA,"Augochlorella pomoniella","Heliotropium curassavicum",1,1,1,1,1,1,1,1,1,1,1,1,0,0,0,0,1,1,0,0,0,0,0,0
"274081",76,191,1,1,NA,"Augochlorella pomoniella","Malacothamnus fasciculatus",1,1,1,1,1,1,1,1,1,1,1,1,0,0,0,1,1,1,1,0,0,0,0,0
"274281",76,207,9,1,NA,"Augochlorella pomoniella","Clarkia purpurea",1,1,1,1,1,1,1,1,1,1,1,1,0,0,0,1,1,1,1,0,0,0,0,0
"274319",76,210,11,1,NA,"Augochlorella pomoniella","Epilobium canum",1,1,1,1,1,1,1,1,1,1,1,1,0,0,0,0,0,0,0,1,1,1,0,0
"274462",76,222,10,1,NA,"Augochlorella pomoniella","Eschscholzia californica",1,1,1,1,1,1,1,1,1,1,1,1,0,1,1,1,1,1,1,1,1,0,0,0
"274463",76,222,11,1,NA,"Augochlorella pomoniella","Eschscholzia californica",1,1,1,1,1,1,1,1,1,1,1,1,0,1,1,1,1,1,1,1,1,0,0,0
"274595",76,233,11,1,NA,"Augochlorella pomoniella","Gilia capitata",1,1,1,1,1,1,1,1,1,1,1,1,0,1,1,1,0,0,0,0,0,0,0,0
"274777",76,249,1,1,NA,"Augochlorella pomoniella","Lyonothamnus floribundus",1,1,1,1,1,1,1,1,1,1,1,1,0,0,0,0,1,1,1,0,0,0,0,0
"275201",76,284,5,1,NA,"Augochlorella pomoniella","Dipterostemon capitatus",1,1,1,1,1,1,1,1,1,1,1,1,0,1,1,1,0,0,0,0,0,0,0,0
"275207",76,284,11,1,NA,"Augochlorella pomoniella","Dipterostemon capitatus",1,1,1,1,1,1,1,1,1,1,1,1,0,1,1,1,0,0,0,0,0,0,0,0
"275329",76,295,1,1,NA,"Augochlorella pomoniella","Isocoma menziesii",1,1,1,1,1,1,1,1,1,1,1,1,0,0,0,1,1,1,1,1,1,1,1,0
"275330",76,295,2,1,NA,"Augochlorella pomoniella","Isocoma menziesii",1,1,1,1,1,1,1,1,1,1,1,1,0,0,0,1,1,1,1,1,1,1,1,0
"275331",76,295,3,1,NA,"Augochlorella pomoniella","Isocoma menziesii",1,1,1,1,1,1,1,1,1,1,1,1,0,0,0,1,1,1,1,1,1,1,1,0
"275340",76,295,12,1,NA,"Augochlorella pomoniella","Isocoma menziesii",1,1,1,1,1,1,1,1,1,1,1,1,0,0,0,1,1,1,1,1,1,1,1,0
"275579",77,13,11,1,NA,"Halictus farinosus","Foeniculum vulgare",1,1,1,1,1,1,1,1,1,1,0,0,0,0,0,0,1,1,1,1,1,0,0,0
"275629",77,18,1,1,NA,"Halictus farinosus","Achillea millefolium",1,1,1,1,1,1,1,1,1,1,0,0,0,0,0,1,1,1,1,1,0,0,0,0
"275637",77,18,9,1,NA,"Halictus farinosus","Achillea millefolium",1,1,1,1,1,1,1,1,1,1,0,0,0,0,0,1,1,1,1,1,0,0,0,0
"275639",77,18,11,1,NA,"Halictus farinosus","Achillea millefolium",1,1,1,1,1,1,1,1,1,1,0,0,0,0,0,1,1,1,1,1,0,0,0,0
"275716",77,25,4,1,NA,"Halictus farinosus","Baccharis pilularis",1,1,1,1,1,1,1,1,1,1,0,0,1,0,0,0,0,0,0,0,0,1,1,1
"275720",77,25,8,1,NA,"Halictus farinosus","Baccharis pilularis",1,1,1,1,1,1,1,1,1,1,0,0,1,0,0,0,0,0,0,0,0,1,1,1
"275721",77,25,9,1,NA,"Halictus farinosus","Baccharis pilularis",1,1,1,1,1,1,1,1,1,1,0,0,1,0,0,0,0,0,0,0,0,1,1,1
"275808",77,32,12,1,NA,"Halictus farinosus","Cichorium intybus",1,1,1,1,1,1,1,1,1,1,0,0,0,0,0,0,0,0,1,1,0,0,0,0
"276121",77,59,1,1,NA,"Halictus farinosus","Madia gracilis",1,1,1,1,1,1,1,1,1,1,0,0,0,0,0,1,1,1,1,0,0,0,0,0
"276347",77,77,11,1,NA,"Halictus farinosus","Symphyotrichum chilense",1,1,1,1,1,1,1,1,1,1,0,0,0,0,0,0,0,0,1,1,0,0,0,0
"277631",77,184,11,1,NA,"Halictus farinosus","Mentha spicata",1,1,1,1,1,1,1,1,1,1,0,0,0,0,0,0,0,1,1,1,1,1,0,0
"277990",77,214,10,1,NA,"Halictus farinosus","Oenothera elata",1,1,1,1,1,1,1,1,1,1,0,0,0,0,0,0,0,1,1,1,1,0,0,0
"278077",77,222,1,1,NA,"Halictus farinosus","Eschscholzia californica",1,1,1,1,1,1,1,1,1,1,0,0,0,1,1,1,1,1,1,1,1,0,0,0
"278086",77,222,10,1,NA,"Halictus farinosus","Eschscholzia californica",1,1,1,1,1,1,1,1,1,1,0,0,0,1,1,1,1,1,1,1,1,0,0,0
"278087",77,222,11,1,NA,"Halictus farinosus","Eschscholzia californica",1,1,1,1,1,1,1,1,1,1,0,0,0,1,1,1,1,1,1,1,1,0,0,0
"278088",77,222,12,1,NA,"Halictus farinosus","Eschscholzia californica",1,1,1,1,1,1,1,1,1,1,0,0,0,1,1,1,1,1,1,1,1,0,0,0
"278215",77,233,7,1,NA,"Halictus farinosus","Gilia capitata",1,1,1,1,1,1,1,1,1,1,0,0,0,1,1,1,0,0,0,0,0,0,0,0
"278388",77,247,12,1,NA,"Halictus farinosus","Heteromeles arbutifolia",1,1,1,1,1,1,1,1,1,1,0,0,0,0,0,0,0,1,1,1,0,0,0,0
"278833",77,285,1,1,NA,"Halictus farinosus","Triteleia hyacinthina",1,1,1,1,1,1,1,1,1,1,0,0,0,0,0,1,1,1,0,0,0,0,0,0
"282829",79,14,1,1,NA,"Halictus ligatus","Lomatium utriculatum",1,1,1,1,1,1,1,1,1,1,1,1,0,0,1,1,0,0,0,0,0,0,0,0
"282877",79,18,1,1,NA,"Halictus ligatus","Achillea millefolium",1,1,1,1,1,1,1,1,1,1,1,1,0,0,0,1,1,1,1,1,0,0,0,0
"282878",79,18,2,1,NA,"Halictus ligatus","Achillea millefolium",1,1,1,1,1,1,1,1,1,1,1,1,0,0,0,1,1,1,1,1,0,0,0,0
"282885",79,18,9,1,NA,"Halictus ligatus","Achillea millefolium",1,1,1,1,1,1,1,1,1,1,1,1,0,0,0,1,1,1,1,1,0,0,0,0
"282886",79,18,10,1,NA,"Halictus ligatus","Achillea millefolium",1,1,1,1,1,1,1,1,1,1,1,1,0,0,0,1,1,1,1,1,0,0,0,0
"282887",79,18,11,1,NA,"Halictus ligatus","Achillea millefolium",1,1,1,1,1,1,1,1,1,1,1,1,0,0,0,1,1,1,1,1,0,0,0,0
"282888",79,18,12,1,NA,"Halictus ligatus","Achillea millefolium",1,1,1,1,1,1,1,1,1,1,1,1,0,0,0,1,1,1,1,1,0,0,0,0
"282976",79,26,4,1,NA,"Halictus ligatus","Baccharis salicifolia",1,1,1,1,1,1,1,1,1,1,1,1,0,0,0,0,1,1,0,0,0,0,0,0
"283021",79,30,1,1,NA,"Halictus ligatus","Centaurea solstitialis",1,1,1,1,1,1,1,1,1,1,1,1,0,0,0,1,1,1,1,1,1,0,0,0
"283022",79,30,2,1,NA,"Halictus ligatus","Centaurea solstitialis",1,1,1,1,1,1,1,1,1,1,1,1,0,0,0,1,1,1,1,1,1,0,0,0
"283030",79,30,10,1,NA,"Halictus ligatus","Centaurea solstitialis",1,1,1,1,1,1,1,1,1,1,1,1,0,0,0,1,1,1,1,1,1,0,0,0
"283032",79,30,12,1,NA,"Halictus ligatus","Centaurea solstitialis",1,1,1,1,1,1,1,1,1,1,1,1,0,0,0,1,1,1,1,1,1,0,0,0
"283046",79,32,2,1,NA,"Halictus ligatus","Cichorium intybus",1,1,1,1,1,1,1,1,1,1,1,1,0,0,0,0,0,0,1,1,0,0,0,0
"283047",79,32,3,1,NA,"Halictus ligatus","Cichorium intybus",1,1,1,1,1,1,1,1,1,1,1,1,0,0,0,0,0,0,1,1,0,0,0,0
"283053",79,32,9,1,NA,"Halictus ligatus","Cichorium intybus",1,1,1,1,1,1,1,1,1,1,1,1,0,0,0,0,0,0,1,1,0,0,0,0
"283054",79,32,10,1,NA,"Halictus ligatus","Cichorium intybus",1,1,1,1,1,1,1,1,1,1,1,1,0,0,0,0,0,0,1,1,0,0,0,0
"283055",79,32,11,1,NA,"Halictus ligatus","Cichorium intybus",1,1,1,1,1,1,1,1,1,1,1,1,0,0,0,0,0,0,1,1,0,0,0,0
"283056",79,32,12,1,NA,"Halictus ligatus","Cichorium intybus",1,1,1,1,1,1,1,1,1,1,1,1,0,0,0,0,0,0,1,1,0,0,0,0
"283069",79,34,1,1,NA,"Halictus ligatus","Cirsium vulgare",1,1,1,1,1,1,1,1,1,1,1,1,0,0,0,0,0,1,1,1,1,0,0,0
"283070",79,34,2,1,NA,"Halictus ligatus","Cirsium vulgare",1,1,1,1,1,1,1,1,1,1,1,1,0,0,0,0,0,1,1,1,1,0,0,0
"283082",79,35,2,1,NA,"Halictus ligatus","Corethrogyne filaginifolia",1,1,1,1,1,1,1,1,1,1,1,1,0,0,0,0,0,1,1,1,1,1,0,0
"283174",79,42,10,1,NA,"Halictus ligatus","Erigeron glaucus",1,1,1,1,1,1,1,1,1,1,1,1,1,1,1,1,1,1,1,1,0,0,0,0
"283191",79,44,3,1,NA,"Halictus ligatus","Eriophyllum confertiflorum",1,1,1,1,1,1,1,1,1,1,1,1,0,0,0,1,1,1,1,1,0,0,0,0
"283213",79,46,1,1,NA,"Halictus ligatus","Glebionis coronaria",1,1,1,1,1,1,1,1,1,1,1,1,0,0,1,1,1,1,1,0,0,0,0,0
"283223",79,46,11,1,NA,"Halictus ligatus","Glebionis coronaria",1,1,1,1,1,1,1,1,1,1,1,1,0,0,1,1,1,1,1,0,0,0,0,0
"283237",79,48,1,1,NA,"Halictus ligatus","Helianthus annuus",1,1,1,1,1,1,1,1,1,1,1,1,0,0,0,0,0,1,1,1,0,0,0,0
"283245",79,48,9,1,NA,"Halictus ligatus","Helianthus annuus",1,1,1,1,1,1,1,1,1,1,1,1,0,0,0,0,0,1,1,1,0,0,0,0
"283246",79,48,10,1,NA,"Halictus ligatus","Helianthus annuus",1,1,1,1,1,1,1,1,1,1,1,1,0,0,0,0,0,1,1,1,0,0,0,0
"283248",79,48,12,1,NA,"Halictus ligatus","Helianthus annuus",1,1,1,1,1,1,1,1,1,1,1,1,0,0,0,0,0,1,1,1,0,0,0,0
"283249",79,49,1,1,NA,"Halictus ligatus","Helminthotheca echioides",1,1,1,1,1,1,1,1,1,1,1,1,0,0,0,0,0,1,1,1,1,1,1,1
"283253",79,49,5,1,NA,"Halictus ligatus","Helminthotheca echioides",1,1,1,1,1,1,1,1,1,1,1,1,0,0,0,0,0,1,1,1,1,1,1,1
"283343",79,56,11,1,NA,"Halictus ligatus","Layia platyglossa",1,1,1,1,1,1,1,1,1,1,1,1,0,1,1,1,1,0,0,0,0,0,0,0
"283369",79,59,1,1,NA,"Halictus ligatus","Madia gracilis",1,1,1,1,1,1,1,1,1,1,1,1,0,0,0,1,1,1,1,0,0,0,0,0
"283486",79,68,10,1,NA,"Halictus ligatus","Rafinesquia californica",1,1,1,1,1,1,1,1,1,1,1,1,0,0,0,1,1,1,1,0,0,0,0,0
"283595",79,77,11,1,NA,"Halictus ligatus","Symphyotrichum chilense",1,1,1,1,1,1,1,1,1,1,1,1,0,0,0,0,0,0,1,1,0,0,0,0
"283621",79,80,1,1,NA,"Halictus ligatus","Taraxacum officinale",1,1,1,1,1,1,1,1,1,1,1,1,0,1,1,0,0,0,0,0,0,0,0,0
"283625",79,80,5,1,NA,"Halictus ligatus","Taraxacum officinale",1,1,1,1,1,1,1,1,1,1,1,1,0,1,1,0,0,0,0,0,0,0,0,0
"283626",79,80,6,1,NA,"Halictus ligatus","Taraxacum officinale",1,1,1,1,1,1,1,1,1,1,1,1,0,1,1,0,0,0,0,0,0,0,0,0
"283627",79,80,7,1,NA,"Halictus ligatus","Taraxacum officinale",1,1,1,1,1,1,1,1,1,1,1,1,0,1,1,0,0,0,0,0,0,0,0,0
"283632",79,80,12,1,NA,"Halictus ligatus","Taraxacum officinale",1,1,1,1,1,1,1,1,1,1,1,1,0,1,1,0,0,0,0,0,0,0,0,0
"283635",79,81,3,1,NA,"Halictus ligatus","Tragopogon porrifolius",1,1,1,1,1,1,1,1,1,1,1,1,0,0,0,1,1,0,0,0,0,0,0,0
"284308",79,137,4,1,NA,"Halictus ligatus","Lotus corniculatus",1,1,1,1,1,1,1,1,1,1,1,1,0,0,0,0,1,1,1,0,0,0,0,0
"284407",79,145,7,1,NA,"Halictus ligatus","Medicago polymorpha",1,1,1,1,1,1,1,1,1,1,1,1,0,1,1,1,1,1,0,0,0,0,0,0
"284436",79,147,12,1,NA,"Halictus ligatus","Melilotus albus",1,1,1,1,1,1,1,1,1,1,1,1,0,0,0,0,1,1,1,1,1,0,0,0
"284767",79,175,7,1,NA,"Halictus ligatus","Heliotropium curassavicum",1,1,1,1,1,1,1,1,1,1,1,1,0,0,0,0,1,1,0,0,0,0,0,0
"284768",79,175,8,1,NA,"Halictus ligatus","Heliotropium curassavicum",1,1,1,1,1,1,1,1,1,1,1,1,0,0,0,0,1,1,0,0,0,0,0,0
"284770",79,175,10,1,NA,"Halictus ligatus","Heliotropium curassavicum",1,1,1,1,1,1,1,1,1,1,1,1,0,0,0,0,1,1,0,0,0,0,0,0
"284860",79,183,4,1,NA,"Halictus ligatus","Marrubium vulgare",1,1,1,1,1,1,1,1,1,1,1,1,0,0,0,0,1,1,1,1,0,0,0,0
"284870",79,184,2,1,NA,"Halictus ligatus","Mentha spicata",1,1,1,1,1,1,1,1,1,1,1,1,0,0,0,0,0,1,1,1,1,1,0,0
"285193",79,211,1,1,NA,"Halictus ligatus","Epilobium ciliatum",1,1,1,1,1,1,1,1,1,1,1,1,0,0,0,0,0,1,1,1,1,0,0,0
"285335",79,222,11,1,NA,"Halictus ligatus","Eschscholzia californica",1,1,1,1,1,1,1,1,1,1,1,1,0,1,1,1,1,1,1,1,1,0,0,0
"285448",79,232,4,1,NA,"Halictus ligatus","Veronica anagallis-aquatica",1,1,1,1,1,1,1,1,1,1,1,1,0,0,0,0,1,1,1,1,1,0,0,0
"285462",79,233,6,1,NA,"Halictus ligatus","Gilia capitata",1,1,1,1,1,1,1,1,1,1,1,1,0,1,1,1,0,0,0,0,0,0,0,0
"285940",79,273,4,1,NA,"Halictus ligatus","Phyla nodiflora",1,1,1,1,1,1,1,1,1,1,1,1,0,0,0,0,1,1,0,0,0,0,0,0
"285943",79,273,7,1,NA,"Halictus ligatus","Phyla nodiflora",1,1,1,1,1,1,1,1,1,1,1,1,0,0,0,0,1,1,0,0,0,0,0,0
"286201",79,295,1,1,NA,"Halictus ligatus","Isocoma menziesii",1,1,1,1,1,1,1,1,1,1,1,1,0,0,0,1,1,1,1,1,1,1,1,0
"286203",79,295,3,1,NA,"Halictus ligatus","Isocoma menziesii",1,1,1,1,1,1,1,1,1,1,1,1,0,0,0,1,1,1,1,1,1,1,1,0
"286442",80,13,2,1,NA,"Halictus rubicundus","Foeniculum vulgare",0,0,1,1,1,1,1,1,1,1,0,0,0,0,0,0,1,1,1,1,1,0,0,0
"286453",80,14,1,1,NA,"Halictus rubicundus","Lomatium utriculatum",0,0,1,1,1,1,1,1,1,1,0,0,0,0,1,1,0,0,0,0,0,0,0,0
"286501",80,18,1,1,NA,"Halictus rubicundus","Achillea millefolium",0,0,1,1,1,1,1,1,1,1,0,0,0,0,0,1,1,1,1,1,0,0,0,0
"286509",80,18,9,1,NA,"Halictus rubicundus","Achillea millefolium",0,0,1,1,1,1,1,1,1,1,0,0,0,0,0,1,1,1,1,1,0,0,0,0
"286510",80,18,10,1,NA,"Halictus rubicundus","Achillea millefolium",0,0,1,1,1,1,1,1,1,1,0,0,0,0,0,1,1,1,1,1,0,0,0,0
"286512",80,18,12,1,NA,"Halictus rubicundus","Achillea millefolium",0,0,1,1,1,1,1,1,1,1,0,0,0,0,0,1,1,1,1,1,0,0,0,0
"286672",80,32,4,1,NA,"Halictus rubicundus","Cichorium intybus",0,0,1,1,1,1,1,1,1,1,0,0,0,0,0,0,0,0,1,1,0,0,0,0
"286677",80,32,9,1,NA,"Halictus rubicundus","Cichorium intybus",0,0,1,1,1,1,1,1,1,1,0,0,0,0,0,0,0,0,1,1,0,0,0,0
"286789",80,42,1,1,NA,"Halictus rubicundus","Erigeron glaucus",0,0,1,1,1,1,1,1,1,1,0,0,1,1,1,1,1,1,1,1,0,0,0,0
"286897",80,51,1,1,NA,"Halictus rubicundus","Hypochaeris glabra",0,0,1,1,1,1,1,1,1,1,0,0,0,0,1,1,1,1,0,0,0,0,0,0
"287245",80,80,1,1,NA,"Halictus rubicundus","Taraxacum officinale",0,0,1,1,1,1,1,1,1,1,0,0,0,1,1,0,0,0,0,0,0,0,0,0
"287249",80,80,5,1,NA,"Halictus rubicundus","Taraxacum officinale",0,0,1,1,1,1,1,1,1,1,0,0,0,1,1,0,0,0,0,0,0,0,0,0
"287251",80,80,7,1,NA,"Halictus rubicundus","Taraxacum officinale",0,0,1,1,1,1,1,1,1,1,0,0,0,1,1,0,0,0,0,0,0,0,0,0
"287256",80,80,12,1,NA,"Halictus rubicundus","Taraxacum officinale",0,0,1,1,1,1,1,1,1,1,0,0,0,1,1,0,0,0,0,0,0,0,0,0
"287725",80,120,1,1,NA,"Halictus rubicundus","Arbutus menziesii",0,0,1,1,1,1,1,1,1,1,0,0,0,0,0,1,1,0,0,0,0,0,0,0
"287929",80,137,1,1,NA,"Halictus rubicundus","Lotus corniculatus",0,0,1,1,1,1,1,1,1,1,0,0,0,0,0,0,1,1,1,0,0,0,0,0
"288037",80,146,1,1,NA,"Halictus rubicundus","Medicago sativa",0,0,1,1,1,1,1,1,1,1,0,0,0,0,0,0,0,1,1,1,0,0,0,0
"288050",80,147,2,1,NA,"Halictus rubicundus","Melilotus albus",0,0,1,1,1,1,1,1,1,1,0,0,0,0,0,0,1,1,1,1,1,0,0,0
"288313",80,169,1,1,NA,"Halictus rubicundus","Erodium cicutarium",0,0,1,1,1,1,1,1,1,1,0,0,0,1,1,1,1,1,0,0,0,0,0,0
"288361",80,173,1,1,NA,"Halictus rubicundus","Geranium molle",0,0,1,1,1,1,1,1,1,1,0,0,0,1,1,1,1,1,1,0,0,0,0,0
"288769",80,207,1,1,NA,"Halictus rubicundus","Clarkia purpurea",0,0,1,1,1,1,1,1,1,1,0,0,0,0,0,1,1,1,1,0,0,0,0,0
"288949",80,222,1,1,NA,"Halictus rubicundus","Eschscholzia californica",0,0,1,1,1,1,1,1,1,1,0,0,0,1,1,1,1,1,1,1,1,0,0,0
"289261",80,248,1,1,NA,"Halictus rubicundus","Holodiscus discolor",0,0,1,1,1,1,1,1,1,1,0,0,0,0,0,0,1,1,1,0,0,0,0,0
"289362",80,256,6,1,NA,"Halictus rubicundus","Populus trichocarpa",0,0,1,1,1,1,1,1,1,1,0,0,0,1,1,1,0,0,0,0,0,0,0,0
"289705",80,285,1,1,NA,"Halictus rubicundus","Triteleia hyacinthina",0,0,1,1,1,1,1,1,1,1,0,0,0,0,0,1,1,1,0,0,0,0,0,0
"290024",81,9,8,1,NA,"Halictus tripartitus","Toxicodendron diversilobum",1,1,1,1,1,1,1,1,1,1,1,1,0,0,1,1,1,1,0,0,0,0,0,0
"290055",81,12,3,1,NA,"Halictus tripartitus","Daucus pusillus",1,1,1,1,1,1,1,1,1,1,1,1,0,0,0,1,1,1,0,0,0,0,0,0
"290065",81,13,1,1,NA,"Halictus tripartitus","Foeniculum vulgare",1,1,1,1,1,1,1,1,1,1,1,1,0,0,0,0,1,1,1,1,1,0,0,0
"290066",81,13,2,1,NA,"Halictus tripartitus","Foeniculum vulgare",1,1,1,1,1,1,1,1,1,1,1,1,0,0,0,0,1,1,1,1,1,0,0,0
"290068",81,13,4,1,NA,"Halictus tripartitus","Foeniculum vulgare",1,1,1,1,1,1,1,1,1,1,1,1,0,0,0,0,1,1,1,1,1,0,0,0
"290077",81,14,1,1,NA,"Halictus tripartitus","Lomatium utriculatum",1,1,1,1,1,1,1,1,1,1,1,1,0,0,1,1,0,0,0,0,0,0,0,0
"290125",81,18,1,1,NA,"Halictus tripartitus","Achillea millefolium",1,1,1,1,1,1,1,1,1,1,1,1,0,0,0,1,1,1,1,1,0,0,0,0
"290134",81,18,10,1,NA,"Halictus tripartitus","Achillea millefolium",1,1,1,1,1,1,1,1,1,1,1,1,0,0,0,1,1,1,1,1,0,0,0,0
"290216",81,25,8,1,NA,"Halictus tripartitus","Baccharis pilularis",1,1,1,1,1,1,1,1,1,1,1,1,1,0,0,0,0,0,0,0,0,1,1,1
"290217",81,25,9,1,NA,"Halictus tripartitus","Baccharis pilularis",1,1,1,1,1,1,1,1,1,1,1,1,1,0,0,0,0,0,0,0,0,1,1,1
"290224",81,26,4,1,NA,"Halictus tripartitus","Baccharis salicifolia",1,1,1,1,1,1,1,1,1,1,1,1,0,0,0,0,1,1,0,0,0,0,0,0
"290245",81,28,1,1,NA,"Halictus tripartitus","Carduus pycnocephalus",1,1,1,1,1,1,1,1,1,1,1,1,0,1,1,1,1,1,0,0,0,0,0,0
"290251",81,28,7,1,NA,"Halictus tripartitus","Carduus pycnocephalus",1,1,1,1,1,1,1,1,1,1,1,1,0,1,1,1,1,1,0,0,0,0,0,0
"290301",81,32,9,1,NA,"Halictus tripartitus","Cichorium intybus",1,1,1,1,1,1,1,1,1,1,1,1,0,0,0,0,0,0,1,1,0,0,0,0
"290318",81,34,2,1,NA,"Halictus tripartitus","Cirsium vulgare",1,1,1,1,1,1,1,1,1,1,1,1,0,0,0,0,0,1,1,1,1,0,0,0
"290321",81,34,5,1,NA,"Halictus tripartitus","Cirsium vulgare",1,1,1,1,1,1,1,1,1,1,1,1,0,0,0,0,0,1,1,1,1,0,0,0
"290333",81,35,5,1,NA,"Halictus tripartitus","Corethrogyne filaginifolia",1,1,1,1,1,1,1,1,1,1,1,1,0,0,0,0,0,1,1,1,1,1,0,0
"290381",81,39,5,1,NA,"Halictus tripartitus","Erigeron bonariensis",1,1,1,1,1,1,1,1,1,1,1,1,0,0,0,0,0,1,1,1,0,0,0,0
"290389",81,40,1,1,NA,"Halictus tripartitus","Erigeron canadensis",1,1,1,1,1,1,1,1,1,1,1,1,0,0,0,0,0,1,1,1,1,0,0,0
"290393",81,40,5,1,NA,"Halictus tripartitus","Erigeron canadensis",1,1,1,1,1,1,1,1,1,1,1,1,0,0,0,0,0,1,1,1,1,0,0,0
"290448",81,44,12,1,NA,"Halictus tripartitus","Eriophyllum confertiflorum",1,1,1,1,1,1,1,1,1,1,1,1,0,0,0,1,1,1,1,1,0,0,0,0
"290493",81,48,9,1,NA,"Halictus tripartitus","Helianthus annuus",1,1,1,1,1,1,1,1,1,1,1,1,0,0,0,0,0,1,1,1,0,0,0,0
"290497",81,49,1,1,NA,"Halictus tripartitus","Helminthotheca echioides",1,1,1,1,1,1,1,1,1,1,1,1,0,0,0,0,0,1,1,1,1,1,1,1
"290501",81,49,5,1,NA,"Halictus tripartitus","Helminthotheca echioides",1,1,1,1,1,1,1,1,1,1,1,1,0,0,0,0,0,1,1,1,1,1,1,1
"290528",81,51,8,1,NA,"Halictus tripartitus","Hypochaeris glabra",1,1,1,1,1,1,1,1,1,1,1,1,0,0,1,1,1,1,0,0,0,0,0,0
"290765",81,71,5,1,NA,"Halictus tripartitus","Solidago velutina",1,1,1,1,1,1,1,1,1,1,1,1,0,0,0,0,0,0,1,1,1,1,0,0
"290801",81,74,5,1,NA,"Halictus tripartitus","Stephanomeria diegensis",1,1,1,1,1,1,1,1,1,1,1,1,0,0,0,0,0,0,0,1,1,1,1,0
"290842",81,77,10,1,NA,"Halictus tripartitus","Symphyotrichum chilense",1,1,1,1,1,1,1,1,1,1,1,1,0,0,0,0,0,0,1,1,0,0,0,0
"291176",81,105,8,1,NA,"Halictus tripartitus","Symphoricarpos mollis",1,1,1,1,1,1,1,1,1,1,1,1,0,0,0,1,1,1,1,0,0,0,0,0
"291246",81,111,6,1,NA,"Halictus tripartitus","Atriplex lentiformis",1,1,1,1,1,1,1,1,1,1,1,1,0,0,0,0,0,0,0,0,0,0,0,0
"291247",81,111,7,1,NA,"Halictus tripartitus","Atriplex lentiformis",1,1,1,1,1,1,1,1,1,1,1,1,0,0,0,0,0,0,0,0,0,0,0,0
"291322",81,117,10,1,NA,"Halictus tripartitus","Convolvulus arvensis",1,1,1,1,1,1,1,1,1,1,1,1,0,0,0,1,1,1,1,1,1,0,0,0
"291323",81,117,11,1,NA,"Halictus tripartitus","Convolvulus arvensis",1,1,1,1,1,1,1,1,1,1,1,1,0,0,0,1,1,1,1,1,1,0,0,0
"291324",81,117,12,1,NA,"Halictus tripartitus","Convolvulus arvensis",1,1,1,1,1,1,1,1,1,1,1,1,0,0,0,1,1,1,1,1,1,0,0,0
"291578",81,139,2,1,NA,"Halictus tripartitus","Lupinus bicolor",1,1,1,1,1,1,1,1,1,1,1,1,0,0,1,1,1,1,0,0,0,0,0,0
"291655",81,145,7,1,NA,"Halictus tripartitus","Medicago polymorpha",1,1,1,1,1,1,1,1,1,1,1,1,0,1,1,1,1,1,0,0,0,0,0,0
"291665",81,146,5,1,NA,"Halictus tripartitus","Medicago sativa",1,1,1,1,1,1,1,1,1,1,1,1,0,0,0,0,0,1,1,1,0,0,0,0
"291844",81,161,4,1,NA,"Halictus tripartitus","Vicia sativa",1,1,1,1,1,1,1,1,1,1,1,1,0,1,1,0,0,0,0,0,0,0,0,0
"291985",81,173,1,1,NA,"Halictus tripartitus","Geranium molle",1,1,1,1,1,1,1,1,1,1,1,1,0,1,1,1,1,1,1,0,0,0,0,0
"292015",81,175,7,1,NA,"Halictus tripartitus","Heliotropium curassavicum",1,1,1,1,1,1,1,1,1,1,1,1,0,0,0,0,1,1,0,0,0,0,0,0
"292016",81,175,8,1,NA,"Halictus tripartitus","Heliotropium curassavicum",1,1,1,1,1,1,1,1,1,1,1,1,0,0,0,0,1,1,0,0,0,0,0,0
"292108",81,183,4,1,NA,"Halictus tripartitus","Marrubium vulgare",1,1,1,1,1,1,1,1,1,1,1,1,0,0,0,0,1,1,1,1,0,0,0,0
"292201",81,191,1,1,NA,"Halictus tripartitus","Malacothamnus fasciculatus",1,1,1,1,1,1,1,1,1,1,1,1,0,0,0,1,1,1,1,0,0,0,0,0
"292245",81,194,9,1,NA,"Halictus tripartitus","Sidalcea malviflora",1,1,1,1,1,1,1,1,1,1,1,1,0,0,0,0,1,1,1,1,0,0,0,0
"292409",81,208,5,1,NA,"Halictus tripartitus","Clarkia unguiculata",1,1,1,1,1,1,1,1,1,1,1,1,0,0,0,0,0,1,1,1,1,0,0,0
"292441",81,211,1,1,NA,"Halictus tripartitus","Epilobium ciliatum",1,1,1,1,1,1,1,1,1,1,1,1,0,0,0,0,0,1,1,1,1,0,0,0
"292479",81,214,3,1,NA,"Halictus tripartitus","Oenothera elata",1,1,1,1,1,1,1,1,1,1,1,1,0,0,0,0,0,1,1,1,1,0,0,0
"292573",81,222,1,1,NA,"Halictus tripartitus","Eschscholzia californica",1,1,1,1,1,1,1,1,1,1,1,1,0,1,1,1,1,1,1,1,1,0,0,0
"292582",81,222,10,1,NA,"Halictus tripartitus","Eschscholzia californica",1,1,1,1,1,1,1,1,1,1,1,1,0,1,1,1,1,1,1,1,1,0,0,0
"292583",81,222,11,1,NA,"Halictus tripartitus","Eschscholzia californica",1,1,1,1,1,1,1,1,1,1,1,1,0,1,1,1,1,1,1,1,1,0,0,0
"292584",81,222,12,1,NA,"Halictus tripartitus","Eschscholzia californica",1,1,1,1,1,1,1,1,1,1,1,1,0,1,1,1,1,1,1,1,1,0,0,0
"292742",81,236,2,1,NA,"Halictus tripartitus","Eriogonum giganteum",1,1,1,1,1,1,1,1,1,1,1,1,0,0,1,1,1,1,1,1,1,1,0,0
"292836",81,243,12,1,NA,"Halictus tripartitus","Ranunculus californicus",1,1,1,1,1,1,1,1,1,1,1,1,0,1,1,1,1,0,0,0,0,0,0,0
"292841",81,244,5,1,NA,"Halictus tripartitus","Ceanothus arboreus",1,1,1,1,1,1,1,1,1,1,1,1,0,1,1,1,0,0,0,0,0,0,0,0
"292854",81,245,6,1,NA,"Halictus tripartitus","Frangula californica",1,1,1,1,1,1,1,1,1,1,1,1,0,0,0,1,1,0,0,0,0,0,0,0
"292877",81,247,5,1,NA,"Halictus tripartitus","Heteromeles arbutifolia",1,1,1,1,1,1,1,1,1,1,1,1,0,0,0,0,0,1,1,1,0,0,0,0
"292882",81,247,10,1,NA,"Halictus tripartitus","Heteromeles arbutifolia",1,1,1,1,1,1,1,1,1,1,1,1,0,0,0,0,0,1,1,1,0,0,0,0
"292883",81,247,11,1,NA,"Halictus tripartitus","Heteromeles arbutifolia",1,1,1,1,1,1,1,1,1,1,1,1,0,0,0,0,0,1,1,1,0,0,0,0
"292924",81,251,4,1,NA,"Halictus tripartitus","Prunus ilicifolia",1,1,1,1,1,1,1,1,1,1,1,1,0,0,0,0,1,1,0,0,0,0,0,0
"292997",81,257,5,1,NA,"Halictus tripartitus","Salix exigua",1,1,1,1,1,1,1,1,1,1,1,1,0,1,1,1,0,0,0,0,0,0,0,0
"293193",81,273,9,1,NA,"Halictus tripartitus","Phyla nodiflora",1,1,1,1,1,1,1,1,1,1,1,1,0,0,0,0,1,1,0,0,0,0,0,0
"293267",81,279,11,1,NA,"Halictus tripartitus","Sisyrinchium bellum",1,1,1,1,1,1,1,1,1,1,1,1,0,0,1,1,1,0,0,0,0,0,0,0
"293324",81,284,8,1,NA,"Halictus tripartitus","Dipterostemon capitatus",1,1,1,1,1,1,1,1,1,1,1,1,0,1,1,1,0,0,0,0,0,0,0,0
"293326",81,284,10,1,NA,"Halictus tripartitus","Dipterostemon capitatus",1,1,1,1,1,1,1,1,1,1,1,1,0,1,1,1,0,0,0,0,0,0,0,0
"293329",81,285,1,1,NA,"Halictus tripartitus","Triteleia hyacinthina",1,1,1,1,1,1,1,1,1,1,1,1,0,0,0,1,1,1,0,0,0,0,0,0
"293368",81,288,4,1,NA,"Halictus tripartitus","Adenostoma fasciculatum",1,1,1,1,1,1,1,1,1,1,1,1,0,0,0,0,0,1,1,1,0,0,0,0
"293449",81,295,1,1,NA,"Halictus tripartitus","Isocoma menziesii",1,1,1,1,1,1,1,1,1,1,1,1,0,0,0,1,1,1,1,1,1,1,1,0
"293450",81,295,2,1,NA,"Halictus tripartitus","Isocoma menziesii",1,1,1,1,1,1,1,1,1,1,1,1,0,0,0,1,1,1,1,1,1,1,1,0
"293516",81,300,8,1,NA,"Halictus tripartitus","Raphanus raphanistrum",1,1,1,1,1,1,1,1,1,1,1,1,1,1,1,1,1,1,1,0,0,0,0,1
"293755",82,18,7,1,NA,"Lasioglossum albohirtum","Achillea millefolium",0,0,0,0,1,0,0,0,0,0,0,0,0,0,0,1,1,1,1,1,0,0,0,0
"293852",82,26,8,1,NA,"Lasioglossum albohirtum","Baccharis salicifolia",0,0,0,0,1,0,0,0,0,0,0,0,0,0,0,0,1,1,0,0,0,0,0,0
"293948",82,34,8,1,NA,"Lasioglossum albohirtum","Cirsium vulgare",0,0,0,0,1,0,0,0,0,0,0,0,0,0,0,0,0,1,1,1,1,0,0,0
"294116",82,48,8,1,NA,"Lasioglossum albohirtum","Helianthus annuus",0,0,0,0,1,0,0,0,0,0,0,0,0,0,0,0,0,1,1,1,0,0,0,0
"295303",82,147,7,1,NA,"Lasioglossum albohirtum","Melilotus albus",0,0,0,0,1,0,0,0,0,0,0,0,0,0,0,0,1,1,1,1,1,0,0,0
"295304",82,147,8,1,NA,"Lasioglossum albohirtum","Melilotus albus",0,0,0,0,1,0,0,0,0,0,0,0,0,0,0,0,1,1,1,1,1,0,0,0
"295305",82,147,9,1,NA,"Lasioglossum albohirtum","Melilotus albus",0,0,0,0,1,0,0,0,0,0,0,0,0,0,0,0,1,1,1,1,1,0,0,0
"296620",82,257,4,1,NA,"Lasioglossum albohirtum","Salix exigua",0,0,0,0,1,0,0,0,0,0,0,0,0,1,1,1,0,0,0,0,0,0,0,0
"296621",82,257,5,1,NA,"Lasioglossum albohirtum","Salix exigua",0,0,0,0,1,0,0,0,0,0,0,0,0,1,1,1,0,0,0,0,0,0,0,0
"300124",83,247,4,1,NA,"Lasioglossum argemonis","Heteromeles arbutifolia",0,0,1,1,0,0,0,0,1,0,0,0,0,0,0,0,0,1,1,1,0,0,0,0
"304274",84,291,2,1,NA,"Lasioglossum avalonense","Ceanothus megacarpus",0,0,0,1,1,1,1,1,1,1,0,0,1,1,1,1,0,0,0,0,0,0,0,1
"307441",85,253,1,1,NA,"Lasioglossum brunneiventre","Rubus ursinus",0,0,0,1,1,1,1,1,1,1,1,0,0,1,1,1,1,0,0,0,0,0,0,0
"317476",88,183,4,1,NA,"Lasioglossum channelense","Marrubium vulgare",0,0,1,1,1,1,1,1,1,1,0,0,0,0,0,0,1,1,1,1,0,0,0,0
"320238",89,111,6,1,NA,"Lasioglossum diversopunctatum","Atriplex lentiformis",0,0,0,1,1,1,1,1,1,1,1,0,0,0,0,0,0,0,0,0,0,0,0,0
"320239",89,111,7,1,NA,"Lasioglossum diversopunctatum","Atriplex lentiformis",0,0,0,1,1,1,1,1,1,1,1,0,0,0,0,0,0,0,0,0,0,0,0,0
"320240",89,111,8,1,NA,"Lasioglossum diversopunctatum","Atriplex lentiformis",0,0,0,1,1,1,1,1,1,1,1,0,0,0,0,0,0,0,0,0,0,0,0,0
"321008",89,175,8,1,NA,"Lasioglossum diversopunctatum","Heliotropium curassavicum",0,0,0,1,1,1,1,1,1,1,1,0,0,0,0,0,1,1,0,0,0,0,0,0
"326467",91,26,7,1,NA,"Lasioglossum hyalinum","Baccharis salicifolia",0,1,1,1,1,1,1,1,1,0,0,0,0,0,0,0,1,1,0,0,0,0,0,0
"326468",91,26,8,1,NA,"Lasioglossum hyalinum","Baccharis salicifolia",0,1,1,1,1,1,1,1,1,0,0,0,0,0,0,0,1,1,0,0,0,0,0,0
"329941",92,14,1,1,NA,"Lasioglossum incompletum","Lomatium utriculatum",0,1,1,1,1,1,1,1,1,1,1,0,0,0,1,1,0,0,0,0,0,0,0,0
"329989",92,18,1,1,NA,"Lasioglossum incompletum","Achillea millefolium",0,1,1,1,1,1,1,1,1,1,1,0,0,0,0,1,1,1,1,1,0,0,0,0
"330184",92,34,4,1,NA,"Lasioglossum incompletum","Cirsium vulgare",0,1,1,1,1,1,1,1,1,1,1,0,0,0,0,0,0,1,1,1,1,0,0,0
"330257",92,40,5,1,NA,"Lasioglossum incompletum","Erigeron canadensis",0,1,1,1,1,1,1,1,1,1,1,0,0,0,0,0,0,1,1,1,1,0,0,0
"330365",92,49,5,1,NA,"Lasioglossum incompletum","Helminthotheca echioides",0,1,1,1,1,1,1,1,1,1,1,0,0,0,0,0,0,1,1,1,1,1,1,1
"330481",92,59,1,1,NA,"Lasioglossum incompletum","Madia gracilis",0,1,1,1,1,1,1,1,1,1,1,0,0,0,0,1,1,1,1,0,0,0,0,0
"330733",92,80,1,1,NA,"Lasioglossum incompletum","Taraxacum officinale",0,1,1,1,1,1,1,1,1,1,1,0,0,1,1,0,0,0,0,0,0,0,0,0
"331110",92,111,6,1,NA,"Lasioglossum incompletum","Atriplex lentiformis",0,1,1,1,1,1,1,1,1,1,1,0,0,0,0,0,0,0,0,0,0,0,0,0
"331111",92,111,7,1,NA,"Lasioglossum incompletum","Atriplex lentiformis",0,1,1,1,1,1,1,1,1,1,1,0,0,0,0,0,0,0,0,0,0,0,0,0
"331112",92,111,8,1,NA,"Lasioglossum incompletum","Atriplex lentiformis",0,1,1,1,1,1,1,1,1,1,1,0,0,0,0,0,0,0,0,0,0,0,0,0
"331837",92,172,1,1,NA,"Lasioglossum incompletum","Geranium dissectum",0,1,1,1,1,1,1,1,1,1,1,0,0,0,1,1,1,1,1,1,1,1,0,0
"331849",92,173,1,1,NA,"Lasioglossum incompletum","Geranium molle",0,1,1,1,1,1,1,1,1,1,1,0,0,1,1,1,1,1,1,0,0,0,0,0
"331880",92,175,8,1,NA,"Lasioglossum incompletum","Heliotropium curassavicum",0,1,1,1,1,1,1,1,1,1,1,0,0,0,0,0,1,1,0,0,0,0,0,0
"331972",92,183,4,1,NA,"Lasioglossum incompletum","Marrubium vulgare",0,1,1,1,1,1,1,1,1,1,1,0,0,0,0,0,1,1,1,1,0,0,0,0
"332111",92,194,11,1,NA,"Lasioglossum incompletum","Sidalcea malviflora",0,1,1,1,1,1,1,1,1,1,1,0,0,0,0,0,1,1,1,1,0,0,0,0
"332257",92,207,1,1,NA,"Lasioglossum incompletum","Clarkia purpurea",0,1,1,1,1,1,1,1,1,1,1,0,0,0,0,1,1,1,1,0,0,0,0,0
"332299",92,210,7,1,NA,"Lasioglossum incompletum","Epilobium canum",0,1,1,1,1,1,1,1,1,1,1,0,0,0,0,0,0,0,0,1,1,1,0,0
"332741",92,247,5,1,NA,"Lasioglossum incompletum","Heteromeles arbutifolia",0,1,1,1,1,1,1,1,1,1,1,0,0,0,0,0,0,1,1,1,0,0,0,0
"333163",92,282,7,1,NA,"Lasioglossum incompletum","Calochortus luteus",0,1,1,1,1,1,1,1,1,1,1,0,0,0,0,0,1,1,0,0,0,0,0,0
"333193",92,285,1,1,NA,"Lasioglossum incompletum","Triteleia hyacinthina",0,1,1,1,1,1,1,1,1,1,1,0,0,0,0,1,1,1,0,0,0,0,0,0
"333380",92,300,8,1,NA,"Lasioglossum incompletum","Raphanus raphanistrum",0,1,1,1,1,1,1,1,1,1,1,0,1,1,1,1,1,1,1,0,0,0,0,1
"333911",93,42,11,1,NA,"Lasioglossum kincaidii","Erigeron glaucus",0,0,1,1,1,1,1,1,1,1,0,0,1,1,1,1,1,1,1,1,0,0,0,0
"337237",94,18,1,1,NA,"Lasioglossum mellipes","Achillea millefolium",0,1,1,1,1,1,1,1,1,1,1,0,0,0,0,1,1,1,1,1,0,0,0,0
"337600",94,48,4,1,NA,"Lasioglossum mellipes","Helianthus annuus",0,1,1,1,1,1,1,1,1,1,1,0,0,0,0,0,0,1,1,1,0,0,0,0
"340441",94,285,1,1,NA,"Lasioglossum mellipes","Triteleia hyacinthina",0,1,1,1,1,1,1,1,1,1,1,0,0,0,0,1,1,1,0,0,0,0,0,0
"340953",95,25,9,1,NA,"Lasioglossum microlepoides","Baccharis pilularis",0,0,1,1,1,1,1,1,1,1,1,0,1,0,0,0,0,0,0,0,0,1,1,1
"348061",97,14,1,1,NA,"Lasioglossum nevadense","Lomatium utriculatum",0,1,1,1,1,1,1,1,1,1,0,0,0,0,1,1,0,0,0,0,0,0,0,0
"348109",97,18,1,1,NA,"Lasioglossum nevadense","Achillea millefolium",0,1,1,1,1,1,1,1,1,1,0,0,0,0,0,1,1,1,1,1,0,0,0,0
"348211",97,26,7,1,NA,"Lasioglossum nevadense","Baccharis salicifolia",0,1,1,1,1,1,1,1,1,1,0,0,0,0,0,0,1,1,0,0,0,0,0,0
"348212",97,26,8,1,NA,"Lasioglossum nevadense","Baccharis salicifolia",0,1,1,1,1,1,1,1,1,1,0,0,0,0,0,0,1,1,0,0,0,0,0,0
"348505",97,51,1,1,NA,"Lasioglossum nevadense","Hypochaeris glabra",0,1,1,1,1,1,1,1,1,1,0,0,0,0,1,1,1,1,0,0,0,0,0,0
"348985",97,91,1,1,NA,"Lasioglossum nevadense","Capsella bursa-pastoris",0,1,1,1,1,1,1,1,1,1,0,0,1,1,1,1,1,1,1,1,1,1,1,1
"349333",97,120,1,1,NA,"Lasioglossum nevadense","Arbutus menziesii",0,1,1,1,1,1,1,1,1,1,0,0,0,0,0,1,1,0,0,0,0,0,0,0
"349969",97,173,1,1,NA,"Lasioglossum nevadense","Geranium molle",0,1,1,1,1,1,1,1,1,1,0,0,0,1,1,1,1,1,1,0,0,0,0,0
"350869",97,248,1,1,NA,"Lasioglossum nevadense","Holodiscus discolor",0,1,1,1,1,1,1,1,1,1,0,0,0,0,0,0,1,1,1,0,0,0,0,0
"350929",97,253,1,1,NA,"Lasioglossum nevadense","Rubus ursinus",0,1,1,1,1,1,1,1,1,1,0,0,0,1,1,1,1,0,0,0,0,0,0,0
"350981",97,257,5,1,NA,"Lasioglossum nevadense","Salix exigua",0,1,1,1,1,1,1,1,1,1,0,0,0,1,1,1,0,0,0,0,0,0,0,0
"350982",97,257,6,1,NA,"Lasioglossum nevadense","Salix exigua",0,1,1,1,1,1,1,1,1,1,0,0,0,1,1,1,0,0,0,0,0,0,0,0
"356101",99,80,1,1,NA,"Lasioglossum ovaliceps","Taraxacum officinale",0,0,0,1,1,1,0,0,0,1,0,0,0,1,1,0,0,0,0,0,0,0,0,0
"356403",99,105,3,1,NA,"Lasioglossum ovaliceps","Symphoricarpos mollis",0,0,0,1,1,1,0,0,0,1,0,0,0,0,0,1,1,1,1,0,0,0,0,0
"357217",99,173,1,1,NA,"Lasioglossum ovaliceps","Geranium molle",0,0,0,1,1,1,0,0,0,1,0,0,0,1,1,1,1,1,1,0,0,0,0,0
"357724",99,215,4,1,NA,"Lasioglossum ovaliceps","Castilleja affinis",0,0,0,1,1,1,0,0,0,1,0,0,0,0,0,0,0,1,0,0,0,0,0,0
"357942",99,233,6,1,NA,"Lasioglossum ovaliceps","Gilia capitata",0,0,0,1,1,1,0,0,0,1,0,0,0,1,1,1,0,0,0,0,0,0,0,0
"358229",99,257,5,1,NA,"Lasioglossum ovaliceps","Salix exigua",0,0,0,1,1,1,0,0,0,1,0,0,0,1,1,1,0,0,0,0,0,0,0,0
"362605",101,18,1,1,NA,"Lasioglossum punctatoventre","Achillea millefolium",0,0,1,1,1,1,0,0,0,0,0,0,0,0,0,1,1,1,1,1,0,0,0,0
"365425",101,253,1,1,NA,"Lasioglossum punctatoventre","Rubus ursinus",0,0,1,1,1,1,0,0,0,0,0,0,0,1,1,1,1,0,0,0,0,0,0,0
"366380",102,30,8,1,NA,"Lasioglossum tegulare","Centaurea solstitialis",0,1,1,1,1,1,1,0,0,0,0,0,0,0,0,1,1,1,1,1,1,0,0,0
"366428",102,34,8,1,NA,"Lasioglossum tegulare","Cirsium vulgare",0,1,1,1,1,1,1,0,0,0,0,0,0,0,0,0,0,1,1,1,1,0,0,0
"366485",102,39,5,1,NA,"Lasioglossum tegulare","Erigeron bonariensis",0,1,1,1,1,1,1,0,0,0,0,0,0,0,0,0,0,1,1,1,0,0,0,0
"366497",102,40,5,1,NA,"Lasioglossum tegulare","Erigeron canadensis",0,1,1,1,1,1,1,0,0,0,0,0,0,0,0,0,0,1,1,1,1,0,0,0
"366945",102,77,9,1,NA,"Lasioglossum tegulare","Symphyotrichum chilense",0,1,1,1,1,1,1,0,0,0,0,0,0,0,0,0,0,0,1,1,0,0,0,0
"367351",102,111,7,1,NA,"Lasioglossum tegulare","Atriplex lentiformis",0,1,1,1,1,1,1,0,0,0,0,0,0,0,0,0,0,0,0,0,0,0,0,0
"367424",102,117,8,1,NA,"Lasioglossum tegulare","Convolvulus arvensis",0,1,1,1,1,1,1,0,0,0,0,0,0,0,0,1,1,1,1,1,1,0,0,0
"367532",102,126,8,1,NA,"Lasioglossum tegulare","Euphorbia peplus",0,1,1,1,1,1,1,0,0,0,0,0,0,1,1,1,1,1,1,1,0,0,0,0
"367760",102,145,8,1,NA,"Lasioglossum tegulare","Medicago polymorpha",0,1,1,1,1,1,1,0,0,0,0,0,0,1,1,1,1,1,0,0,0,0,0,0
"367784",102,147,8,1,NA,"Lasioglossum tegulare","Melilotus albus",0,1,1,1,1,1,1,0,0,0,0,0,0,0,0,0,1,1,1,1,1,0,0,0
"368912",102,241,8,1,NA,"Lasioglossum tegulare","Portulaca oleracea",0,1,1,1,1,1,1,0,0,0,0,0,0,0,0,0,1,1,1,1,1,0,0,0
"369040",102,252,4,1,NA,"Lasioglossum tegulare","Rosa californica",0,1,1,1,1,1,1,0,0,0,0,0,0,0,0,0,1,1,1,1,0,0,0,0
"369101",102,257,5,1,NA,"Lasioglossum tegulare","Salix exigua",0,1,1,1,1,1,1,0,0,0,0,0,0,1,1,1,0,0,0,0,0,0,0,0
"369102",102,257,6,1,NA,"Lasioglossum tegulare","Salix exigua",0,1,1,1,1,1,1,0,0,0,0,0,0,1,1,1,0,0,0,0,0,0,0,0
"369805",103,14,1,1,NA,"Lasioglossum titusi","Lomatium utriculatum",1,1,1,1,1,1,1,1,1,1,1,1,0,0,1,1,0,0,0,0,0,0,0,0
"370229",103,49,5,1,NA,"Lasioglossum titusi","Helminthotheca echioides",1,1,1,1,1,1,1,1,1,1,1,1,0,0,0,0,0,1,1,1,1,1,1,1
"370309",103,56,1,1,NA,"Lasioglossum titusi","Layia platyglossa",1,1,1,1,1,1,1,1,1,1,1,1,0,1,1,1,1,0,0,0,0,0,0,0
"370345",103,59,1,1,NA,"Lasioglossum titusi","Madia gracilis",1,1,1,1,1,1,1,1,1,1,1,1,0,0,0,1,1,1,1,0,0,0,0,0
"370373",103,61,5,1,NA,"Lasioglossum titusi","Malacothrix saxatilis",1,1,1,1,1,1,1,1,1,1,1,1,0,0,0,0,0,1,1,1,1,1,1,1
"370597",103,80,1,1,NA,"Lasioglossum titusi","Taraxacum officinale",1,1,1,1,1,1,1,1,1,1,1,1,0,1,1,0,0,0,0,0,0,0,0,0
"370611",103,81,3,1,NA,"Lasioglossum titusi","Tragopogon porrifolius",1,1,1,1,1,1,1,1,1,1,1,1,0,0,0,1,1,0,0,0,0,0,0,0
"371701",103,172,1,1,NA,"Lasioglossum titusi","Geranium dissectum",1,1,1,1,1,1,1,1,1,1,1,1,0,0,1,1,1,1,1,1,1,1,0,0
"371967",103,194,3,1,NA,"Lasioglossum titusi","Sidalcea malviflora",1,1,1,1,1,1,1,1,1,1,1,1,0,0,0,0,1,1,1,1,0,0,0,0
"371968",103,194,4,1,NA,"Lasioglossum titusi","Sidalcea malviflora",1,1,1,1,1,1,1,1,1,1,1,1,0,0,0,0,1,1,1,1,0,0,0,0
"372605",103,247,5,1,NA,"Lasioglossum titusi","Heteromeles arbutifolia",1,1,1,1,1,1,1,1,1,1,1,1,0,0,0,0,0,1,1,1,0,0,0,0
"381093",106,48,9,1,NA,"Anthidium maculosum","Helianthus annuus",0,0,0,1,1,1,1,1,1,1,1,0,0,0,0,0,0,1,1,1,0,0,0,0
"384073",106,297,1,1,NA,"Anthidium maculosum","Lupinus albifrons",0,0,0,1,1,1,1,1,1,1,1,0,0,0,0,1,1,1,1,0,0,0,0,0
"387221",107,257,5,1,NA,"Ashmeadiella cactorum","Salix exigua",0,0,0,1,1,1,1,1,1,0,0,0,0,1,1,1,0,0,0,0,0,0,0,0
"392285",109,75,5,1,NA,"Ashmeadiella cubiceps","Stephanomeria exigua",0,0,0,1,1,1,1,1,0,0,0,0,0,0,0,0,0,1,1,1,1,1,1,0
"411145",114,137,1,1,NA,"Coelioxys octodentatus","Lotus corniculatus",0,0,0,0,1,1,1,1,1,1,1,0,0,0,0,0,1,1,1,0,0,0,0,0
"411609",114,175,9,1,NA,"Coelioxys octodentatus","Heliotropium curassavicum",0,0,0,0,1,1,1,1,1,1,1,0,0,0,0,0,1,1,0,0,0,0,0,0
"414532",115,117,4,1,NA,"Dioxys productus","Convolvulus arvensis",0,0,0,0,0,0,0,0,0,0,0,0,0,0,0,1,1,1,1,1,1,0,0,0
"418328",116,131,8,1,NA,"Megachile angelarum","Acmispon micranthus",0,0,0,1,1,1,1,1,1,1,0,0,0,0,1,1,1,1,0,0,0,0,0,0
"418329",116,131,9,1,NA,"Megachile angelarum","Acmispon micranthus",0,0,0,1,1,1,1,1,1,1,0,0,0,0,1,1,1,1,0,0,0,0,0,0
"418400",116,137,8,1,NA,"Megachile angelarum","Lotus corniculatus",0,0,0,1,1,1,1,1,1,1,0,0,0,0,0,0,1,1,1,0,0,0,0,0
"418638",116,157,6,1,NA,"Megachile angelarum","Trifolium willdenovii",0,0,0,1,1,1,1,1,1,1,0,0,0,0,0,1,1,0,0,0,0,0,0,0
"419717",116,247,5,1,NA,"Megachile angelarum","Heteromeles arbutifolia",0,0,0,1,1,1,1,1,1,1,0,0,0,0,0,0,0,1,1,1,0,0,0,0
"420721",117,29,1,1,NA,"Megachile apicalis","Centaurea melitensis",0,0,0,1,1,1,1,1,1,1,0,0,0,0,0,1,1,1,1,1,0,0,0,0
"420733",117,30,1,1,NA,"Megachile apicalis","Centaurea solstitialis",0,0,0,1,1,1,1,1,1,1,0,0,0,0,0,1,1,1,1,1,1,0,0,0
"424581",118,48,9,1,NA,"Megachile brevis","Helianthus annuus",0,0,1,1,1,1,1,1,1,1,0,0,0,0,0,0,0,1,1,1,0,0,0,0
"425641",118,137,1,1,NA,"Megachile brevis","Lotus corniculatus",0,0,1,1,1,1,1,1,1,1,0,0,0,0,0,0,1,1,1,0,0,0,0,0
"425648",118,137,8,1,NA,"Megachile brevis","Lotus corniculatus",0,0,1,1,1,1,1,1,1,1,0,0,0,0,0,0,1,1,1,0,0,0,0,0
"425749",118,146,1,1,NA,"Megachile brevis","Medicago sativa",0,0,1,1,1,1,1,1,1,1,0,0,0,0,0,0,0,1,1,1,0,0,0,0
"425761",118,147,1,1,NA,"Megachile brevis","Melilotus albus",0,0,1,1,1,1,1,1,1,1,0,0,0,0,0,0,1,1,1,1,1,0,0,0
"427273",118,273,1,1,NA,"Megachile brevis","Phyla nodiflora",0,0,1,1,1,1,1,1,1,1,0,0,0,0,0,0,1,1,0,0,0,0,0,0
"427280",118,273,8,1,NA,"Megachile brevis","Phyla nodiflora",0,0,1,1,1,1,1,1,1,1,0,0,0,0,0,0,1,1,0,0,0,0,0,0
"427561",118,297,1,1,NA,"Megachile brevis","Lupinus albifrons",0,0,1,1,1,1,1,1,1,1,0,0,0,0,0,1,1,1,1,0,0,0,0,0
"427990",119,30,10,1,NA,"Megachile coquilletti","Centaurea solstitialis",0,0,1,1,1,1,1,1,1,1,0,0,0,0,0,1,1,1,1,1,1,0,0,0
"429164",119,128,8,1,NA,"Megachile coquilletti","Acmispon americanus",0,0,1,1,1,1,1,1,1,1,0,0,0,0,0,1,1,1,1,0,0,0,0,0
"429165",119,128,9,1,NA,"Megachile coquilletti","Acmispon americanus",0,0,1,1,1,1,1,1,1,1,0,0,0,0,0,1,1,1,1,0,0,0,0,0
"430589",119,247,5,1,NA,"Megachile coquilletti","Heteromeles arbutifolia",0,0,1,1,1,1,1,1,1,1,0,0,0,0,0,0,0,1,1,1,0,0,0,0
"431185",119,297,1,1,NA,"Megachile coquilletti","Lupinus albifrons",0,0,1,1,1,1,1,1,1,1,0,0,0,0,0,1,1,1,1,0,0,0,0,0
"431469",120,18,9,1,NA,"Megachile fidelis","Achillea millefolium",0,0,0,0,1,1,1,1,1,1,0,0,0,0,0,1,1,1,1,1,0,0,0,0
"431836",120,49,4,1,NA,"Megachile fidelis","Helminthotheca echioides",0,0,0,0,1,1,1,1,1,1,0,0,0,0,0,0,0,1,1,1,1,1,1,1
"432107",120,71,11,1,NA,"Megachile fidelis","Solidago velutina",0,0,0,0,1,1,1,1,1,1,0,0,0,0,0,0,0,0,1,1,1,1,0,0
"432178",120,77,10,1,NA,"Megachile fidelis","Symphyotrichum chilense",0,0,0,0,1,1,1,1,1,1,0,0,0,0,0,0,0,0,1,1,0,0,0,0
"433351",120,175,7,1,NA,"Megachile fidelis","Heliotropium curassavicum",0,0,0,0,1,1,1,1,1,1,0,0,0,0,0,0,1,1,0,0,0,0,0,0
"435085",121,18,1,1,NA,"Megachile montivaga","Achillea millefolium",0,0,0,1,1,1,1,1,1,1,0,0,0,0,0,1,1,1,1,1,0,0,0,0
"435309",121,36,9,1,NA,"Megachile montivaga","Cynara cardunculus",0,0,0,1,1,1,1,1,1,1,0,0,0,0,0,1,1,1,1,0,0,0,0,0
"435453",121,48,9,1,NA,"Megachile montivaga","Helianthus annuus",0,0,0,1,1,1,1,1,1,1,0,0,0,0,0,0,0,1,1,1,0,0,0,0
"435611",121,61,11,1,NA,"Megachile montivaga","Malacothrix saxatilis",0,0,0,1,1,1,1,1,1,1,0,0,0,0,0,0,0,1,1,1,1,1,1,1
"439077",122,48,9,1,NA,"Megachile onobrychidis","Helianthus annuus",0,0,0,1,1,1,1,1,1,1,0,0,0,0,0,0,0,1,1,1,0,0,0,0
"440144",122,137,8,1,NA,"Megachile onobrychidis","Lotus corniculatus",0,0,0,1,1,1,1,1,1,1,0,0,0,0,0,0,1,1,1,0,0,0,0,0
"440239",122,145,7,1,NA,"Megachile onobrychidis","Medicago polymorpha",0,0,0,1,1,1,1,1,1,1,0,0,0,1,1,1,1,1,0,0,0,0,0,0
"442100",122,300,8,1,NA,"Megachile onobrychidis","Raphanus raphanistrum",0,0,0,1,1,1,1,1,1,1,0,0,1,1,1,1,1,1,1,0,0,0,0,1
"443193",123,89,9,1,NA,"Megachile rotundata","Brassica rapa",1,1,1,1,1,1,1,1,1,1,1,1,1,1,1,1,1,1,0,0,0,0,0,0
"443761",123,137,1,1,NA,"Megachile rotundata","Lotus corniculatus",1,1,1,1,1,1,1,1,1,1,1,1,0,0,0,0,1,1,1,0,0,0,0,0
"443768",123,137,8,1,NA,"Megachile rotundata","Lotus corniculatus",1,1,1,1,1,1,1,1,1,1,1,1,0,0,0,0,1,1,1,0,0,0,0,0
"443877",123,146,9,1,NA,"Megachile rotundata","Medicago sativa",1,1,1,1,1,1,1,1,1,1,1,1,0,0,0,0,0,1,1,1,0,0,0,0
"443881",123,147,1,1,NA,"Megachile rotundata","Melilotus albus",1,1,1,1,1,1,1,1,1,1,1,1,0,0,0,0,1,1,1,1,1,0,0,0
"445085",123,247,5,1,NA,"Megachile rotundata","Heteromeles arbutifolia",1,1,1,1,1,1,1,1,1,1,1,1,0,0,0,0,0,1,1,1,0,0,0,0
"445537",123,285,1,1,NA,"Megachile rotundata","Triteleia hyacinthina",1,1,1,1,1,1,1,1,1,1,1,1,0,0,0,1,1,1,0,0,0,0,0,0
"447643",124,158,7,1,NA,"Osmia albolateralis","Vicia americana",0,0,1,1,1,1,1,1,1,0,0,0,0,0,0,0,1,1,0,0,0,0,0,0
"447673",124,161,1,1,NA,"Osmia albolateralis","Vicia sativa",0,0,1,1,1,1,1,1,1,0,0,0,0,1,1,0,0,0,0,0,0,0,0,0
"447817",124,173,1,1,NA,"Osmia albolateralis","Geranium molle",0,0,1,1,1,1,1,1,1,0,0,0,0,1,1,1,1,1,1,0,0,0,0,0
"448777",124,253,1,1,NA,"Osmia albolateralis","Rubus ursinus",0,0,1,1,1,1,1,1,1,0,0,0,0,1,1,1,1,0,0,0,0,0,0,0
"466060",129,183,4,1,NA,"Osmia clarescens","Marrubium vulgare",1,1,1,1,1,1,0,0,0,0,0,0,0,0,0,0,1,1,1,1,0,0,0,0
"467701",130,18,1,1,NA,"Osmia coloradensis","Achillea millefolium",0,0,1,1,1,1,1,1,1,1,0,0,0,0,0,1,1,1,1,1,0,0,0,0
"467897",130,34,5,1,NA,"Osmia coloradensis","Cirsium vulgare",0,0,1,1,1,1,1,1,1,1,0,0,0,0,0,0,0,1,1,1,1,0,0,0
"469561",130,173,1,1,NA,"Osmia coloradensis","Geranium molle",0,0,1,1,1,1,1,1,1,1,0,0,0,1,1,1,1,1,1,0,0,0,0,0
"470573",130,257,5,1,NA,"Osmia coloradensis","Salix exigua",0,0,1,1,1,1,1,1,1,1,0,0,0,1,1,1,0,0,0,0,0,0,0,0
"473041",131,161,1,1,NA,"Osmia gabrielis","Vicia sativa",0,0,1,1,1,1,1,0,0,0,1,0,0,1,1,0,0,0,0,0,0,0,0,0
"480289",133,161,1,1,NA,"Osmia kincaidii","Vicia sativa",0,0,1,1,1,1,1,0,0,0,0,0,0,1,1,0,0,0,0,0,0,0,0,0
"482393",134,34,5,1,NA,"Osmia laeta","Cirsium vulgare",0,0,0,1,1,1,1,0,0,0,0,0,0,0,0,0,0,1,1,1,1,0,0,0
"487804",135,183,4,1,NA,"Osmia nemoris","Marrubium vulgare",0,0,1,1,1,1,1,1,0,0,0,0,0,0,0,0,1,1,1,1,0,0,0,0
"490189",136,80,1,1,NA,"Osmia tristella","Taraxacum officinale",0,1,1,1,1,1,1,1,0,0,0,0,0,1,1,0,0,0,0,0,0,0,0,0
"491305",136,173,1,1,NA,"Osmia tristella","Geranium molle",0,1,1,1,1,1,1,1,0,0,0,0,0,1,1,1,1,1,1,0,0,0,0,0
"492205",136,248,1,1,NA,"Osmia tristella","Holodiscus discolor",0,1,1,1,1,1,1,1,0,0,0,0,0,0,0,0,1,1,1,0,0,0,0,0
"492265",136,253,1,1,NA,"Osmia tristella","Rubus ursinus",0,1,1,1,1,1,1,1,0,0,0,0,0,1,1,1,1,0,0,0,0,0,0,0
"492649",136,285,1,1,NA,"Osmia tristella","Triteleia hyacinthina",0,1,1,1,1,1,1,1,0,0,0,0,0,0,0,1,1,1,0,0,0,0,0,0
"492937",137,7,1,1,NA,"Protosmia rubifloris","Rhus ovata",0,0,1,1,1,1,1,0,0,0,0,0,0,0,0,1,1,0,0,0,0,0,0,0
"494454",137,133,6,1,NA,"Protosmia rubifloris","Acmispon wrangelianus",0,0,1,1,1,1,1,0,0,0,0,0,0,0,1,1,0,0,0,0,0,0,0,0
"495820",137,247,4,1,NA,"Protosmia rubifloris","Heteromeles arbutifolia",0,0,1,1,1,1,1,0,0,0,0,0,0,0,0,0,0,1,1,1,0,0,0,0
"495841",137,249,1,1,NA,"Protosmia rubifloris","Lyonothamnus floribundus",0,0,1,1,1,1,1,0,0,0,0,0,0,0,0,0,1,1,1,0,0,0,0,0
"495941",137,257,5,1,NA,"Protosmia rubifloris","Salix exigua",0,0,1,1,1,1,1,0,0,0,0,0,0,1,1,1,0,0,0,0,0,0,0,0
