,sourceTaxonClassId,sourceTaxonClassName,sourceTaxonFamilyId,sourceTaxonFamilyName,sourceTaxonGenusId,sourceTaxonGenusName,sourceTaxonId,sourceTaxonIds,sourceTaxonKingdomId,sourceTaxonKingdomName,sourceTaxonName,sourceTaxonOrderId,sourceTaxonOrderName,sourceTaxonPathIds,sourceTaxonPathNames,sourceTaxonPathRankNames,sourceTaxonPhylumId,sourceTaxonPhylumName,sourceTaxonRank,sourceTaxonSpeciesId,sourceTaxonSpeciesName
204,NA,Insecta,NA,Apidae,NA,Ceratina,no:match,no:match,NA,Animalia,UMMZ | ummzi | UMMZI-99396 | 5f8e5520-5a19-4976-820d-f02b248e1b98,NA,Hymenoptera,NA,Animalia | Arthropoda | Insecta | Hymenoptera | Apidae | Ceratina | Ceratina calcarata or dupla,kingdom | phylum | class | order | family | genus | species,NA,Arthropoda,NA,NA,Ceratina calcarata or dupla
4426,NA,NA,NA,Andrenidae,NA,Pseudopanugus,no:match,no:match,NA,NA,Pseudopanugus sp. E4,NA,NA,NA,Andrenidae | Pseudopanugus | Pseudopanugus sp. E4,family | genus | species,NA,NA,NA,NA,Pseudopanugus sp. E4
4427,NA,NA,NA,Andrenidae,NA,Pseudopanugus,no:match,no:match,NA,NA,Pseudopanugus sp. E3,NA,NA,NA,Andrenidae | Pseudopanugus | Pseudopanugus sp. E3,family | genus | species,NA,NA,NA,NA,Pseudopanugus sp. E3
4440,NA,NA,NA,Andrenidae,NA,Pseudopanugus,no:match,no:match,NA,NA,Pseudopanugus sp. E2,NA,NA,NA,Andrenidae | Pseudopanugus | Pseudopanugus sp. E2,family | genus | species,NA,NA,NA,NA,Pseudopanugus sp. E2
4443,NA,NA,NA,Andrenidae,NA,Pseudopanugus,no:match,no:match,NA,NA,Pseudopanugus sp. E1,NA,NA,NA,Andrenidae | Pseudopanugus | Pseudopanugus sp. E1,family | genus | species,NA,NA,NA,NA,Pseudopanugus sp. E1
4463,NA,NA,NA,Andrenidae,NA,Pseudopanugus,no:match,no:match,NA,NA,Pseudopanugus n.sp. (aff. irregularis),NA,NA,NA,Andrenidae | Pseudopanugus | Pseudopanugus n.sp. (aff. irregularis),family | genus | species,NA,NA,NA,NA,Pseudopanugus n.sp. (aff. irregularis)
4556,NA,NA,NA,Andrenidae,NA,Pseudopanugus,no:match,no:match,NA,NA,Pseudopanugus n. sp.,NA,NA,NA,Andrenidae | Pseudopanugus | Pseudopanugus n. sp.,family | genus | species,NA,NA,NA,NA,Pseudopanugus n. sp.
6249,NA,NA,NA,Halictidae,NA,Lasioglossum,no:match,no:match,NA,NA,01_2014TX_593,NA,Hymenoptera,NA,Hymenoptera | Halictidae | Lasioglossum | Lasioglossum sp.,order | family | genus | species,NA,NA,NA,NA,Lasioglossum sp.
6251,NA,NA,NA,Megachilidae,NA,Coelioxys,no:match,no:match,NA,NA,01_2014TX_576,NA,Hymenoptera,NA,Hymenoptera | Megachilidae | Coelioxys | Coelioxys sp.,order | family | genus | species,NA,NA,NA,NA,Coelioxys sp.
6262,NA,NA,NA,Halictidae,NA,Lasioglossum,no:match,no:match,NA,NA,01_2014TX_502,NA,Hymenoptera,NA,Hymenoptera | Halictidae | Lasioglossum | Lasioglossum sp.,order | family | genus | species,NA,NA,NA,NA,Lasioglossum sp.
6263,NA,NA,NA,Andrenidae,NA,Protandrena,no:match,no:match,NA,NA,01_2014TX_501,NA,Hymenoptera,NA,Hymenoptera | Andrenidae | Protandrena | Protandrena sp.,order | family | genus | species,NA,NA,NA,NA,Protandrena sp.
6265,NA,NA,NA,Halictidae,NA,Lasioglossum,no:match,no:match,NA,NA,01_2014TX_499,NA,Hymenoptera,NA,Hymenoptera | Halictidae | Lasioglossum | Lasioglossum sp.,order | family | genus | species,NA,NA,NA,NA,Lasioglossum sp.
6266,NA,NA,NA,Andrenidae,NA,Protandrena,no:match,no:match,NA,NA,01_2014TX_489,NA,Hymenoptera,NA,Hymenoptera | Andrenidae | Protandrena | Protandrena sp.,order | family | genus | species,NA,NA,NA,NA,Protandrena sp.
6267,NA,NA,NA,Andrenidae,NA,Protandrena,no:match,no:match,NA,NA,01_2014TX_488,NA,Hymenoptera,NA,Hymenoptera | Andrenidae | Protandrena | Protandrena sp.,order | family | genus | species,NA,NA,NA,NA,Protandrena sp.
6269,NA,NA,NA,Apidae,NA,Anthophorula,no:match,no:match,NA,NA,01_2014TX_485,NA,Hymenoptera,NA,Hymenoptera | Apidae | Anthophorula | Anthophorula sp.,order | family | genus | species,NA,NA,NA,NA,Anthophorula sp.
6271,NA,NA,NA,Halictidae,NA,Lasioglossum,no:match,no:match,NA,NA,01_2014TX_424,NA,Hymenoptera,NA,Hymenoptera | Halictidae | Lasioglossum | Lasioglossum sp.,order | family | genus | species,NA,NA,NA,NA,Lasioglossum sp.
6272,NA,NA,NA,Apidae,NA,Triepeolus,no:match,no:match,NA,NA,01_2014TX_423,NA,Hymenoptera,NA,Hymenoptera | Apidae | Triepeolus | Triepeolus sp.,order | family | genus | species,NA,NA,NA,NA,Triepeolus sp.
6274,NA,NA,NA,Halictidae,NA,Lasioglossum,no:match,no:match,NA,NA,01_2014TX_421,NA,Hymenoptera,NA,Hymenoptera | Halictidae | Lasioglossum | Lasioglossum sp.,order | family | genus | species,NA,NA,NA,NA,Lasioglossum sp.
6275,NA,NA,NA,Andrenidae,NA,Perdita,no:match,no:match,NA,NA,01_2014TX_419,NA,Hymenoptera,NA,Hymenoptera | Andrenidae | Perdita | Perdita sp.,order | family | genus | species,NA,NA,NA,NA,Perdita sp.
6276,NA,NA,NA,Andrenidae,NA,Protandrena,no:match,no:match,NA,NA,01_2014TX_410,NA,Hymenoptera,NA,Hymenoptera | Andrenidae | Protandrena | Protandrena sp.,order | family | genus | species,NA,NA,NA,NA,Protandrena sp.
6278,NA,NA,NA,Andrenidae,NA,Perdita,no:match,no:match,NA,NA,01_2014TX_379,NA,Hymenoptera,NA,Hymenoptera | Andrenidae | Perdita | Perdita sp.,order | family | genus | species,NA,NA,NA,NA,Perdita sp.
6279,NA,NA,NA,Apidae,NA,Anthophorula,no:match,no:match,NA,NA,01_2014TX_365,NA,Hymenoptera,NA,Hymenoptera | Apidae | Anthophorula | Anthophorula sp.,order | family | genus | species,NA,NA,NA,NA,Anthophorula sp.
6280,NA,NA,NA,Halictidae,NA,Lasioglossum,no:match,no:match,NA,NA,01_2014TX_361,NA,Hymenoptera,NA,Hymenoptera | Halictidae | Lasioglossum | Lasioglossum sp.,order | family | genus | species,NA,NA,NA,NA,Lasioglossum sp.
6285,NA,NA,NA,Apidae,NA,Nomada,no:match,no:match,NA,NA,01_2014TX_351,NA,Hymenoptera,NA,Hymenoptera | Apidae | Nomada | Nomada sp.,order | family | genus | species,NA,NA,NA,NA,Nomada sp.
6287,NA,NA,NA,Andrenidae,NA,Protandrena,no:match,no:match,NA,NA,01_2014TX_339,NA,Hymenoptera,NA,Hymenoptera | Andrenidae | Protandrena | Protandrena sp.,order | family | genus | species,NA,NA,NA,NA,Protandrena sp.
6288,NA,NA,NA,Apidae,NA,Triepeolus,no:match,no:match,NA,NA,01_2014TX_338,NA,Hymenoptera,NA,Hymenoptera | Apidae | Triepeolus | Triepeolus sp.,order | family | genus | species,NA,NA,NA,NA,Triepeolus sp.
6348,NA,NA,NA,Halictidae,NA,Lasioglossum,no:match,no:match,NA,NA,01_2014TX_252,NA,Hymenoptera,NA,Hymenoptera | Halictidae | Lasioglossum | Lasioglossum sp.,order | family | genus | species,NA,NA,NA,NA,Lasioglossum sp.
6350,NA,NA,NA,Halictidae,NA,Lasioglossum,no:match,no:match,NA,NA,01_2014TX_242,NA,Hymenoptera,NA,Hymenoptera | Halictidae | Lasioglossum | Lasioglossum sp.,order | family | genus | species,NA,NA,NA,NA,Lasioglossum sp.
6351,NA,NA,NA,Apidae,NA,Anthophorula,no:match,no:match,NA,NA,01_2014TX_241,NA,Hymenoptera,NA,Hymenoptera | Apidae | Anthophorula | Anthophorula sp.,order | family | genus | species,NA,NA,NA,NA,Anthophorula sp.
6352,NA,NA,NA,Halictidae,NA,Lasioglossum,no:match,no:match,NA,NA,01_2014TX_240,NA,Hymenoptera,NA,Hymenoptera | Halictidae | Lasioglossum | Lasioglossum sp.,order | family | genus | species,NA,NA,NA,NA,Lasioglossum sp.
6354,NA,NA,NA,Halictidae,NA,Lasioglossum,no:match,no:match,NA,NA,01_2014TX_235,NA,Hymenoptera,NA,Hymenoptera | Halictidae | Lasioglossum | Lasioglossum sp.,order | family | genus | species,NA,NA,NA,NA,Lasioglossum sp.
6355,NA,NA,NA,Halictidae,NA,Lasioglossum,no:match,no:match,NA,NA,01_2014TX_234,NA,Hymenoptera,NA,Hymenoptera | Halictidae | Lasioglossum | Lasioglossum sp.,order | family | genus | species,NA,NA,NA,NA,Lasioglossum sp.
6356,NA,NA,NA,Halictidae,NA,Lasioglossum,no:match,no:match,NA,NA,01_2014TX_232,NA,Hymenoptera,NA,Hymenoptera | Halictidae | Lasioglossum | Lasioglossum sp.,order | family | genus | species,NA,NA,NA,NA,Lasioglossum sp.
6358,NA,NA,NA,Halictidae,NA,Lasioglossum,no:match,no:match,NA,NA,01_2014TX_230,NA,Hymenoptera,NA,Hymenoptera | Halictidae | Lasioglossum | Lasioglossum sp.,order | family | genus | species,NA,NA,NA,NA,Lasioglossum sp.
6362,NA,NA,NA,Apidae,NA,Melissodes,no:match,no:match,NA,NA,01_2014TX_226,NA,Hymenoptera,NA,Hymenoptera | Apidae | Melissodes | Melissodes sp.,order | family | genus | species,NA,NA,NA,NA,Melissodes sp.
6371,NA,NA,NA,Halictidae,NA,Lasioglossum,no:match,no:match,NA,NA,01_2014TX_206,NA,Hymenoptera,NA,Hymenoptera | Halictidae | Lasioglossum | Lasioglossum sp.,order | family | genus | species,NA,NA,NA,NA,Lasioglossum sp.
6372,NA,NA,NA,Halictidae,NA,Lasioglossum,no:match,no:match,NA,NA,01_2014TX_203,NA,Hymenoptera,NA,Hymenoptera | Halictidae | Lasioglossum | Lasioglossum sp.,order | family | genus | species,NA,NA,NA,NA,Lasioglossum sp.
6376,NA,NA,NA,Halictidae,NA,Lasioglossum,no:match,no:match,NA,NA,01_2014TX_193,NA,Hymenoptera,NA,Hymenoptera | Halictidae | Lasioglossum | Lasioglossum sp.,order | family | genus | species,NA,NA,NA,NA,Lasioglossum sp.
6378,NA,NA,NA,Apidae,NA,Nomada,no:match,no:match,NA,NA,01_2014TX_190,NA,Hymenoptera,NA,Hymenoptera | Apidae | Nomada | Nomada sp.,order | family | genus | species,NA,NA,NA,NA,Nomada sp.
6379,NA,NA,NA,Apidae,NA,Nomada,no:match,no:match,NA,NA,01_2014TX_189,NA,Hymenoptera,NA,Hymenoptera | Apidae | Nomada | Nomada sp.,order | family | genus | species,NA,NA,NA,NA,Nomada sp.
6380,NA,NA,NA,Apidae,NA,Nomada,no:match,no:match,NA,NA,01_2014TX_188,NA,Hymenoptera,NA,Hymenoptera | Apidae | Nomada | Nomada sp.,order | family | genus | species,NA,NA,NA,NA,Nomada sp.
6381,NA,NA,NA,Apidae,NA,Nomada,no:match,no:match,NA,NA,01_2014TX_187,NA,Hymenoptera,NA,Hymenoptera | Apidae | Nomada | Nomada sp.,order | family | genus | species,NA,NA,NA,NA,Nomada sp.
6382,NA,NA,NA,Apidae,NA,Nomada,no:match,no:match,NA,NA,01_2014TX_186,NA,Hymenoptera,NA,Hymenoptera | Apidae | Nomada | Nomada sp.,order | family | genus | species,NA,NA,NA,NA,Nomada sp.
6383,NA,NA,NA,Apidae,NA,Nomada,no:match,no:match,NA,NA,01_2014TX_185,NA,Hymenoptera,NA,Hymenoptera | Apidae | Nomada | Nomada sp.,order | family | genus | species,NA,NA,NA,NA,Nomada sp.
6384,NA,NA,NA,Apidae,NA,Nomada,no:match,no:match,NA,NA,01_2014TX_184,NA,Hymenoptera,NA,Hymenoptera | Apidae | Nomada | Nomada sp.,order | family | genus | species,NA,NA,NA,NA,Nomada sp.
6385,NA,NA,NA,Apidae,NA,Nomada,no:match,no:match,NA,NA,01_2014TX_183,NA,Hymenoptera,NA,Hymenoptera | Apidae | Nomada | Nomada sp.,order | family | genus | species,NA,NA,NA,NA,Nomada sp.
6386,NA,NA,NA,Apidae,NA,Nomada,no:match,no:match,NA,NA,01_2014TX_182,NA,Hymenoptera,NA,Hymenoptera | Apidae | Nomada | Nomada sp.,order | family | genus | species,NA,NA,NA,NA,Nomada sp.
6387,NA,NA,NA,Apidae,NA,Nomada,no:match,no:match,NA,NA,01_2014TX_181,NA,Hymenoptera,NA,Hymenoptera | Apidae | Nomada | Nomada sp.,order | family | genus | species,NA,NA,NA,NA,Nomada sp.
6409,NA,NA,NA,Apidae,NA,Triepeolus,no:match,no:match,NA,NA,01_2014TX_150,NA,Hymenoptera,NA,Hymenoptera | Apidae | Triepeolus | Triepeolus sp.,order | family | genus | species,NA,NA,NA,NA,Triepeolus sp.
6413,NA,NA,NA,Halictidae,NA,Lasioglossum,no:match,no:match,NA,NA,01_2014TX_139,NA,Hymenoptera,NA,Hymenoptera | Halictidae | Lasioglossum | Lasioglossum sp.,order | family | genus | species,NA,NA,NA,NA,Lasioglossum sp.
6414,NA,NA,NA,Halictidae,NA,Lasioglossum,no:match,no:match,NA,NA,01_2014TX_136,NA,Hymenoptera,NA,Hymenoptera | Halictidae | Lasioglossum | Lasioglossum sp.,order | family | genus | species,NA,NA,NA,NA,Lasioglossum sp.
6415,NA,NA,NA,Andrenidae,NA,Perdita,no:match,no:match,NA,NA,01_2014TX_135,NA,Hymenoptera,NA,Hymenoptera | Andrenidae | Perdita | Perdita sp.,order | family | genus | species,NA,NA,NA,NA,Perdita sp.
6416,NA,NA,NA,Andrenidae,NA,Perdita,no:match,no:match,NA,NA,01_2014TX_134,NA,Hymenoptera,NA,Hymenoptera | Andrenidae | Perdita | Perdita sp.,order | family | genus | species,NA,NA,NA,NA,Perdita sp.
6417,NA,NA,NA,Andrenidae,NA,Perdita,no:match,no:match,NA,NA,01_2014TX_133,NA,Hymenoptera,NA,Hymenoptera | Andrenidae | Perdita | Perdita sp.,order | family | genus | species,NA,NA,NA,NA,Perdita sp.
6419,NA,NA,NA,Halictidae,NA,Lasioglossum,no:match,no:match,NA,NA,01_2014TX_131,NA,Hymenoptera,NA,Hymenoptera | Halictidae | Lasioglossum | Lasioglossum sp.,order | family | genus | species,NA,NA,NA,NA,Lasioglossum sp.
6420,NA,NA,NA,Andrenidae,NA,Perdita,no:match,no:match,NA,NA,01_2014TX_121,NA,Hymenoptera,NA,Hymenoptera | Andrenidae | Perdita | Perdita sp.,order | family | genus | species,NA,NA,NA,NA,Perdita sp.
6422,NA,NA,NA,Halictidae,NA,Lasioglossum,no:match,no:match,NA,NA,01_2014TX_115,NA,Hymenoptera,NA,Hymenoptera | Halictidae | Lasioglossum | Lasioglossum sp.,order | family | genus | species,NA,NA,NA,NA,Lasioglossum sp.
6423,NA,NA,NA,Halictidae,NA,Lasioglossum,no:match,no:match,NA,NA,01_2014TX_114,NA,Hymenoptera,NA,Hymenoptera | Halictidae | Lasioglossum | Lasioglossum sp.,order | family | genus | species,NA,NA,NA,NA,Lasioglossum sp.
6424,NA,NA,NA,Andrenidae,NA,Perdita,no:match,no:match,NA,NA,01_2014TX_113,NA,Hymenoptera,NA,Hymenoptera | Andrenidae | Perdita | Perdita sp.,order | family | genus | species,NA,NA,NA,NA,Perdita sp.
6425,NA,NA,NA,Andrenidae,NA,Perdita,no:match,no:match,NA,NA,01_2014TX_112,NA,Hymenoptera,NA,Hymenoptera | Andrenidae | Perdita | Perdita sp.,order | family | genus | species,NA,NA,NA,NA,Perdita sp.
6426,NA,NA,NA,Andrenidae,NA,Perdita,no:match,no:match,NA,NA,01_2014TX_111,NA,Hymenoptera,NA,Hymenoptera | Andrenidae | Perdita | Perdita sp.,order | family | genus | species,NA,NA,NA,NA,Perdita sp.
6427,NA,NA,NA,Andrenidae,NA,Perdita,no:match,no:match,NA,NA,01_2014TX_110,NA,Hymenoptera,NA,Hymenoptera | Andrenidae | Perdita | Perdita sp.,order | family | genus | species,NA,NA,NA,NA,Perdita sp.
6428,NA,NA,NA,Andrenidae,NA,Perdita,no:match,no:match,NA,NA,01_2014TX_109,NA,Hymenoptera,NA,Hymenoptera | Andrenidae | Perdita | Perdita sp.,order | family | genus | species,NA,NA,NA,NA,Perdita sp.
6429,NA,NA,NA,Andrenidae,NA,Perdita,no:match,no:match,NA,NA,01_2014TX_108,NA,Hymenoptera,NA,Hymenoptera | Andrenidae | Perdita | Perdita sp.,order | family | genus | species,NA,NA,NA,NA,Perdita sp.
6434,NA,NA,NA,Andrenidae,NA,Perdita,no:match,no:match,NA,NA,01_2014TX_102,NA,Hymenoptera,NA,Hymenoptera | Andrenidae | Perdita | Perdita sp.,order | family | genus | species,NA,NA,NA,NA,Perdita sp.
6438,NA,NA,NA,Halictidae,NA,Lasioglossum,no:match,no:match,NA,NA,01_2014TX_097,NA,Hymenoptera,NA,Hymenoptera | Halictidae | Lasioglossum | Lasioglossum sp.,order | family | genus | species,NA,NA,NA,NA,Lasioglossum sp.
6439,NA,NA,NA,Halictidae,NA,Lasioglossum,no:match,no:match,NA,NA,01_2014TX_094,NA,Hymenoptera,NA,Hymenoptera | Halictidae | Lasioglossum | Lasioglossum sp.,order | family | genus | species,NA,NA,NA,NA,Lasioglossum sp.
6440,NA,NA,NA,Halictidae,NA,Lasioglossum,no:match,no:match,NA,NA,01_2014TX_092,NA,Hymenoptera,NA,Hymenoptera | Halictidae | Lasioglossum | Lasioglossum sp.,order | family | genus | species,NA,NA,NA,NA,Lasioglossum sp.
6442,NA,NA,NA,Halictidae,NA,Lasioglossum,no:match,no:match,NA,NA,01_2014TX_078,NA,Hymenoptera,NA,Hymenoptera | Halictidae | Lasioglossum | Lasioglossum sp.,order | family | genus | species,NA,NA,NA,NA,Lasioglossum sp.
6443,NA,NA,NA,Halictidae,NA,Lasioglossum,no:match,no:match,NA,NA,01_2014TX_077,NA,Hymenoptera,NA,Hymenoptera | Halictidae | Lasioglossum | Lasioglossum sp.,order | family | genus | species,NA,NA,NA,NA,Lasioglossum sp.
6444,NA,NA,NA,Andrenidae,NA,Perdita,no:match,no:match,NA,NA,01_2014TX_068,NA,Hymenoptera,NA,Hymenoptera | Andrenidae | Perdita | Perdita sp.,order | family | genus | species,NA,NA,NA,NA,Perdita sp.
6445,NA,NA,NA,Andrenidae,NA,Perdita,no:match,no:match,NA,NA,01_2014TX_066,NA,Hymenoptera,NA,Hymenoptera | Andrenidae | Perdita | Perdita sp.,order | family | genus | species,NA,NA,NA,NA,Perdita sp.
6446,NA,NA,NA,Andrenidae,NA,Perdita,no:match,no:match,NA,NA,01_2014TX_065,NA,Hymenoptera,NA,Hymenoptera | Andrenidae | Perdita | Perdita sp.,order | family | genus | species,NA,NA,NA,NA,Perdita sp.
6447,NA,NA,NA,Andrenidae,NA,Perdita,no:match,no:match,NA,NA,01_2014TX_054,NA,Hymenoptera,NA,Hymenoptera | Andrenidae | Perdita | Perdita sp.,order | family | genus | species,NA,NA,NA,NA,Perdita sp.
6448,NA,NA,NA,Andrenidae,NA,Perdita,no:match,no:match,NA,NA,01_2014TX_053,NA,Hymenoptera,NA,Hymenoptera | Andrenidae | Perdita | Perdita sp.,order | family | genus | species,NA,NA,NA,NA,Perdita sp.
6449,NA,NA,NA,Andrenidae,NA,Perdita,no:match,no:match,NA,NA,01_2014TX_052,NA,Hymenoptera,NA,Hymenoptera | Andrenidae | Perdita | Perdita sp.,order | family | genus | species,NA,NA,NA,NA,Perdita sp.
6450,NA,NA,NA,Andrenidae,NA,Perdita,no:match,no:match,NA,NA,01_2014TX_051,NA,Hymenoptera,NA,Hymenoptera | Andrenidae | Perdita | Perdita sp.,order | family | genus | species,NA,NA,NA,NA,Perdita sp.
6452,NA,NA,NA,Andrenidae,NA,Perdita,no:match,no:match,NA,NA,01_2014TX_044,NA,Hymenoptera,NA,Hymenoptera | Andrenidae | Perdita | Perdita sp.,order | family | genus | species,NA,NA,NA,NA,Perdita sp.
6453,NA,NA,NA,Andrenidae,NA,Perdita,no:match,no:match,NA,NA,01_2014TX_043,NA,Hymenoptera,NA,Hymenoptera | Andrenidae | Perdita | Perdita sp.,order | family | genus | species,NA,NA,NA,NA,Perdita sp.
6454,NA,NA,NA,Andrenidae,NA,Perdita,no:match,no:match,NA,NA,01_2014TX_042,NA,Hymenoptera,NA,Hymenoptera | Andrenidae | Perdita | Perdita sp.,order | family | genus | species,NA,NA,NA,NA,Perdita sp.
6455,NA,NA,NA,Andrenidae,NA,Perdita,no:match,no:match,NA,NA,01_2014TX_041,NA,Hymenoptera,NA,Hymenoptera | Andrenidae | Perdita | Perdita sp.,order | family | genus | species,NA,NA,NA,NA,Perdita sp.
6456,NA,NA,NA,Andrenidae,NA,Perdita,no:match,no:match,NA,NA,01_2014TX_040,NA,Hymenoptera,NA,Hymenoptera | Andrenidae | Perdita | Perdita sp.,order | family | genus | species,NA,NA,NA,NA,Perdita sp.
6458,NA,NA,NA,Halictidae,NA,Lasioglossum,no:match,no:match,NA,NA,01_2014TX_035,NA,Hymenoptera,NA,Hymenoptera | Halictidae | Lasioglossum | Lasioglossum sp.,order | family | genus | species,NA,NA,NA,NA,Lasioglossum sp.
6459,NA,NA,NA,Halictidae,NA,Lasioglossum,no:match,no:match,NA,NA,01_2014TX_034,NA,Hymenoptera,NA,Hymenoptera | Halictidae | Lasioglossum | Lasioglossum sp.,order | family | genus | species,NA,NA,NA,NA,Lasioglossum sp.
6460,NA,NA,NA,Halictidae,NA,Lasioglossum,no:match,no:match,NA,NA,01_2014TX_032,NA,Hymenoptera,NA,Hymenoptera | Halictidae | Lasioglossum | Lasioglossum sp.,order | family | genus | species,NA,NA,NA,NA,Lasioglossum sp.
6461,NA,NA,NA,Halictidae,NA,Lasioglossum,no:match,no:match,NA,NA,01_2014TX_030,NA,Hymenoptera,NA,Hymenoptera | Halictidae | Lasioglossum | Lasioglossum sp.,order | family | genus | species,NA,NA,NA,NA,Lasioglossum sp.
6462,NA,NA,NA,Halictidae,NA,Lasioglossum,no:match,no:match,NA,NA,01_2014TX_027,NA,Hymenoptera,NA,Hymenoptera | Halictidae | Lasioglossum | Lasioglossum sp.,order | family | genus | species,NA,NA,NA,NA,Lasioglossum sp.
6465,NA,NA,NA,Andrenidae,NA,Perdita,no:match,no:match,NA,NA,01_2014TX_024,NA,Hymenoptera,NA,Hymenoptera | Andrenidae | Perdita | Perdita sp.,order | family | genus | species,NA,NA,NA,NA,Perdita sp.
6469,NA,NA,NA,Halictidae,NA,Lasioglossum,no:match,no:match,NA,NA,01_2014TX_017,NA,Hymenoptera,NA,Hymenoptera | Halictidae | Lasioglossum | Lasioglossum sp.,order | family | genus | species,NA,NA,NA,NA,Lasioglossum sp.
6470,NA,NA,NA,Andrenidae,NA,Perdita,no:match,no:match,NA,NA,01_2014TX_010,NA,Hymenoptera,NA,Hymenoptera | Andrenidae | Perdita | Perdita sp.,order | family | genus | species,NA,NA,NA,NA,Perdita sp.
6471,NA,NA,NA,Megachilidae,NA,Osmia,no:match,no:match,NA,NA,01_2014TX_002,NA,Hymenoptera,NA,Hymenoptera | Megachilidae | Osmia | Osmia sp.,order | family | genus | species,NA,NA,NA,NA,Osmia sp.
6797,NA,NA,NA,Apidae,NA,Melissodes,no:match,no:match,NA,NA,01_2014CO_130,NA,Hymenoptera,NA,Hymenoptera | Apidae | Melissodes | Melissodes sp.,order | family | genus | species,NA,NA,NA,NA,Melissodes sp.
6798,NA,NA,NA,Apidae,NA,Melissodes,no:match,no:match,NA,NA,01_2014CO_129,NA,Hymenoptera,NA,Hymenoptera | Apidae | Melissodes | Melissodes sp.,order | family | genus | species,NA,NA,NA,NA,Melissodes sp.
6800,NA,NA,NA,Apidae,NA,Melissodes,no:match,no:match,NA,NA,01_2014CO_127,NA,Hymenoptera,NA,Hymenoptera | Apidae | Melissodes | Melissodes sp.,order | family | genus | species,NA,NA,NA,NA,Melissodes sp.
6804,NA,NA,NA,Halictidae,NA,Dufourea,no:match,no:match,NA,NA,01_2014CO_123,NA,Hymenoptera,NA,Hymenoptera | Halictidae | Dufourea | Dufourea sp.,order | family | genus | species,NA,NA,NA,NA,Dufourea sp.
6817,NA,NA,NA,Apidae,NA,Melissodes,no:match,no:match,NA,NA,01_2014CO_110,NA,Hymenoptera,NA,Hymenoptera | Apidae | Melissodes | Melissodes sp.,order | family | genus | species,NA,NA,NA,NA,Melissodes sp.
6820,NA,NA,NA,Andrenidae,NA,Perdita,no:match,no:match,NA,NA,01_2014CO_107,NA,Hymenoptera,NA,Hymenoptera | Andrenidae | Perdita | Perdita sp.,order | family | genus | species,NA,NA,NA,NA,Perdita sp.
6821,NA,NA,NA,Halictidae,NA,Lasioglossum,no:match,no:match,NA,NA,01_2014CO_106,NA,Hymenoptera,NA,Hymenoptera | Halictidae | Lasioglossum | Lasioglossum sp.,order | family | genus | species,NA,NA,NA,NA,Lasioglossum sp.
6827,NA,NA,NA,Halictidae,NA,Lasioglossum,no:match,no:match,NA,NA,01_2014CO_100,NA,Hymenoptera,NA,Hymenoptera | Halictidae | Lasioglossum | Lasioglossum sp.,order | family | genus | species,NA,NA,NA,NA,Lasioglossum sp.
6829,NA,NA,NA,Halictidae,NA,Lasioglossum,no:match,no:match,NA,NA,01_2014CO_098,NA,Hymenoptera,NA,Hymenoptera | Halictidae | Lasioglossum | Lasioglossum sp.,order | family | genus | species,NA,NA,NA,NA,Lasioglossum sp.
6830,NA,NA,NA,Halictidae,NA,Lasioglossum,no:match,no:match,NA,NA,01_2014CO_097,NA,Hymenoptera,NA,Hymenoptera | Halictidae | Lasioglossum | Lasioglossum sp.,order | family | genus | species,NA,NA,NA,NA,Lasioglossum sp.
6831,NA,NA,NA,Halictidae,NA,Lasioglossum,no:match,no:match,NA,NA,01_2014CO_096,NA,Hymenoptera,NA,Hymenoptera | Halictidae | Lasioglossum | Lasioglossum sp.,order | family | genus | species,NA,NA,NA,NA,Lasioglossum sp.
6833,NA,NA,NA,Halictidae,NA,Lasioglossum,no:match,no:match,NA,NA,01_2014CO_094,NA,Hymenoptera,NA,Hymenoptera | Halictidae | Lasioglossum | Lasioglossum sp.,order | family | genus | species,NA,NA,NA,NA,Lasioglossum sp.
6836,NA,NA,NA,Andrenidae,NA,Perdita,no:match,no:match,NA,NA,01_2014CO_091,NA,Hymenoptera,NA,Hymenoptera | Andrenidae | Perdita | Perdita sp.,order | family | genus | species,NA,NA,NA,NA,Perdita sp.
6838,NA,NA,NA,Andrenidae,NA,Perdita,no:match,no:match,NA,NA,01_2014CO_089,NA,Hymenoptera,NA,Hymenoptera | Andrenidae | Perdita | Perdita sp.,order | family | genus | species,NA,NA,NA,NA,Perdita sp.
6840,NA,NA,NA,Andrenidae,NA,Protandrena,no:match,no:match,NA,NA,01_2014CO_087,NA,Hymenoptera,NA,Hymenoptera | Andrenidae | Protandrena | Protandrena sp.,order | family | genus | species,NA,NA,NA,NA,Protandrena sp.
6842,NA,NA,NA,Andrenidae,NA,Perdita,no:match,no:match,NA,NA,01_2014CO_085,NA,Hymenoptera,NA,Hymenoptera | Andrenidae | Perdita | Perdita sp.,order | family | genus | species,NA,NA,NA,NA,Perdita sp.
6844,NA,NA,NA,Andrenidae,NA,Protandrena,no:match,no:match,NA,NA,01_2014CO_081,NA,Hymenoptera,NA,Hymenoptera | Andrenidae | Protandrena | Protandrena sp.,order | family | genus | species,NA,NA,NA,NA,Protandrena sp.
6848,NA,NA,NA,Andrenidae,NA,Perdita,no:match,no:match,NA,NA,01_2014CO_077,NA,Hymenoptera,NA,Hymenoptera | Andrenidae | Perdita | Perdita sp.,order | family | genus | species,NA,NA,NA,NA,Perdita sp.
6849,NA,NA,NA,Andrenidae,NA,Perdita,no:match,no:match,NA,NA,01_2014CO_076,NA,Hymenoptera,NA,Hymenoptera | Andrenidae | Perdita | Perdita sp.,order | family | genus | species,NA,NA,NA,NA,Perdita sp.
6850,NA,NA,NA,Andrenidae,NA,Perdita,no:match,no:match,NA,NA,01_2014CO_075,NA,Hymenoptera,NA,Hymenoptera | Andrenidae | Perdita | Perdita sp.,order | family | genus | species,NA,NA,NA,NA,Perdita sp.
6851,NA,NA,NA,Andrenidae,NA,Perdita,no:match,no:match,NA,NA,01_2014CO_074,NA,Hymenoptera,NA,Hymenoptera | Andrenidae | Perdita | Perdita sp.,order | family | genus | species,NA,NA,NA,NA,Perdita sp.
6852,NA,NA,NA,Andrenidae,NA,Perdita,no:match,no:match,NA,NA,01_2014CO_073,NA,Hymenoptera,NA,Hymenoptera | Andrenidae | Perdita | Perdita sp.,order | family | genus | species,NA,NA,NA,NA,Perdita sp.
6853,NA,NA,NA,Andrenidae,NA,Perdita,no:match,no:match,NA,NA,01_2014CO_072,NA,Hymenoptera,NA,Hymenoptera | Andrenidae | Perdita | Perdita sp.,order | family | genus | species,NA,NA,NA,NA,Perdita sp.
6854,NA,NA,NA,Andrenidae,NA,Perdita,no:match,no:match,NA,NA,01_2014CO_071,NA,Hymenoptera,NA,Hymenoptera | Andrenidae | Perdita | Perdita sp.,order | family | genus | species,NA,NA,NA,NA,Perdita sp.
6855,NA,NA,NA,Andrenidae,NA,Perdita,no:match,no:match,NA,NA,01_2014CO_070,NA,Hymenoptera,NA,Hymenoptera | Andrenidae | Perdita | Perdita sp.,order | family | genus | species,NA,NA,NA,NA,Perdita sp.
6856,NA,NA,NA,Andrenidae,NA,Perdita,no:match,no:match,NA,NA,01_2014CO_069,NA,Hymenoptera,NA,Hymenoptera | Andrenidae | Perdita | Perdita sp.,order | family | genus | species,NA,NA,NA,NA,Perdita sp.
6857,NA,NA,NA,Andrenidae,NA,Perdita,no:match,no:match,NA,NA,01_2014CO_068,NA,Hymenoptera,NA,Hymenoptera | Andrenidae | Perdita | Perdita sp.,order | family | genus | species,NA,NA,NA,NA,Perdita sp.
6858,NA,NA,NA,Halictidae,NA,Lasioglossum,no:match,no:match,NA,NA,01_2014CO_067,NA,Hymenoptera,NA,Hymenoptera | Halictidae | Lasioglossum | Lasioglossum sp.,order | family | genus | species,NA,NA,NA,NA,Lasioglossum sp.
6859,NA,NA,NA,Halictidae,NA,Lasioglossum,no:match,no:match,NA,NA,01_2014CO_066,NA,Hymenoptera,NA,Hymenoptera | Halictidae | Lasioglossum | Lasioglossum sp.,order | family | genus | species,NA,NA,NA,NA,Lasioglossum sp.
6861,NA,NA,NA,Halictidae,NA,Lasioglossum,no:match,no:match,NA,NA,01_2014CO_064,NA,Hymenoptera,NA,Hymenoptera | Halictidae | Lasioglossum | Lasioglossum sp.,order | family | genus | species,NA,NA,NA,NA,Lasioglossum sp.
6862,NA,NA,NA,Halictidae,NA,Lasioglossum,no:match,no:match,NA,NA,01_2014CO_061,NA,Hymenoptera,NA,Hymenoptera | Halictidae | Lasioglossum | Lasioglossum sp.,order | family | genus | species,NA,NA,NA,NA,Lasioglossum sp.
6863,NA,NA,NA,Halictidae,NA,Lasioglossum,no:match,no:match,NA,NA,01_2014CO_060,NA,Hymenoptera,NA,Hymenoptera | Halictidae | Lasioglossum | Lasioglossum sp.,order | family | genus | species,NA,NA,NA,NA,Lasioglossum sp.
6865,NA,NA,NA,Halictidae,NA,Lasioglossum,no:match,no:match,NA,NA,01_2014CO_058,NA,Hymenoptera,NA,Hymenoptera | Halictidae | Lasioglossum | Lasioglossum sp.,order | family | genus | species,NA,NA,NA,NA,Lasioglossum sp.
6868,NA,NA,NA,Andrenidae,NA,Perdita,no:match,no:match,NA,NA,01_2014CO_055,NA,Hymenoptera,NA,Hymenoptera | Andrenidae | Perdita | Perdita sp.,order | family | genus | species,NA,NA,NA,NA,Perdita sp.
6875,NA,NA,NA,Andrenidae,NA,Perdita,no:match,no:match,NA,NA,01_2014CO_048,NA,Hymenoptera,NA,Hymenoptera | Andrenidae | Perdita | Perdita sp.,order | family | genus | species,NA,NA,NA,NA,Perdita sp.
6880,NA,NA,NA,Andrenidae,NA,Andrena,no:match,no:match,NA,NA,01_2014CO_043,NA,Hymenoptera,NA,Hymenoptera | Andrenidae | Andrena | Andrena sp.,order | family | genus | species,NA,NA,NA,NA,Andrena sp.
6883,NA,NA,NA,Andrenidae,NA,Protandrena,no:match,no:match,NA,NA,01_2014CO_040,NA,Hymenoptera,NA,Hymenoptera | Andrenidae | Protandrena | Protandrena sp.,order | family | genus | species,NA,NA,NA,NA,Protandrena sp.
6884,NA,NA,NA,Halictidae,NA,Lasioglossum,no:match,no:match,NA,NA,01_2014CO_038,NA,Hymenoptera,NA,Hymenoptera | Halictidae | Lasioglossum | Lasioglossum sp.,order | family | genus | species,NA,NA,NA,NA,Lasioglossum sp.
6887,NA,NA,NA,Halictidae,NA,Lasioglossum,no:match,no:match,NA,NA,01_2014CO_034,NA,Hymenoptera,NA,Hymenoptera | Halictidae | Lasioglossum | Lasioglossum sp.,order | family | genus | species,NA,NA,NA,NA,Lasioglossum sp.
6889,NA,NA,NA,Halictidae,NA,Sphecodes,no:match,no:match,NA,NA,01_2014CO_032,NA,Hymenoptera,NA,Hymenoptera | Halictidae | Sphecodes | Sphecodes sp.,order | family | genus | species,NA,NA,NA,NA,Sphecodes sp.
6894,NA,NA,NA,Halictidae,NA,Lasioglossum,no:match,no:match,NA,NA,01_2014CO_024,NA,Hymenoptera,NA,Hymenoptera | Halictidae | Lasioglossum | Lasioglossum sp.,order | family | genus | species,NA,NA,NA,NA,Lasioglossum sp.
6895,NA,NA,NA,Halictidae,NA,Lasioglossum,no:match,no:match,NA,NA,01_2014CO_023,NA,Hymenoptera,NA,Hymenoptera | Halictidae | Lasioglossum | Lasioglossum sp.,order | family | genus | species,NA,NA,NA,NA,Lasioglossum sp.
6896,NA,NA,NA,Halictidae,NA,Lasioglossum,no:match,no:match,NA,NA,01_2014CO_020,NA,Hymenoptera,NA,Hymenoptera | Halictidae | Lasioglossum | Lasioglossum sp.,order | family | genus | species,NA,NA,NA,NA,Lasioglossum sp.
6897,NA,NA,NA,Halictidae,NA,Lasioglossum,no:match,no:match,NA,NA,01_2014CO_019,NA,Hymenoptera,NA,Hymenoptera | Halictidae | Lasioglossum | Lasioglossum sp.,order | family | genus | species,NA,NA,NA,NA,Lasioglossum sp.
6898,NA,NA,NA,Halictidae,NA,Lasioglossum,no:match,no:match,NA,NA,01_2014CO_018,NA,Hymenoptera,NA,Hymenoptera | Halictidae | Lasioglossum | Lasioglossum sp.,order | family | genus | species,NA,NA,NA,NA,Lasioglossum sp.
6899,NA,NA,NA,Halictidae,NA,Lasioglossum,no:match,no:match,NA,NA,01_2014CO_017,NA,Hymenoptera,NA,Hymenoptera | Halictidae | Lasioglossum | Lasioglossum sp.,order | family | genus | species,NA,NA,NA,NA,Lasioglossum sp.
6900,NA,NA,NA,Halictidae,NA,Lasioglossum,no:match,no:match,NA,NA,01_2014CO_016,NA,Hymenoptera,NA,Hymenoptera | Halictidae | Lasioglossum | Lasioglossum sp.,order | family | genus | species,NA,NA,NA,NA,Lasioglossum sp.
6901,NA,NA,NA,Halictidae,NA,Lasioglossum,no:match,no:match,NA,NA,01_2014CO_015,NA,Hymenoptera,NA,Hymenoptera | Halictidae | Lasioglossum | Lasioglossum sp.,order | family | genus | species,NA,NA,NA,NA,Lasioglossum sp.
6902,NA,NA,NA,Halictidae,NA,Lasioglossum,no:match,no:match,NA,NA,01_2014CO_014,NA,Hymenoptera,NA,Hymenoptera | Halictidae | Lasioglossum | Lasioglossum sp.,order | family | genus | species,NA,NA,NA,NA,Lasioglossum sp.
6903,NA,NA,NA,Halictidae,NA,Lasioglossum,no:match,no:match,NA,NA,01_2014CO_013,NA,Hymenoptera,NA,Hymenoptera | Halictidae | Lasioglossum | Lasioglossum sp.,order | family | genus | species,NA,NA,NA,NA,Lasioglossum sp.
6904,NA,NA,NA,Halictidae,NA,Lasioglossum,no:match,no:match,NA,NA,01_2014CO_011,NA,Hymenoptera,NA,Hymenoptera | Halictidae | Lasioglossum | Lasioglossum sp.,order | family | genus | species,NA,NA,NA,NA,Lasioglossum sp.
6905,NA,NA,NA,Halictidae,NA,Lasioglossum,no:match,no:match,NA,NA,01_2014CO_010,NA,Hymenoptera,NA,Hymenoptera | Halictidae | Lasioglossum | Lasioglossum sp.,order | family | genus | species,NA,NA,NA,NA,Lasioglossum sp.
6907,NA,NA,NA,Halictidae,NA,Lasioglossum,no:match,no:match,NA,NA,01_2014CO_002,NA,Hymenoptera,NA,Hymenoptera | Halictidae | Lasioglossum | Lasioglossum sp.,order | family | genus | species,NA,NA,NA,NA,Lasioglossum sp.
6908,NA,NA,NA,Halictidae,NA,Sphecodes,no:match,no:match,NA,NA,01_2014CO_001,NA,Hymenoptera,NA,Hymenoptera | Halictidae | Sphecodes | Sphecodes sp.,order | family | genus | species,NA,NA,NA,NA,Sphecodes sp.
6911,NA,NA,NA,Halictidae,NA,Lasioglossum,no:match,no:match,NA,NA,01_2013TX_475,NA,Hymenoptera,NA,Hymenoptera | Halictidae | Lasioglossum | Lasioglossum sp.,order | family | genus | species,NA,NA,NA,NA,Lasioglossum sp.
6912,NA,NA,NA,Apidae,NA,Melissodes,no:match,no:match,NA,NA,01_2013TX_474,NA,Hymenoptera,NA,Hymenoptera | Apidae | Melissodes | Melissodes sp.,order | family | genus | species,NA,NA,NA,NA,Melissodes sp.
6913,NA,NA,NA,Halictidae,NA,Lasioglossum,no:match,no:match,NA,NA,01_2013TX_469,NA,Hymenoptera,NA,Hymenoptera | Halictidae | Lasioglossum | Lasioglossum sp.,order | family | genus | species,NA,NA,NA,NA,Lasioglossum sp.
6919,NA,NA,NA,Halictidae,NA,Lasioglossum,no:match,no:match,NA,NA,01_2013TX_410,NA,Hymenoptera,NA,Hymenoptera | Halictidae | Lasioglossum | Lasioglossum sp.,order | family | genus | species,NA,NA,NA,NA,Lasioglossum sp.
6920,NA,NA,NA,Halictidae,NA,Lasioglossum,no:match,no:match,NA,NA,01_2013TX_409,NA,Hymenoptera,NA,Hymenoptera | Halictidae | Lasioglossum | Lasioglossum sp.,order | family | genus | species,NA,NA,NA,NA,Lasioglossum sp.
6921,NA,NA,NA,Halictidae,NA,Lasioglossum,no:match,no:match,NA,NA,01_2013TX_408,NA,Hymenoptera,NA,Hymenoptera | Halictidae | Lasioglossum | Lasioglossum sp.,order | family | genus | species,NA,NA,NA,NA,Lasioglossum sp.
6922,NA,NA,NA,Halictidae,NA,Lasioglossum,no:match,no:match,NA,NA,01_2013TX_407,NA,Hymenoptera,NA,Hymenoptera | Halictidae | Lasioglossum | Lasioglossum sp.,order | family | genus | species,NA,NA,NA,NA,Lasioglossum sp.
6923,NA,NA,NA,Halictidae,NA,Lasioglossum,no:match,no:match,NA,NA,01_2013TX_406,NA,Hymenoptera,NA,Hymenoptera | Halictidae | Lasioglossum | Lasioglossum sp.,order | family | genus | species,NA,NA,NA,NA,Lasioglossum sp.
6924,NA,NA,NA,Halictidae,NA,Lasioglossum,no:match,no:match,NA,NA,01_2013TX_405,NA,Hymenoptera,NA,Hymenoptera | Halictidae | Lasioglossum | Lasioglossum sp.,order | family | genus | species,NA,NA,NA,NA,Lasioglossum sp.
6925,NA,NA,NA,Halictidae,NA,Lasioglossum,no:match,no:match,NA,NA,01_2013TX_404,NA,Hymenoptera,NA,Hymenoptera | Halictidae | Lasioglossum | Lasioglossum sp.,order | family | genus | species,NA,NA,NA,NA,Lasioglossum sp.
6926,NA,NA,NA,Halictidae,NA,Lasioglossum,no:match,no:match,NA,NA,01_2013TX_403,NA,Hymenoptera,NA,Hymenoptera | Halictidae | Lasioglossum | Lasioglossum sp.,order | family | genus | species,NA,NA,NA,NA,Lasioglossum sp.
6928,NA,NA,NA,Andrenidae,NA,Perdita,no:match,no:match,NA,NA,01_2013TX_400,NA,Hymenoptera,NA,Hymenoptera | Andrenidae | Perdita | Perdita sp.,order | family | genus | species,NA,NA,NA,NA,Perdita sp.
6929,NA,NA,NA,Andrenidae,NA,Perdita,no:match,no:match,NA,NA,01_2013TX_399,NA,Hymenoptera,NA,Hymenoptera | Andrenidae | Perdita | Perdita sp.,order | family | genus | species,NA,NA,NA,NA,Perdita sp.
6930,NA,NA,NA,Andrenidae,NA,Perdita,no:match,no:match,NA,NA,01_2013TX_398,NA,Hymenoptera,NA,Hymenoptera | Andrenidae | Perdita | Perdita sp.,order | family | genus | species,NA,NA,NA,NA,Perdita sp.
6931,NA,NA,NA,Andrenidae,NA,Perdita,no:match,no:match,NA,NA,01_2013TX_397,NA,Hymenoptera,NA,Hymenoptera | Andrenidae | Perdita | Perdita sp.,order | family | genus | species,NA,NA,NA,NA,Perdita sp.
6932,NA,NA,NA,Andrenidae,NA,Perdita,no:match,no:match,NA,NA,01_2013TX_396,NA,Hymenoptera,NA,Hymenoptera | Andrenidae | Perdita | Perdita sp.,order | family | genus | species,NA,NA,NA,NA,Perdita sp.
6933,NA,NA,NA,Andrenidae,NA,Perdita,no:match,no:match,NA,NA,01_2013TX_395,NA,Hymenoptera,NA,Hymenoptera | Andrenidae | Perdita | Perdita sp.,order | family | genus | species,NA,NA,NA,NA,Perdita sp.
6934,NA,NA,NA,Andrenidae,NA,Perdita,no:match,no:match,NA,NA,01_2013TX_394,NA,Hymenoptera,NA,Hymenoptera | Andrenidae | Perdita | Perdita sp.,order | family | genus | species,NA,NA,NA,NA,Perdita sp.
6935,NA,NA,NA,Andrenidae,NA,Perdita,no:match,no:match,NA,NA,01_2013TX_393,NA,Hymenoptera,NA,Hymenoptera | Andrenidae | Perdita | Perdita sp.,order | family | genus | species,NA,NA,NA,NA,Perdita sp.
6936,NA,NA,NA,Andrenidae,NA,Perdita,no:match,no:match,NA,NA,01_2013TX_392,NA,Hymenoptera,NA,Hymenoptera | Andrenidae | Perdita | Perdita sp.,order | family | genus | species,NA,NA,NA,NA,Perdita sp.
6937,NA,NA,NA,Halictidae,NA,Lasioglossum,no:match,no:match,NA,NA,01_2013TX_390,NA,Hymenoptera,NA,Hymenoptera | Halictidae | Lasioglossum | Lasioglossum sp.,order | family | genus | species,NA,NA,NA,NA,Lasioglossum sp.
6938,NA,NA,NA,Halictidae,NA,Lasioglossum,no:match,no:match,NA,NA,01_2013TX_389,NA,Hymenoptera,NA,Hymenoptera | Halictidae | Lasioglossum | Lasioglossum sp.,order | family | genus | species,NA,NA,NA,NA,Lasioglossum sp.
6939,NA,NA,NA,Halictidae,NA,Lasioglossum,no:match,no:match,NA,NA,01_2013TX_388,NA,Hymenoptera,NA,Hymenoptera | Halictidae | Lasioglossum | Lasioglossum sp.,order | family | genus | species,NA,NA,NA,NA,Lasioglossum sp.
6940,NA,NA,NA,Halictidae,NA,Lasioglossum,no:match,no:match,NA,NA,01_2013TX_387,NA,Hymenoptera,NA,Hymenoptera | Halictidae | Lasioglossum | Lasioglossum sp.,order | family | genus | species,NA,NA,NA,NA,Lasioglossum sp.
6941,NA,NA,NA,Halictidae,NA,Lasioglossum,no:match,no:match,NA,NA,01_2013TX_386,NA,Hymenoptera,NA,Hymenoptera | Halictidae | Lasioglossum | Lasioglossum sp.,order | family | genus | species,NA,NA,NA,NA,Lasioglossum sp.
6942,NA,NA,NA,Halictidae,NA,Lasioglossum,no:match,no:match,NA,NA,01_2013TX_385,NA,Hymenoptera,NA,Hymenoptera | Halictidae | Lasioglossum | Lasioglossum sp.,order | family | genus | species,NA,NA,NA,NA,Lasioglossum sp.
6943,NA,NA,NA,Halictidae,NA,Lasioglossum,no:match,no:match,NA,NA,01_2013TX_384,NA,Hymenoptera,NA,Hymenoptera | Halictidae | Lasioglossum | Lasioglossum sp.,order | family | genus | species,NA,NA,NA,NA,Lasioglossum sp.
6944,NA,NA,NA,Halictidae,NA,Lasioglossum,no:match,no:match,NA,NA,01_2013TX_383,NA,Hymenoptera,NA,Hymenoptera | Halictidae | Lasioglossum | Lasioglossum sp.,order | family | genus | species,NA,NA,NA,NA,Lasioglossum sp.
6945,NA,NA,NA,Halictidae,NA,Lasioglossum,no:match,no:match,NA,NA,01_2013TX_382,NA,Hymenoptera,NA,Hymenoptera | Halictidae | Lasioglossum | Lasioglossum sp.,order | family | genus | species,NA,NA,NA,NA,Lasioglossum sp.
6946,NA,NA,NA,Halictidae,NA,Lasioglossum,no:match,no:match,NA,NA,01_2013TX_381,NA,Hymenoptera,NA,Hymenoptera | Halictidae | Lasioglossum | Lasioglossum sp.,order | family | genus | species,NA,NA,NA,NA,Lasioglossum sp.
6948,NA,NA,NA,Halictidae,NA,Lasioglossum,no:match,no:match,NA,NA,01_2013TX_379,NA,Hymenoptera,NA,Hymenoptera | Halictidae | Lasioglossum | Lasioglossum sp.,order | family | genus | species,NA,NA,NA,NA,Lasioglossum sp.
6953,NA,NA,NA,Andrenidae,NA,Perdita,no:match,no:match,NA,NA,01_2013TX_374,NA,Hymenoptera,NA,Hymenoptera | Andrenidae | Perdita | Perdita sp.,order | family | genus | species,NA,NA,NA,NA,Perdita sp.
6961,NA,NA,NA,Apidae,NA,Melissodes,no:match,no:match,NA,NA,01_2013TX_364,NA,Hymenoptera,NA,Hymenoptera | Apidae | Melissodes | Melissodes sp.,order | family | genus | species,NA,NA,NA,NA,Melissodes sp.
6962,NA,NA,NA,Apidae,NA,Melissodes,no:match,no:match,NA,NA,01_2013TX_363,NA,Hymenoptera,NA,Hymenoptera | Apidae | Melissodes | Melissodes sp.,order | family | genus | species,NA,NA,NA,NA,Melissodes sp.
6969,NA,NA,NA,Colletidae,NA,Colletes,no:match,no:match,NA,NA,01_2013TX_356,NA,Hymenoptera,NA,Hymenoptera | Colletidae | Colletes | Colletes sp.,order | family | genus | species,NA,NA,NA,NA,Colletes sp.
6974,NA,NA,NA,Halictidae,NA,Lasioglossum,no:match,no:match,NA,NA,01_2013TX_292,NA,Hymenoptera,NA,Hymenoptera | Halictidae | Lasioglossum | Lasioglossum sp.,order | family | genus | species,NA,NA,NA,NA,Lasioglossum sp.
6975,NA,NA,NA,Apidae,NA,Nomada,no:match,no:match,NA,NA,01_2013TX_289,NA,Hymenoptera,NA,Hymenoptera | Apidae | Nomada | Nomada sp.,order | family | genus | species,NA,NA,NA,NA,Nomada sp.
6982,NA,NA,NA,Andrenidae,NA,Perdita,no:match,no:match,NA,NA,01_2013TX_257,NA,Hymenoptera,NA,Hymenoptera | Andrenidae | Perdita | Perdita sp.,order | family | genus | species,NA,NA,NA,NA,Perdita sp.
6984,NA,NA,NA,Apidae,NA,Epeolus,no:match,no:match,NA,NA,01_2013TX_250,NA,Hymenoptera,NA,Hymenoptera | Apidae | Epeolus | Epeolus sp.,order | family | genus | species,NA,NA,NA,NA,Epeolus sp.
6985,NA,NA,NA,Halictidae,NA,Lasioglossum,no:match,no:match,NA,NA,01_2013TX_240,NA,Hymenoptera,NA,Hymenoptera | Halictidae | Lasioglossum | Lasioglossum sp.,order | family | genus | species,NA,NA,NA,NA,Lasioglossum sp.
6986,NA,NA,NA,Apidae,NA,Triepeolus,no:match,no:match,NA,NA,01_2013TX_230,NA,Hymenoptera,NA,Hymenoptera | Apidae | Triepeolus | Triepeolus sp.,order | family | genus | species,NA,NA,NA,NA,Triepeolus sp.
6992,NA,NA,NA,Halictidae,NA,Lasioglossum,no:match,no:match,NA,NA,01_2013TX_218,NA,Hymenoptera,NA,Hymenoptera | Halictidae | Lasioglossum | Lasioglossum sp.,order | family | genus | species,NA,NA,NA,NA,Lasioglossum sp.
6993,NA,NA,NA,Halictidae,NA,Lasioglossum,no:match,no:match,NA,NA,01_2013TX_210,NA,Hymenoptera,NA,Hymenoptera | Halictidae | Lasioglossum | Lasioglossum sp.,order | family | genus | species,NA,NA,NA,NA,Lasioglossum sp.
6994,NA,NA,NA,Apidae,NA,Epeolus,no:match,no:match,NA,NA,01_2013TX_181,NA,Hymenoptera,NA,Hymenoptera | Apidae | Epeolus | Epeolus sp.,order | family | genus | species,NA,NA,NA,NA,Epeolus sp.
6995,NA,NA,NA,Halictidae,NA,Lasioglossum,no:match,no:match,NA,NA,01_2013TX_168,NA,Hymenoptera,NA,Hymenoptera | Halictidae | Lasioglossum | Lasioglossum sp.,order | family | genus | species,NA,NA,NA,NA,Lasioglossum sp.
7003,NA,NA,NA,Andrenidae,NA,Perdita,no:match,no:match,NA,NA,01_2013TX_117,NA,Hymenoptera,NA,Hymenoptera | Andrenidae | Perdita | Perdita sp.,order | family | genus | species,NA,NA,NA,NA,Perdita sp.
7004,NA,NA,NA,Andrenidae,NA,Perdita,no:match,no:match,NA,NA,01_2013TX_102,NA,Hymenoptera,NA,Hymenoptera | Andrenidae | Perdita | Perdita sp.,order | family | genus | species,NA,NA,NA,NA,Perdita sp.
7005,NA,NA,NA,Andrenidae,NA,Perdita,no:match,no:match,NA,NA,01_2013TX_101,NA,Hymenoptera,NA,Hymenoptera | Andrenidae | Perdita | Perdita sp.,order | family | genus | species,NA,NA,NA,NA,Perdita sp.
7011,NA,NA,NA,Halictidae,NA,Lasioglossum,no:match,no:match,NA,NA,01_2013TX_071,NA,Hymenoptera,NA,Hymenoptera | Halictidae | Lasioglossum | Lasioglossum sp.,order | family | genus | species,NA,NA,NA,NA,Lasioglossum sp.
7012,NA,NA,NA,Andrenidae,NA,Perdita,no:match,no:match,NA,NA,01_2013TX_067,NA,Hymenoptera,NA,Hymenoptera | Andrenidae | Perdita | Perdita sp.,order | family | genus | species,NA,NA,NA,NA,Perdita sp.
7015,NA,NA,NA,Colletidae,NA,Colletes,no:match,no:match,NA,NA,01_2013TX_043,NA,Hymenoptera,NA,Hymenoptera | Colletidae | Colletes | Colletes sp.,order | family | genus | species,NA,NA,NA,NA,Colletes sp.
7017,NA,NA,NA,Andrenidae,NA,Perdita,no:match,no:match,NA,NA,01_2013TX_013,NA,Hymenoptera,NA,Hymenoptera | Andrenidae | Perdita | Perdita sp.,order | family | genus | species,NA,NA,NA,NA,Perdita sp.
7018,NA,NA,NA,Halictidae,NA,Lasioglossum,no:match,no:match,NA,NA,01_2013ND_197,NA,Hymenoptera,NA,Hymenoptera | Halictidae | Lasioglossum | Lasioglossum sp.,order | family | genus | species,NA,NA,NA,NA,Lasioglossum sp.
7019,NA,NA,NA,Halictidae,NA,Lasioglossum,no:match,no:match,NA,NA,01_2013ND_196,NA,Hymenoptera,NA,Hymenoptera | Halictidae | Lasioglossum | Lasioglossum sp.,order | family | genus | species,NA,NA,NA,NA,Lasioglossum sp.
7020,NA,NA,NA,Halictidae,NA,Lasioglossum,no:match,no:match,NA,NA,01_2013ND_195,NA,Hymenoptera,NA,Hymenoptera | Halictidae | Lasioglossum | Lasioglossum sp.,order | family | genus | species,NA,NA,NA,NA,Lasioglossum sp.
7022,NA,NA,NA,Halictidae,NA,Lasioglossum,no:match,no:match,NA,NA,01_2013ND_193,NA,Hymenoptera,NA,Hymenoptera | Halictidae | Lasioglossum | Lasioglossum sp.,order | family | genus | species,NA,NA,NA,NA,Lasioglossum sp.
7027,NA,NA,NA,Apidae,NA,Ceratina,no:match,no:match,NA,NA,01_2013ND_186,NA,Hymenoptera,NA,Hymenoptera | Apidae | Ceratina | Ceratina calcarata/dupla,order | family | genus | species,NA,NA,NA,NA,Ceratina calcarata/dupla
7028,NA,NA,NA,Halictidae,NA,Lasioglossum,no:match,no:match,NA,NA,01_2013ND_184,NA,Hymenoptera,NA,Hymenoptera | Halictidae | Lasioglossum | Lasioglossum sp.,order | family | genus | species,NA,NA,NA,NA,Lasioglossum sp.
7032,NA,NA,NA,Halictidae,NA,Lasioglossum,no:match,no:match,NA,NA,01_2013ND_176,NA,Hymenoptera,NA,Hymenoptera | Halictidae | Lasioglossum | Lasioglossum sp.,order | family | genus | species,NA,NA,NA,NA,Lasioglossum sp.
7036,NA,NA,NA,Halictidae,NA,Lasioglossum,no:match,no:match,NA,NA,01_2013ND_172,NA,Hymenoptera,NA,Hymenoptera | Halictidae | Lasioglossum | Lasioglossum sp.,order | family | genus | species,NA,NA,NA,NA,Lasioglossum sp.
7041,NA,NA,NA,Andrenidae,NA,Andrena,no:match,no:match,NA,NA,01_2013ND_166,NA,Hymenoptera,NA,Hymenoptera | Andrenidae | Andrena | Andrena sp.,order | family | genus | species,NA,NA,NA,NA,Andrena sp.
7053,NA,NA,NA,Andrenidae,NA,Andrena,no:match,no:match,NA,NA,01_2013ND_152,NA,Hymenoptera,NA,Hymenoptera | Andrenidae | Andrena | Andrena sp.,order | family | genus | species,NA,NA,NA,NA,Andrena sp.
7065,NA,NA,NA,Andrenidae,NA,Andrena,no:match,no:match,NA,NA,01_2013ND_139,NA,Hymenoptera,NA,Hymenoptera | Andrenidae | Andrena | Andrena sp.,order | family | genus | species,NA,NA,NA,NA,Andrena sp.
7071,NA,NA,NA,Andrenidae,NA,Protandrena,no:match,no:match,NA,NA,01_2013ND_132,NA,Hymenoptera,NA,Hymenoptera | Andrenidae | Protandrena | Protandrena sp.,order | family | genus | species,NA,NA,NA,NA,Protandrena sp.
7072,NA,NA,NA,Andrenidae,NA,Protandrena,no:match,no:match,NA,NA,01_2013ND_131,NA,Hymenoptera,NA,Hymenoptera | Andrenidae | Protandrena | Protandrena sp.,order | family | genus | species,NA,NA,NA,NA,Protandrena sp.
7073,NA,NA,NA,Andrenidae,NA,Andrena,no:match,no:match,NA,NA,01_2013ND_130,NA,Hymenoptera,NA,Hymenoptera | Andrenidae | Andrena | Andrena sp.,order | family | genus | species,NA,NA,NA,NA,Andrena sp.
7075,NA,NA,NA,Halictidae,NA,Lasioglossum,no:match,no:match,NA,NA,01_2013ND_126,NA,Hymenoptera,NA,Hymenoptera | Halictidae | Lasioglossum | Lasioglossum sp.,order | family | genus | species,NA,NA,NA,NA,Lasioglossum sp.
7076,NA,NA,NA,Halictidae,NA,Lasioglossum,no:match,no:match,NA,NA,01_2013ND_125,NA,Hymenoptera,NA,Hymenoptera | Halictidae | Lasioglossum | Lasioglossum sp.,order | family | genus | species,NA,NA,NA,NA,Lasioglossum sp.
7080,NA,NA,NA,Halictidae,NA,Lasioglossum,no:match,no:match,NA,NA,01_2013ND_121,NA,Hymenoptera,NA,Hymenoptera | Halictidae | Lasioglossum | Lasioglossum sp.,order | family | genus | species,NA,NA,NA,NA,Lasioglossum sp.
7081,NA,NA,NA,Halictidae,NA,Lasioglossum,no:match,no:match,NA,NA,01_2013ND_120,NA,Hymenoptera,NA,Hymenoptera | Halictidae | Lasioglossum | Lasioglossum sp.,order | family | genus | species,NA,NA,NA,NA,Lasioglossum sp.
7082,NA,NA,NA,Halictidae,NA,Lasioglossum,no:match,no:match,NA,NA,01_2013ND_119,NA,Hymenoptera,NA,Hymenoptera | Halictidae | Lasioglossum | Lasioglossum sp.,order | family | genus | species,NA,NA,NA,NA,Lasioglossum sp.
7086,NA,NA,NA,Halictidae,NA,Lasioglossum,no:match,no:match,NA,NA,01_2013ND_112,NA,Hymenoptera,NA,Hymenoptera | Halictidae | Lasioglossum | Lasioglossum sp.,order | family | genus | species,NA,NA,NA,NA,Lasioglossum sp.
7088,NA,NA,NA,Andrenidae,NA,Andrena,no:match,no:match,NA,NA,01_2013ND_110,NA,Hymenoptera,NA,Hymenoptera | Andrenidae | Andrena | Andrena sp.,order | family | genus | species,NA,NA,NA,NA,Andrena sp.
7089,NA,NA,NA,Andrenidae,NA,Andrena,no:match,no:match,NA,NA,01_2013ND_109,NA,Hymenoptera,NA,Hymenoptera | Andrenidae | Andrena | Andrena sp.,order | family | genus | species,NA,NA,NA,NA,Andrena sp.
7090,NA,NA,NA,Andrenidae,NA,Andrena,no:match,no:match,NA,NA,01_2013ND_107,NA,Hymenoptera,NA,Hymenoptera | Andrenidae | Andrena | Andrena sp.,order | family | genus | species,NA,NA,NA,NA,Andrena sp.
7092,NA,NA,NA,Andrenidae,NA,Andrena,no:match,no:match,NA,NA,01_2013ND_104,NA,Hymenoptera,NA,Hymenoptera | Andrenidae | Andrena | Andrena sp.,order | family | genus | species,NA,NA,NA,NA,Andrena sp.
7094,NA,NA,NA,Apidae,NA,Ceratina,no:match,no:match,NA,NA,01_2013ND_102,NA,Hymenoptera,NA,Hymenoptera | Apidae | Ceratina | Ceratina calcarata/dupla,order | family | genus | species,NA,NA,NA,NA,Ceratina calcarata/dupla
7095,NA,NA,NA,Halictidae,NA,Lasioglossum,no:match,no:match,NA,NA,01_2013ND_101,NA,Hymenoptera,NA,Hymenoptera | Halictidae | Lasioglossum | Lasioglossum sp.,order | family | genus | species,NA,NA,NA,NA,Lasioglossum sp.
7096,NA,NA,NA,Halictidae,NA,Lasioglossum,no:match,no:match,NA,NA,01_2013ND_098,NA,Hymenoptera,NA,Hymenoptera | Halictidae | Lasioglossum | Lasioglossum sp.,order | family | genus | species,NA,NA,NA,NA,Lasioglossum sp.
7097,NA,NA,NA,Halictidae,NA,Sphecodes,no:match,no:match,NA,NA,01_2013ND_097,NA,Hymenoptera,NA,Hymenoptera | Halictidae | Sphecodes | Sphecodes sp.,order | family | genus | species,NA,NA,NA,NA,Sphecodes sp.
7098,NA,NA,NA,Apidae,NA,Ceratina,no:match,no:match,NA,NA,01_2013ND_094,NA,Hymenoptera,NA,Hymenoptera | Apidae | Ceratina | Ceratina calcarata/dupla,order | family | genus | species,NA,NA,NA,NA,Ceratina calcarata/dupla
7099,NA,NA,NA,Halictidae,NA,Lasioglossum,no:match,no:match,NA,NA,01_2013ND_091,NA,Hymenoptera,NA,Hymenoptera | Halictidae | Lasioglossum | Lasioglossum sp.,order | family | genus | species,NA,NA,NA,NA,Lasioglossum sp.
7101,NA,NA,NA,Halictidae,NA,Lasioglossum,no:match,no:match,NA,NA,01_2013ND_089,NA,Hymenoptera,NA,Hymenoptera | Halictidae | Lasioglossum | Lasioglossum sp.,order | family | genus | species,NA,NA,NA,NA,Lasioglossum sp.
7102,NA,NA,NA,Apidae,NA,Ceratina,no:match,no:match,NA,NA,01_2013ND_088,NA,Hymenoptera,NA,Hymenoptera | Apidae | Ceratina | Ceratina calcarata/dupla,order | family | genus | species,NA,NA,NA,NA,Ceratina calcarata/dupla
7103,NA,NA,NA,Halictidae,NA,Lasioglossum,no:match,no:match,NA,NA,01_2013ND_087,NA,Hymenoptera,NA,Hymenoptera | Halictidae | Lasioglossum | Lasioglossum sp.,order | family | genus | species,NA,NA,NA,NA,Lasioglossum sp.
7105,NA,NA,NA,Halictidae,NA,Lasioglossum,no:match,no:match,NA,NA,01_2013ND_083,NA,Hymenoptera,NA,Hymenoptera | Halictidae | Lasioglossum | Lasioglossum sp.,order | family | genus | species,NA,NA,NA,NA,Lasioglossum sp.
7106,NA,NA,NA,Andrenidae,NA,Andrena,no:match,no:match,NA,NA,01_2013ND_082,NA,Hymenoptera,NA,Hymenoptera | Andrenidae | Andrena | Andrena sp.,order | family | genus | species,NA,NA,NA,NA,Andrena sp.
7107,NA,NA,NA,Halictidae,NA,Lasioglossum,no:match,no:match,NA,NA,01_2013ND_081,NA,Hymenoptera,NA,Hymenoptera | Halictidae | Lasioglossum | Lasioglossum sp.,order | family | genus | species,NA,NA,NA,NA,Lasioglossum sp.
7109,NA,NA,NA,Halictidae,NA,Lasioglossum,no:match,no:match,NA,NA,01_2013ND_079,NA,Hymenoptera,NA,Hymenoptera | Halictidae | Lasioglossum | Lasioglossum sp.,order | family | genus | species,NA,NA,NA,NA,Lasioglossum sp.
7110,NA,NA,NA,Andrenidae,NA,Andrena,no:match,no:match,NA,NA,01_2013ND_078,NA,Hymenoptera,NA,Hymenoptera | Andrenidae | Andrena | Andrena sp.,order | family | genus | species,NA,NA,NA,NA,Andrena sp.
7112,NA,NA,NA,Halictidae,NA,Lasioglossum,no:match,no:match,NA,NA,01_2013ND_075,NA,Hymenoptera,NA,Hymenoptera | Halictidae | Lasioglossum | Lasioglossum sp.,order | family | genus | species,NA,NA,NA,NA,Lasioglossum sp.
7113,NA,NA,NA,Andrenidae,NA,Andrena,no:match,no:match,NA,NA,01_2013ND_071,NA,Hymenoptera,NA,Hymenoptera | Andrenidae | Andrena | Andrena sp.,order | family | genus | species,NA,NA,NA,NA,Andrena sp.
7115,NA,NA,NA,Andrenidae,NA,Andrena,no:match,no:match,NA,NA,01_2013ND_069,NA,Hymenoptera,NA,Hymenoptera | Andrenidae | Andrena | Andrena sp.,order | family | genus | species,NA,NA,NA,NA,Andrena sp.
7117,NA,NA,NA,Andrenidae,NA,Protandrena,no:match,no:match,NA,NA,01_2013ND_066,NA,Hymenoptera,NA,Hymenoptera | Andrenidae | Protandrena | Protandrena sp.,order | family | genus | species,NA,NA,NA,NA,Protandrena sp.
7118,NA,NA,NA,Andrenidae,NA,Andrena,no:match,no:match,NA,NA,01_2013ND_065,NA,Hymenoptera,NA,Hymenoptera | Andrenidae | Andrena | Andrena sp.,order | family | genus | species,NA,NA,NA,NA,Andrena sp.
7120,NA,NA,NA,Andrenidae,NA,Protandrena,no:match,no:match,NA,NA,01_2013ND_063,NA,Hymenoptera,NA,Hymenoptera | Andrenidae | Protandrena | Protandrena sp.,order | family | genus | species,NA,NA,NA,NA,Protandrena sp.
7121,NA,NA,NA,Halictidae,NA,Lasioglossum,no:match,no:match,NA,NA,01_2013ND_062,NA,Hymenoptera,NA,Hymenoptera | Halictidae | Lasioglossum | Lasioglossum sp.,order | family | genus | species,NA,NA,NA,NA,Lasioglossum sp.
7122,NA,NA,NA,Andrenidae,NA,Andrena,no:match,no:match,NA,NA,01_2013ND_061,NA,Hymenoptera,NA,Hymenoptera | Andrenidae | Andrena | Andrena sp.,order | family | genus | species,NA,NA,NA,NA,Andrena sp.
7124,NA,NA,NA,Andrenidae,NA,Andrena,no:match,no:match,NA,NA,01_2013ND_057,NA,Hymenoptera,NA,Hymenoptera | Andrenidae | Andrena | Andrena sp.,order | family | genus | species,NA,NA,NA,NA,Andrena sp.
7126,NA,NA,NA,Halictidae,NA,Lasioglossum,no:match,no:match,NA,NA,01_2013ND_052,NA,Hymenoptera,NA,Hymenoptera | Halictidae | Lasioglossum | Lasioglossum sp.,order | family | genus | species,NA,NA,NA,NA,Lasioglossum sp.
7127,NA,NA,NA,Halictidae,NA,Lasioglossum,no:match,no:match,NA,NA,01_2013ND_051,NA,Hymenoptera,NA,Hymenoptera | Halictidae | Lasioglossum | Lasioglossum sp.,order | family | genus | species,NA,NA,NA,NA,Lasioglossum sp.
7128,NA,NA,NA,Halictidae,NA,Lasioglossum,no:match,no:match,NA,NA,01_2013ND_050,NA,Hymenoptera,NA,Hymenoptera | Halictidae | Lasioglossum | Lasioglossum sp.,order | family | genus | species,NA,NA,NA,NA,Lasioglossum sp.
7131,NA,NA,NA,Halictidae,NA,Lasioglossum,no:match,no:match,NA,NA,01_2013ND_045,NA,Hymenoptera,NA,Hymenoptera | Halictidae | Lasioglossum | Lasioglossum sp.,order | family | genus | species,NA,NA,NA,NA,Lasioglossum sp.
7132,NA,NA,NA,Halictidae,NA,Lasioglossum,no:match,no:match,NA,NA,01_2013ND_044,NA,Hymenoptera,NA,Hymenoptera | Halictidae | Lasioglossum | Lasioglossum sp.,order | family | genus | species,NA,NA,NA,NA,Lasioglossum sp.
7133,NA,NA,NA,Halictidae,NA,Lasioglossum,no:match,no:match,NA,NA,01_2013ND_043,NA,Hymenoptera,NA,Hymenoptera | Halictidae | Lasioglossum | Lasioglossum sp.,order | family | genus | species,NA,NA,NA,NA,Lasioglossum sp.
7136,NA,NA,NA,Halictidae,NA,Lasioglossum,no:match,no:match,NA,NA,01_2013ND_038,NA,Hymenoptera,NA,Hymenoptera | Halictidae | Lasioglossum | Lasioglossum sp.,order | family | genus | species,NA,NA,NA,NA,Lasioglossum sp.
7137,NA,NA,NA,Halictidae,NA,Lasioglossum,no:match,no:match,NA,NA,01_2013ND_037,NA,Hymenoptera,NA,Hymenoptera | Halictidae | Lasioglossum | Lasioglossum sp.,order | family | genus | species,NA,NA,NA,NA,Lasioglossum sp.
7138,NA,NA,NA,Halictidae,NA,Lasioglossum,no:match,no:match,NA,NA,01_2013ND_036,NA,Hymenoptera,NA,Hymenoptera | Halictidae | Lasioglossum | Lasioglossum sp.,order | family | genus | species,NA,NA,NA,NA,Lasioglossum sp.
7140,NA,NA,NA,Apidae,NA,Ceratina,no:match,no:match,NA,NA,01_2013ND_031,NA,Hymenoptera,NA,Hymenoptera | Apidae | Ceratina | Ceratina calcarata/dupla,order | family | genus | species,NA,NA,NA,NA,Ceratina calcarata/dupla
7141,NA,NA,NA,Halictidae,NA,Lasioglossum,no:match,no:match,NA,NA,01_2013ND_029,NA,Hymenoptera,NA,Hymenoptera | Halictidae | Lasioglossum | Lasioglossum sp.,order | family | genus | species,NA,NA,NA,NA,Lasioglossum sp.
7142,NA,NA,NA,Andrenidae,NA,Andrena,no:match,no:match,NA,NA,01_2013ND_026,NA,Hymenoptera,NA,Hymenoptera | Andrenidae | Andrena | Andrena sp.,order | family | genus | species,NA,NA,NA,NA,Andrena sp.
7145,NA,NA,NA,Halictidae,NA,Lasioglossum,no:match,no:match,NA,NA,01_2013ND_021,NA,Hymenoptera,NA,Hymenoptera | Halictidae | Lasioglossum | Lasioglossum sp.,order | family | genus | species,NA,NA,NA,NA,Lasioglossum sp.
7146,NA,NA,NA,Halictidae,NA,Lasioglossum,no:match,no:match,NA,NA,01_2013ND_020,NA,Hymenoptera,NA,Hymenoptera | Halictidae | Lasioglossum | Lasioglossum sp.,order | family | genus | species,NA,NA,NA,NA,Lasioglossum sp.
7147,NA,NA,NA,Halictidae,NA,Lasioglossum,no:match,no:match,NA,NA,01_2013ND_018,NA,Hymenoptera,NA,Hymenoptera | Halictidae | Lasioglossum | Lasioglossum sp.,order | family | genus | species,NA,NA,NA,NA,Lasioglossum sp.
7155,NA,NA,NA,Halictidae,NA,Lasioglossum,no:match,no:match,NA,NA,01_2013ND_004,NA,Hymenoptera,NA,Hymenoptera | Halictidae | Lasioglossum | Lasioglossum sp.,order | family | genus | species,NA,NA,NA,NA,Lasioglossum sp.
7157,NA,NA,NA,Apidae,NA,Ceratina,no:match,no:match,NA,NA,01_2012ND_107,NA,Hymenoptera,NA,Hymenoptera | Apidae | Ceratina | Ceratina calcarata/dupla,order | family | genus | species,NA,NA,NA,NA,Ceratina calcarata/dupla
7158,NA,NA,NA,Andrenidae,NA,Andrena,no:match,no:match,NA,NA,01_2012ND_106,NA,Hymenoptera,NA,Hymenoptera | Andrenidae | Andrena | Andrena sp.,order | family | genus | species,NA,NA,NA,NA,Andrena sp.
7161,NA,NA,NA,Halictidae,NA,Lasioglossum,no:match,no:match,NA,NA,01_2012ND_099,NA,Hymenoptera,NA,Hymenoptera | Halictidae | Lasioglossum | Lasioglossum sp.,order | family | genus | species,NA,NA,NA,NA,Lasioglossum sp.
7164,NA,NA,NA,Apidae,NA,Ceratina,no:match,no:match,NA,NA,01_2012ND_096,NA,Hymenoptera,NA,Hymenoptera | Apidae | Ceratina | Ceratina calcarata/dupla,order | family | genus | species,NA,NA,NA,NA,Ceratina calcarata/dupla
7165,NA,NA,NA,Andrenidae,NA,Andrena,no:match,no:match,NA,NA,01_2012ND_095,NA,Hymenoptera,NA,Hymenoptera | Andrenidae | Andrena | Andrena sp.,order | family | genus | species,NA,NA,NA,NA,Andrena sp.
7166,NA,NA,NA,Andrenidae,NA,Protandrena,no:match,no:match,NA,NA,01_2012ND_093,NA,Hymenoptera,NA,Hymenoptera | Andrenidae | Protandrena | Protandrena sp.,order | family | genus | species,NA,NA,NA,NA,Protandrena sp.
7174,NA,NA,NA,Andrenidae,NA,Protandrena,no:match,no:match,NA,NA,01_2012ND_076,NA,Hymenoptera,NA,Hymenoptera | Andrenidae | Protandrena | Protandrena sp.,order | family | genus | species,NA,NA,NA,NA,Protandrena sp.
7177,NA,NA,NA,Andrenidae,NA,Protandrena,no:match,no:match,NA,NA,01_2012ND_073,NA,Hymenoptera,NA,Hymenoptera | Andrenidae | Protandrena | Protandrena sp.,order | family | genus | species,NA,NA,NA,NA,Protandrena sp.
7178,NA,NA,NA,Apidae,NA,Ceratina,no:match,no:match,NA,NA,01_2012ND_072,NA,Hymenoptera,NA,Hymenoptera | Apidae | Ceratina | Ceratina calcarata/dupla,order | family | genus | species,NA,NA,NA,NA,Ceratina calcarata/dupla
7181,NA,NA,NA,Halictidae,NA,Lasioglossum,no:match,no:match,NA,NA,01_2012ND_069,NA,Hymenoptera,NA,Hymenoptera | Halictidae | Lasioglossum | Lasioglossum sp.,order | family | genus | species,NA,NA,NA,NA,Lasioglossum sp.
7185,NA,NA,NA,Andrenidae,NA,Andrena,no:match,no:match,NA,NA,01_2012ND_064,NA,Hymenoptera,NA,Hymenoptera | Andrenidae | Andrena | Andrena sp.,order | family | genus | species,NA,NA,NA,NA,Andrena sp.
7189,NA,NA,NA,Halictidae,NA,Lasioglossum,no:match,no:match,NA,NA,01_2012ND_054,NA,Hymenoptera,NA,Hymenoptera | Halictidae | Lasioglossum | Lasioglossum sp.,order | family | genus | species,NA,NA,NA,NA,Lasioglossum sp.
7190,NA,NA,NA,Halictidae,NA,Lasioglossum,no:match,no:match,NA,NA,01_2012ND_053,NA,Hymenoptera,NA,Hymenoptera | Halictidae | Lasioglossum | Lasioglossum sp.,order | family | genus | species,NA,NA,NA,NA,Lasioglossum sp.
7191,NA,NA,NA,Apidae,NA,Ceratina,no:match,no:match,NA,NA,01_2012ND_052,NA,Hymenoptera,NA,Hymenoptera | Apidae | Ceratina | Ceratina calcarata/dupla,order | family | genus | species,NA,NA,NA,NA,Ceratina calcarata/dupla
7192,NA,NA,NA,Halictidae,NA,Lasioglossum,no:match,no:match,NA,NA,01_2012ND_051,NA,Hymenoptera,NA,Hymenoptera | Halictidae | Lasioglossum | Lasioglossum sp.,order | family | genus | species,NA,NA,NA,NA,Lasioglossum sp.
7193,NA,NA,NA,Halictidae,NA,Lasioglossum,no:match,no:match,NA,NA,01_2012ND_049,NA,Hymenoptera,NA,Hymenoptera | Halictidae | Lasioglossum | Lasioglossum sp.,order | family | genus | species,NA,NA,NA,NA,Lasioglossum sp.
7195,NA,NA,NA,Halictidae,NA,Lasioglossum,no:match,no:match,NA,NA,01_2012ND_045,NA,Hymenoptera,NA,Hymenoptera | Halictidae | Lasioglossum | Lasioglossum sp.,order | family | genus | species,NA,NA,NA,NA,Lasioglossum sp.
7199,NA,NA,NA,Halictidae,NA,Lasioglossum,no:match,no:match,NA,NA,01_2012ND_040,NA,Hymenoptera,NA,Hymenoptera | Halictidae | Lasioglossum | Lasioglossum sp.,order | family | genus | species,NA,NA,NA,NA,Lasioglossum sp.
7201,NA,NA,NA,Halictidae,NA,Lasioglossum,no:match,no:match,NA,NA,01_2012ND_038,NA,Hymenoptera,NA,Hymenoptera | Halictidae | Lasioglossum | Lasioglossum sp.,order | family | genus | species,NA,NA,NA,NA,Lasioglossum sp.
7204,NA,NA,NA,Halictidae,NA,Lasioglossum,no:match,no:match,NA,NA,01_2012ND_035,NA,Hymenoptera,NA,Hymenoptera | Halictidae | Lasioglossum | Lasioglossum sp.,order | family | genus | species,NA,NA,NA,NA,Lasioglossum sp.
7206,NA,NA,NA,Halictidae,NA,Lasioglossum,no:match,no:match,NA,NA,01_2012ND_032,NA,Hymenoptera,NA,Hymenoptera | Halictidae | Lasioglossum | Lasioglossum sp.,order | family | genus | species,NA,NA,NA,NA,Lasioglossum sp.
7207,NA,NA,NA,Halictidae,NA,Lasioglossum,no:match,no:match,NA,NA,01_2012ND_030,NA,Hymenoptera,NA,Hymenoptera | Halictidae | Lasioglossum | Lasioglossum sp.,order | family | genus | species,NA,NA,NA,NA,Lasioglossum sp.
7208,NA,NA,NA,Andrenidae,NA,Andrena,no:match,no:match,NA,NA,01_2012ND_029,NA,Hymenoptera,NA,Hymenoptera | Andrenidae | Andrena | Andrena sp.,order | family | genus | species,NA,NA,NA,NA,Andrena sp.
7209,NA,NA,NA,Andrenidae,NA,Andrena,no:match,no:match,NA,NA,01_2012ND_028,NA,Hymenoptera,NA,Hymenoptera | Andrenidae | Andrena | Andrena sp.,order | family | genus | species,NA,NA,NA,NA,Andrena sp.
7210,NA,NA,NA,Andrenidae,NA,Andrena,no:match,no:match,NA,NA,01_2012ND_011,NA,Hymenoptera,NA,Hymenoptera | Andrenidae | Andrena | Andrena sp.,order | family | genus | species,NA,NA,NA,NA,Andrena sp.
7213,NA,NA,NA,Andrenidae,NA,Andrena,no:match,no:match,NA,NA,01_2012ND_008,NA,Hymenoptera,NA,Hymenoptera | Andrenidae | Andrena | Andrena sp.,order | family | genus | species,NA,NA,NA,NA,Andrena sp.
7215,NA,NA,NA,Halictidae,NA,Lasioglossum,no:match,no:match,NA,NA,01_2012ND_006,NA,Hymenoptera,NA,Hymenoptera | Halictidae | Lasioglossum | Lasioglossum sp.,order | family | genus | species,NA,NA,NA,NA,Lasioglossum sp.
7219,NA,NA,NA,Andrenidae,NA,Andrena,no:match,no:match,NA,NA,01_2012ND_002,NA,Hymenoptera,NA,Hymenoptera | Andrenidae | Andrena | Andrena sp.,order | family | genus | species,NA,NA,NA,NA,Andrena sp.
7220,NA,NA,NA,Andrenidae,NA,Andrena,no:match,no:match,NA,NA,01_2012ND_001,NA,Hymenoptera,NA,Hymenoptera | Andrenidae | Andrena | Andrena sp.,order | family | genus | species,NA,NA,NA,NA,Andrena sp.
8287,NA,Insecta,NA,Megachilidae,NA,Megachile,ITIS:761232,GBIF:1335079 | ITIS:761232,NA,Animalia,Megachile cincta,NA,Hymenoptera,NA,Animalia | Bilateria | Protostomia | Ecdysozoa | Arthropoda | Hexapoda | Insecta | Pterygota | Neoptera | Holometabola | Hymenoptera | Apocrita | Aculeata | Apoidea | Megachilidae | Megachilinae | Megachilini | Megachile | Megachile cincta,kingdom | subkingdom | infrakingdom | superphylum | phylum | subphylum | class | subclass | infraclass | superorder | order | suborder | infraorder | superfamily | family | subfamily | tribe | genus | species,NA,Arthropoda,species,NA,Megachile cincta
106246,NA,Insecta,NA,Megachilidae,NA,Osmia,GBIF:6139374,GBIF:6139374 | ITIS:1077556,NA,Animalia,Osmia capensis,NA,Hymenoptera,NA,Animalia | Arthropoda | Insecta | Hymenoptera | Megachilidae | Osmia | Osmia capensis,kingdom | phylum | class | order | family | genus | species,NA,Arthropoda,species,NA,Osmia capensis
168080,NA,Insecta,NA,Megachilidae,NA,Megachile,GBIF:1335079,GBIF:1335079,NA,Animalia,Megachile cincta,NA,Hymenoptera,NA,Animalia | Arthropoda | Insecta | Hymenoptera | Megachilidae | Megachile | Megachile cincta,kingdom | phylum | class | order | family | genus | species,NA,Arthropoda,species,NA,Megachile cincta